[2013-10-22 09:51:23][164][INFO]service start running: service <C_Media>, exitcode <0>
[2013-10-22 09:51:23][164][INFO]service start running: service <C_Proxy>, exitcode <0>
[2013-10-22 09:51:23][164][INFO]service start running: service <C_Forwd>, exitcode <0>
[2013-10-22 09:51:23][164][INFO]service start running: service <C_RTime>, exitcode <0>
[2013-10-22 09:51:23][164][INFO]service start running: service <C_Task>, exitcode <0>
[2013-10-22 09:52:13][164][INFO]service stopped: service <C_RTime>, exitcode <0>
[2013-10-22 09:52:18][164][INFO]service start running: service <C_RTime>, exitcode <0>
[2013-10-22 09:57:38][2520][INFO]service start running: service <C_Media>, exitcode <0>
[2013-10-22 09:57:38][2520][INFO]service start running: service <C_Proxy>, exitcode <0>
[2013-10-22 09:57:38][2520][INFO]service start running: service <C_Forwd>, exitcode <0>
[2013-10-22 09:57:38][2520][INFO]service start running: service <C_RTime>, exitcode <0>
[2013-10-22 09:57:43][2520][INFO]service start running: service <C_Task>, exitcode <0>
[2013-10-24 15:37:40][2432][INFO]service start running: service <C_Media>, exitcode <0>
[2013-10-24 15:37:40][2432][INFO]service start running: service <C_Proxy>, exitcode <0>
[2013-10-24 15:37:40][2432][INFO]service start running: service <C_Forwd>, exitcode <0>
[2013-10-24 15:37:40][2432][INFO]service start running: service <C_RTime>, exitcode <0>
[2013-10-24 15:37:45][2432][INFO]service start running: service <C_Task>, exitcode <0>
[2013-11-01 16:22:10][2480][INFO]service start running: service <C_Media>, exitcode <0>
[2013-11-01 16:22:10][2480][INFO]service start running: service <C_Proxy>, exitcode <0>
[2013-11-01 16:22:10][2480][INFO]service start running: service <C_Forwd>, exitcode <0>
[2013-11-01 16:22:10][2480][INFO]service start running: service <C_RTime>, exitcode <0>
[2013-11-01 16:22:15][2480][INFO]service start running: service <C_Task>, exitcode <0>
[2013-11-07 08:43:22][2568][INFO]service start running: service <C_Media>, exitcode <0>
[2013-11-07 08:43:22][2568][INFO]service start running: service <C_Proxy>, exitcode <0>
[2013-11-07 08:43:22][2568][INFO]service start running: service <C_Forwd>, exitcode <0>
[2013-11-07 08:43:22][2568][INFO]service start running: service <C_RTime>, exitcode <0>
[2013-11-07 08:43:27][2568][INFO]service start running: service <C_Task>, exitcode <0>
[2013-11-20 10:06:47][2668][INFO]service start running: service <C_Media>, exitcode <0>
[2013-11-20 10:06:47][2668][INFO]service start running: service <C_Proxy>, exitcode <0>
[2013-11-20 10:06:47][2668][INFO]service start running: service <C_Forwd>, exitcode <0>
[2013-11-20 10:06:47][2668][INFO]service start running: service <C_RTime>, exitcode <0>
[2013-11-20 10:06:52][2668][INFO]service start running: service <C_Task>, exitcode <0>
[2013-11-20 16:01:02][2472][INFO]service start running: service <C_Media>, exitcode <0>
[2013-11-20 16:01:02][2472][INFO]service start running: service <C_Proxy>, exitcode <0>
[2013-11-20 16:01:02][2472][INFO]service start running: service <C_Forwd>, exitcode <0>
[2013-11-20 16:01:02][2472][INFO]service start running: service <C_RTime>, exitcode <0>
[2013-11-20 16:01:07][2472][INFO]service start running: service <C_Task>, exitcode <0>
[2013-11-20 16:56:28][2096][INFO]service start running: service <C_Media>, exitcode <0>
[2013-11-20 16:56:28][2096][INFO]service start running: service <C_Proxy>, exitcode <0>
[2013-11-20 16:56:28][2096][INFO]service start running: service <C_Forwd>, exitcode <0>
[2013-11-20 16:56:28][2096][INFO]service start running: service <C_RTime>, exitcode <0>
[2013-11-20 16:56:33][2096][INFO]service start running: service <C_Task>, exitcode <0>
[2013-11-21 13:21:25][2528][INFO]service start running: service <C_Media>, exitcode <0>
[2013-11-21 13:21:25][2528][INFO]service start running: service <C_Proxy>, exitcode <0>
[2013-11-21 13:21:25][2528][INFO]service start running: service <C_Forwd>, exitcode <0>
[2013-11-21 13:21:25][2528][INFO]service start running: service <C_RTime>, exitcode <0>
[2013-11-21 13:21:30][2528][INFO]service start running: service <C_Task>, exitcode <0>
[2013-11-21 17:31:38][2968][INFO]service start running: service <C_Media>, exitcode <0>
[2013-11-21 17:31:38][2968][INFO]service start running: service <C_Proxy>, exitcode <0>
[2013-11-21 17:31:38][2968][INFO]service start running: service <C_Forwd>, exitcode <0>
[2013-11-21 17:31:38][2968][INFO]service start running: service <C_RTime>, exitcode <0>
[2013-11-21 17:31:43][2968][INFO]service start running: service <C_Task>, exitcode <0>
[2013-11-22 15:53:25][2532][INFO]service start running: service <C_Media>, exitcode <0>
[2013-11-22 15:53:25][2532][INFO]service start running: service <C_Proxy>, exitcode <0>
[2013-11-22 15:53:25][2532][INFO]service start running: service <C_Forwd>, exitcode <0>
[2013-11-22 15:53:25][2532][INFO]service start running: service <C_RTime>, exitcode <0>
[2013-11-22 15:53:25][2532][INFO]service start running: service <C_Task>, exitcode <0>
[2013-11-22 17:31:08][2528][INFO]service start running: service <C_Media>, exitcode <0>
[2013-11-22 17:31:08][2528][INFO]service start running: service <C_Proxy>, exitcode <0>
[2013-11-22 17:31:08][2528][INFO]service start running: service <C_Forwd>, exitcode <0>
[2013-11-22 17:31:08][2528][INFO]service start running: service <C_RTime>, exitcode <0>
[2013-11-22 17:31:08][2528][INFO]service start running: service <C_Task>, exitcode <0>
[2013-11-23 12:52:09][2356][INFO]service start running: service <C_Media>, exitcode <0>
[2013-11-23 12:52:09][2356][INFO]service start running: service <C_Proxy>, exitcode <0>
[2013-11-23 12:52:09][2356][INFO]service start running: service <C_Forwd>, exitcode <0>
[2013-11-23 12:52:09][2356][INFO]service start running: service <C_RTime>, exitcode <0>
[2013-11-23 12:52:09][2356][INFO]service start running: service <C_Task>, exitcode <0>
[2013-11-23 17:31:07][2400][INFO]service start running: service <C_Media>, exitcode <0>
[2013-11-23 17:31:07][2400][INFO]service start running: service <C_Proxy>, exitcode <0>
[2013-11-23 17:31:07][2400][INFO]service start running: service <C_Forwd>, exitcode <0>
[2013-11-23 17:31:07][2400][INFO]service start running: service <C_RTime>, exitcode <0>
[2013-11-23 17:31:07][2400][INFO]service start running: service <C_Task>, exitcode <0>
[2013-11-24 09:46:27][2404][INFO]service start running: service <C_Media>, exitcode <0>
[2013-11-24 09:46:27][2404][INFO]service start running: service <C_Proxy>, exitcode <0>
[2013-11-24 09:46:27][2404][INFO]service start running: service <C_Forwd>, exitcode <0>
[2013-11-24 09:46:27][2404][INFO]service start running: service <C_RTime>, exitcode <0>
[2013-11-24 09:46:27][2404][INFO]service start running: service <C_Task>, exitcode <0>
[2013-11-24 13:06:06][2288][INFO]service start running: service <C_Media>, exitcode <0>
[2013-11-24 13:06:06][2288][INFO]service start running: service <C_Proxy>, exitcode <0>
[2013-11-24 13:06:06][2288][INFO]service start running: service <C_Forwd>, exitcode <0>
[2013-11-24 13:06:06][2288][INFO]service start running: service <C_RTime>, exitcode <0>
[2013-11-24 13:06:06][2288][INFO]service start running: service <C_Task>, exitcode <0>
[2013-11-24 16:25:37][2380][INFO]service start running: service <C_Media>, exitcode <0>
[2013-11-24 16:25:37][2380][INFO]service start running: service <C_Proxy>, exitcode <0>
[2013-11-24 16:25:37][2380][INFO]service start running: service <C_Forwd>, exitcode <0>
[2013-11-24 16:25:37][2380][INFO]service start running: service <C_RTime>, exitcode <0>
[2013-11-24 16:25:37][2380][INFO]service start running: service <C_Task>, exitcode <0>
[2013-11-24 17:30:37][2376][INFO]service start running: service <C_Media>, exitcode <0>
[2013-11-24 17:30:37][2376][INFO]service start running: service <C_Proxy>, exitcode <0>
[2013-11-24 17:30:37][2376][INFO]service start running: service <C_Forwd>, exitcode <0>
[2013-11-24 17:30:37][2376][INFO]service start running: service <C_RTime>, exitcode <0>
[2013-11-24 17:30:42][2376][INFO]service start running: service <C_Task>, exitcode <0>
[2013-11-25 16:39:07][2368][INFO]service start running: service <C_Media>, exitcode <0>
[2013-11-25 16:39:07][2368][INFO]service start running: service <C_Proxy>, exitcode <0>
[2013-11-25 16:39:07][2368][INFO]service start running: service <C_Forwd>, exitcode <0>
[2013-11-25 16:39:07][2368][INFO]service start running: service <C_RTime>, exitcode <0>
[2013-11-25 16:39:07][2368][INFO]service start running: service <C_Task>, exitcode <0>
[2013-11-25 17:57:40][2368][INFO]service start running: service <C_RTime>, exitcode <0>
[2013-11-26 09:37:58][2224][INFO]service start running: service <C_Media>, exitcode <0>
[2013-11-26 09:37:58][2224][INFO]service start running: service <C_Proxy>, exitcode <0>
[2013-11-26 09:37:58][2224][INFO]service start running: service <C_Forwd>, exitcode <0>
[2013-11-26 09:37:58][2224][INFO]service start running: service <C_RTime>, exitcode <0>
[2013-11-26 09:37:58][2224][INFO]service start running: service <C_Task>, exitcode <0>
[2013-11-26 17:32:04][916][INFO]service start running: service <C_Media>, exitcode <0>
[2013-11-26 17:32:04][916][INFO]service start running: service <C_Proxy>, exitcode <0>
[2013-11-26 17:32:04][916][INFO]service start running: service <C_Forwd>, exitcode <0>
[2013-11-26 17:32:04][916][INFO]service start running: service <C_RTime>, exitcode <0>
[2013-11-26 17:32:09][916][INFO]service start running: service <C_Task>, exitcode <0>
[2013-11-26 17:36:23][2244][INFO]service start running: service <C_Media>, exitcode <0>
[2013-11-26 17:36:23][2244][INFO]service start running: service <C_Proxy>, exitcode <0>
[2013-11-26 17:36:23][2244][INFO]service start running: service <C_Forwd>, exitcode <0>
[2013-11-26 17:36:23][2244][INFO]service start running: service <C_RTime>, exitcode <0>
[2013-11-26 17:36:28][2244][INFO]service start running: service <C_Task>, exitcode <0>
[2013-11-27 12:03:46][2256][INFO]service start running: service <C_Media>, exitcode <0>
[2013-11-27 12:03:46][2256][INFO]service start running: service <C_Proxy>, exitcode <0>
[2013-11-27 12:03:46][2256][INFO]service start running: service <C_Forwd>, exitcode <0>
[2013-11-27 12:03:46][2256][INFO]service start running: service <C_RTime>, exitcode <0>
[2013-11-27 12:03:46][2256][INFO]service start running: service <C_Task>, exitcode <0>
[2013-11-27 22:05:17][2276][INFO]service start running: service <C_Media>, exitcode <0>
[2013-11-27 22:05:17][2276][INFO]service start running: service <C_Proxy>, exitcode <0>
[2013-11-27 22:05:17][2276][INFO]service start running: service <C_Forwd>, exitcode <0>
[2013-11-27 22:05:17][2276][INFO]service start running: service <C_RTime>, exitcode <0>
[2013-11-27 22:05:22][2276][INFO]service start running: service <C_Task>, exitcode <0>
[2013-11-28 08:48:12][2420][INFO]service start running: service <C_Media>, exitcode <0>
[2013-11-28 08:48:12][2420][INFO]service start running: service <C_Proxy>, exitcode <0>
[2013-11-28 08:48:12][2420][INFO]service start running: service <C_Forwd>, exitcode <0>
[2013-11-28 08:48:12][2420][INFO]service start running: service <C_RTime>, exitcode <0>
[2013-11-28 08:48:17][2420][INFO]service start running: service <C_Task>, exitcode <0>
[2013-11-28 17:31:40][2428][INFO]service start running: service <C_Media>, exitcode <0>
[2013-11-28 17:31:40][2428][INFO]service start running: service <C_Proxy>, exitcode <0>
[2013-11-28 17:31:40][2428][INFO]service start running: service <C_Forwd>, exitcode <0>
[2013-11-28 17:31:40][2428][INFO]service start running: service <C_RTime>, exitcode <0>
[2013-11-28 17:31:40][2428][INFO]service start running: service <C_Task>, exitcode <0>
[2013-11-29 15:45:18][2452][INFO]service start running: service <C_Media>, exitcode <0>
[2013-11-29 15:45:18][2452][INFO]service start running: service <C_Proxy>, exitcode <0>
[2013-11-29 15:45:18][2452][INFO]service start running: service <C_Forwd>, exitcode <0>
[2013-11-29 15:45:18][2452][INFO]service start running: service <C_RTime>, exitcode <0>
[2013-11-29 15:45:18][2452][INFO]service start running: service <C_Task>, exitcode <0>
[2013-11-29 17:31:23][2392][INFO]service start running: service <C_Media>, exitcode <0>
[2013-11-29 17:31:23][2392][INFO]service start running: service <C_Proxy>, exitcode <0>
[2013-11-29 17:31:23][2392][INFO]service start running: service <C_Forwd>, exitcode <0>
[2013-11-29 17:31:23][2392][INFO]service start running: service <C_RTime>, exitcode <0>
[2013-11-29 17:31:23][2392][INFO]service start running: service <C_Task>, exitcode <0>
[2013-12-02 12:41:47][2416][INFO]service start running: service <C_Media>, exitcode <0>
[2013-12-02 12:41:47][2416][INFO]service start running: service <C_Proxy>, exitcode <0>
[2013-12-02 12:41:47][2416][INFO]service start running: service <C_Forwd>, exitcode <0>
[2013-12-02 12:41:47][2416][INFO]service start running: service <C_RTime>, exitcode <0>
[2013-12-02 12:41:47][2416][INFO]service start running: service <C_Task>, exitcode <0>
[2013-12-02 17:30:52][2276][INFO]service start running: service <C_Media>, exitcode <0>
[2013-12-02 17:30:52][2276][INFO]service start running: service <C_Proxy>, exitcode <0>
[2013-12-02 17:30:52][2276][INFO]service start running: service <C_Forwd>, exitcode <0>
[2013-12-02 17:30:52][2276][INFO]service start running: service <C_RTime>, exitcode <0>
[2013-12-02 17:30:52][2276][INFO]service start running: service <C_Task>, exitcode <0>
[2013-12-03 12:18:15][2168][INFO]service start running: service <C_Media>, exitcode <0>
[2013-12-03 12:18:15][2168][INFO]service start running: service <C_Proxy>, exitcode <0>
[2013-12-03 12:18:15][2168][INFO]service start running: service <C_Forwd>, exitcode <0>
[2013-12-03 12:18:15][2168][INFO]service start running: service <C_RTime>, exitcode <0>
[2013-12-03 12:18:20][2168][INFO]service start running: service <C_Task>, exitcode <0>
[2013-12-04 12:04:22][2248][INFO]service start running: service <C_Media>, exitcode <0>
[2013-12-04 12:04:22][2248][INFO]service start running: service <C_Proxy>, exitcode <0>
[2013-12-04 12:04:22][2248][INFO]service start running: service <C_Forwd>, exitcode <0>
[2013-12-04 12:04:22][2248][INFO]service start running: service <C_RTime>, exitcode <0>
[2013-12-04 12:04:27][2248][INFO]service start running: service <C_Task>, exitcode <0>
[2013-12-04 15:48:20][1832][INFO]service start running: service <C_Media>, exitcode <0>
[2013-12-04 15:48:20][1832][INFO]service start running: service <C_Proxy>, exitcode <0>
[2013-12-04 15:48:20][1832][INFO]service start running: service <C_Forwd>, exitcode <0>
[2013-12-04 15:48:20][1832][INFO]service start running: service <C_RTime>, exitcode <0>
[2013-12-04 15:48:25][1832][INFO]service start running: service <C_Task>, exitcode <0>
[2013-12-05 10:11:44][2184][INFO]service start running: service <C_Media>, exitcode <0>
[2013-12-05 10:11:44][2184][INFO]service start running: service <C_Proxy>, exitcode <0>
[2013-12-05 10:11:44][2184][INFO]service start running: service <C_Forwd>, exitcode <0>
[2013-12-05 10:11:44][2184][INFO]service start running: service <C_RTime>, exitcode <0>
[2013-12-05 10:11:49][2184][INFO]service start running: service <C_Task>, exitcode <0>
[2013-12-05 17:31:57][2164][INFO]service start running: service <C_Media>, exitcode <0>
[2013-12-05 17:31:57][2164][INFO]service start running: service <C_Proxy>, exitcode <0>
[2013-12-05 17:31:57][2164][INFO]service start running: service <C_Forwd>, exitcode <0>
[2013-12-05 17:31:57][2164][INFO]service start running: service <C_RTime>, exitcode <0>
[2013-12-05 17:32:02][2164][INFO]service start running: service <C_Task>, exitcode <0>
[2013-12-06 10:03:02][2160][INFO]service start running: service <C_Media>, exitcode <0>
[2013-12-06 10:03:02][2160][INFO]service start running: service <C_Proxy>, exitcode <0>
[2013-12-06 10:03:02][2160][INFO]service start running: service <C_Forwd>, exitcode <0>
[2013-12-06 10:03:02][2160][INFO]service start running: service <C_RTime>, exitcode <0>
[2013-12-06 10:03:07][2160][INFO]service start running: service <C_Task>, exitcode <0>
[2013-12-06 15:47:28][2144][INFO]service start running: service <C_Media>, exitcode <0>
[2013-12-06 15:47:28][2144][INFO]service start running: service <C_Proxy>, exitcode <0>
[2013-12-06 15:47:28][2144][INFO]service start running: service <C_Forwd>, exitcode <0>
[2013-12-06 15:47:28][2144][INFO]service start running: service <C_RTime>, exitcode <0>
[2013-12-06 15:47:33][2144][INFO]service start running: service <C_Task>, exitcode <0>
[2013-12-06 15:52:28][2136][INFO]service start running: service <C_Media>, exitcode <0>
[2013-12-06 15:52:28][2136][INFO]service start running: service <C_Proxy>, exitcode <0>
[2013-12-06 15:52:28][2136][INFO]service start running: service <C_Forwd>, exitcode <0>
[2013-12-06 15:52:28][2136][INFO]service start running: service <C_RTime>, exitcode <0>
[2013-12-06 15:52:33][2136][INFO]service start running: service <C_Task>, exitcode <0>
[2013-12-06 17:30:53][2392][INFO]service start running: service <C_Media>, exitcode <0>
[2013-12-06 17:30:53][2392][INFO]service start running: service <C_Proxy>, exitcode <0>
[2013-12-06 17:30:53][2392][INFO]service start running: service <C_Forwd>, exitcode <0>
[2013-12-06 17:30:53][2392][INFO]service start running: service <C_RTime>, exitcode <0>
[2013-12-06 17:30:58][2392][INFO]service start running: service <C_Task>, exitcode <0>
[2013-12-07 09:48:47][2348][INFO]service start running: service <C_Media>, exitcode <0>
[2013-12-07 09:48:47][2348][INFO]service start running: service <C_Proxy>, exitcode <0>
[2013-12-07 09:48:47][2348][INFO]service start running: service <C_Forwd>, exitcode <0>
[2013-12-07 09:48:47][2348][INFO]service start running: service <C_RTime>, exitcode <0>
[2013-12-07 09:48:52][2348][INFO]service start running: service <C_Task>, exitcode <0>
[2013-12-07 17:31:01][2352][INFO]service start running: service <C_Media>, exitcode <0>
[2013-12-07 17:31:01][2352][INFO]service start running: service <C_Proxy>, exitcode <0>
[2013-12-07 17:31:01][2352][INFO]service start running: service <C_Forwd>, exitcode <0>
[2013-12-07 17:31:01][2352][INFO]service start running: service <C_RTime>, exitcode <0>
[2013-12-07 17:31:06][2352][INFO]service start running: service <C_Task>, exitcode <0>
[2013-12-08 09:56:33][2396][INFO]service start running: service <C_Media>, exitcode <0>
[2013-12-08 09:56:33][2396][INFO]service start running: service <C_Proxy>, exitcode <0>
[2013-12-08 09:56:33][2396][INFO]service start running: service <C_Forwd>, exitcode <0>
[2013-12-08 09:56:33][2396][INFO]service start running: service <C_RTime>, exitcode <0>
[2013-12-08 09:56:38][2396][INFO]service start running: service <C_Task>, exitcode <0>
[2013-12-08 15:57:04][2404][INFO]service start running: service <C_Media>, exitcode <0>
[2013-12-08 15:57:04][2404][INFO]service start running: service <C_Proxy>, exitcode <0>
[2013-12-08 15:57:04][2404][INFO]service start running: service <C_Forwd>, exitcode <0>
[2013-12-08 15:57:04][2404][INFO]service start running: service <C_RTime>, exitcode <0>
[2013-12-08 15:57:09][2404][INFO]service start running: service <C_Task>, exitcode <0>
[2013-12-08 16:03:39][2396][INFO]service start running: service <C_Media>, exitcode <0>
[2013-12-08 16:03:39][2396][INFO]service start running: service <C_Proxy>, exitcode <0>
[2013-12-08 16:03:39][2396][INFO]service start running: service <C_Forwd>, exitcode <0>
[2013-12-08 16:03:39][2396][INFO]service start running: service <C_RTime>, exitcode <0>
[2013-12-08 16:03:44][2396][INFO]service start running: service <C_Task>, exitcode <0>
[2013-12-08 17:30:44][2396][INFO]service start running: service <C_Media>, exitcode <0>
[2013-12-08 17:30:44][2396][INFO]service start running: service <C_Proxy>, exitcode <0>
[2013-12-08 17:30:44][2396][INFO]service start running: service <C_Forwd>, exitcode <0>
[2013-12-08 17:30:44][2396][INFO]service start running: service <C_RTime>, exitcode <0>
[2013-12-08 17:30:49][2396][INFO]service start running: service <C_Task>, exitcode <0>
[2013-12-09 17:30:00][2392][INFO]service start running: service <C_Media>, exitcode <0>
[2013-12-09 17:30:00][2392][INFO]service start running: service <C_Proxy>, exitcode <0>
[2013-12-09 17:30:00][2392][INFO]service start running: service <C_Forwd>, exitcode <0>
[2013-12-09 17:30:00][2392][INFO]service start running: service <C_RTime>, exitcode <0>
[2013-12-09 17:30:05][2392][INFO]service start running: service <C_Task>, exitcode <0>
[2013-12-10 12:16:17][2412][INFO]service start running: service <C_Media>, exitcode <0>
[2013-12-10 12:16:17][2412][INFO]service start running: service <C_Proxy>, exitcode <0>
[2013-12-10 12:16:17][2412][INFO]service start running: service <C_Forwd>, exitcode <0>
[2013-12-10 12:16:17][2412][INFO]service start running: service <C_RTime>, exitcode <0>
[2013-12-10 12:16:22][2412][INFO]service start running: service <C_Task>, exitcode <0>
[2013-12-10 17:31:11][2428][INFO]service start running: service <C_Media>, exitcode <0>
[2013-12-10 17:31:11][2428][INFO]service start running: service <C_Proxy>, exitcode <0>
[2013-12-10 17:31:11][2428][INFO]service start running: service <C_Forwd>, exitcode <0>
[2013-12-10 17:31:11][2428][INFO]service start running: service <C_RTime>, exitcode <0>
[2013-12-10 17:31:16][2428][INFO]service start running: service <C_Task>, exitcode <0>
[2013-12-11 12:40:34][2412][INFO]service start running: service <C_Media>, exitcode <0>
[2013-12-11 12:40:34][2412][INFO]service start running: service <C_Proxy>, exitcode <0>
[2013-12-11 12:40:34][2412][INFO]service start running: service <C_Forwd>, exitcode <0>
[2013-12-11 12:40:34][2412][INFO]service start running: service <C_RTime>, exitcode <0>
[2013-12-11 12:40:39][2412][INFO]service start running: service <C_Task>, exitcode <0>
[2013-12-11 12:55:44][2432][INFO]service start running: service <C_Media>, exitcode <0>
[2013-12-11 12:55:44][2432][INFO]service start running: service <C_Proxy>, exitcode <0>
[2013-12-11 12:55:44][2432][INFO]service start running: service <C_Forwd>, exitcode <0>
[2013-12-11 12:55:44][2432][INFO]service start running: service <C_RTime>, exitcode <0>
[2013-12-11 12:55:49][2432][INFO]service start running: service <C_Task>, exitcode <0>
[2013-12-11 17:30:18][2444][INFO]service start running: service <C_Media>, exitcode <0>
[2013-12-11 17:30:18][2444][INFO]service start running: service <C_Proxy>, exitcode <0>
[2013-12-11 17:30:18][2444][INFO]service start running: service <C_Forwd>, exitcode <0>
[2013-12-11 17:30:18][2444][INFO]service start running: service <C_RTime>, exitcode <0>
[2013-12-11 17:30:23][2444][INFO]service start running: service <C_Task>, exitcode <0>
[2013-12-12 17:27:35][2444][INFO]service start running: service <C_Media>, exitcode <0>
[2013-12-12 17:27:35][2444][INFO]service start running: service <C_Proxy>, exitcode <0>
[2013-12-12 17:27:35][2444][INFO]service start running: service <C_Forwd>, exitcode <0>
[2013-12-12 17:27:35][2444][INFO]service start running: service <C_RTime>, exitcode <0>
[2013-12-12 17:27:40][2444][INFO]service start running: service <C_Task>, exitcode <0>
[2013-12-13 16:58:55][272][INFO]service start running: service <C_Media>, exitcode <0>
[2013-12-13 16:58:55][272][INFO]service start running: service <C_Proxy>, exitcode <0>
[2013-12-13 16:58:55][272][INFO]service start running: service <C_Forwd>, exitcode <0>
[2013-12-13 16:58:55][272][INFO]service start running: service <C_RTime>, exitcode <0>
[2013-12-13 16:59:00][272][INFO]service start running: service <C_Task>, exitcode <0>
[2013-12-16 11:59:15][2456][INFO]service start running: service <C_Media>, exitcode <0>
[2013-12-16 11:59:15][2456][INFO]service start running: service <C_Proxy>, exitcode <0>
[2013-12-16 11:59:15][2456][INFO]service start running: service <C_Forwd>, exitcode <0>
[2013-12-16 11:59:15][2456][INFO]service start running: service <C_RTime>, exitcode <0>
[2013-12-16 11:59:20][2456][INFO]service start running: service <C_Task>, exitcode <0>
[2013-12-16 17:27:31][2460][INFO]service start running: service <C_Media>, exitcode <0>
[2013-12-16 17:27:31][2460][INFO]service start running: service <C_Proxy>, exitcode <0>
[2013-12-16 17:27:31][2460][INFO]service start running: service <C_Forwd>, exitcode <0>
[2013-12-16 17:27:31][2460][INFO]service start running: service <C_RTime>, exitcode <0>
[2013-12-16 17:27:36][2460][INFO]service start running: service <C_Task>, exitcode <0>
[2013-12-17 17:28:17][2528][INFO]service start running: service <C_Media>, exitcode <0>
[2013-12-17 17:28:17][2528][INFO]service start running: service <C_Proxy>, exitcode <0>
[2013-12-17 17:28:17][2528][INFO]service start running: service <C_Forwd>, exitcode <0>
[2013-12-17 17:28:17][2528][INFO]service start running: service <C_RTime>, exitcode <0>
[2013-12-17 17:28:22][2528][INFO]service start running: service <C_Task>, exitcode <0>
[2013-12-18 12:11:11][2540][INFO]service start running: service <C_Media>, exitcode <0>
[2013-12-18 12:11:11][2540][INFO]service start running: service <C_Proxy>, exitcode <0>
[2013-12-18 12:11:11][2540][INFO]service start running: service <C_Forwd>, exitcode <0>
[2013-12-18 12:11:11][2540][INFO]service start running: service <C_RTime>, exitcode <0>
[2013-12-18 12:11:16][2540][INFO]service start running: service <C_Task>, exitcode <0>
[2013-12-18 17:27:23][2548][INFO]service start running: service <C_Media>, exitcode <0>
[2013-12-18 17:27:23][2548][INFO]service start running: service <C_Proxy>, exitcode <0>
[2013-12-18 17:27:23][2548][INFO]service start running: service <C_Forwd>, exitcode <0>
[2013-12-18 17:27:23][2548][INFO]service start running: service <C_RTime>, exitcode <0>
[2013-12-18 17:27:28][2548][INFO]service start running: service <C_Task>, exitcode <0>
[2013-12-19 09:40:54][2556][INFO]service start running: service <C_Media>, exitcode <0>
[2013-12-19 09:40:54][2556][INFO]service start running: service <C_Proxy>, exitcode <0>
[2013-12-19 09:40:54][2556][INFO]service start running: service <C_Forwd>, exitcode <0>
[2013-12-19 09:40:54][2556][INFO]service start running: service <C_RTime>, exitcode <0>
[2013-12-19 09:40:59][2556][INFO]service start running: service <C_Task>, exitcode <0>
[2013-12-19 17:28:06][2520][INFO]service start running: service <C_Media>, exitcode <0>
[2013-12-19 17:28:06][2520][INFO]service start running: service <C_Proxy>, exitcode <0>
[2013-12-19 17:28:06][2520][INFO]service start running: service <C_Forwd>, exitcode <0>
[2013-12-19 17:28:06][2520][INFO]service start running: service <C_RTime>, exitcode <0>
[2013-12-19 17:28:11][2520][INFO]service start running: service <C_Task>, exitcode <0>
[2013-12-20 09:54:19][2560][INFO]service start running: service <C_Media>, exitcode <0>
[2013-12-20 09:54:19][2560][INFO]service start running: service <C_Proxy>, exitcode <0>
[2013-12-20 09:54:19][2560][INFO]service start running: service <C_Forwd>, exitcode <0>
[2013-12-20 09:54:19][2560][INFO]service start running: service <C_RTime>, exitcode <0>
[2013-12-20 09:54:24][2560][INFO]service start running: service <C_Task>, exitcode <0>
[2013-12-20 17:28:00][2460][INFO]service start running: service <C_Media>, exitcode <0>
[2013-12-20 17:28:00][2460][INFO]service start running: service <C_Proxy>, exitcode <0>
[2013-12-20 17:28:00][2460][INFO]service start running: service <C_Forwd>, exitcode <0>
[2013-12-20 17:28:00][2460][INFO]service start running: service <C_RTime>, exitcode <0>
[2013-12-20 17:28:05][2460][INFO]service start running: service <C_Task>, exitcode <0>
[2013-12-22 16:58:34][2544][INFO]service start running: service <C_Media>, exitcode <0>
[2013-12-22 16:58:34][2544][INFO]service start running: service <C_Proxy>, exitcode <0>
[2013-12-22 16:58:34][2544][INFO]service start running: service <C_Forwd>, exitcode <0>
[2013-12-22 16:58:34][2544][INFO]service start running: service <C_RTime>, exitcode <0>
[2013-12-22 16:58:39][2544][INFO]service start running: service <C_Task>, exitcode <0>
[2013-12-23 09:45:52][2548][INFO]service start running: service <C_Media>, exitcode <0>
[2013-12-23 09:45:52][2548][INFO]service start running: service <C_Proxy>, exitcode <0>
[2013-12-23 09:45:52][2548][INFO]service start running: service <C_Forwd>, exitcode <0>
[2013-12-23 09:45:52][2548][INFO]service start running: service <C_RTime>, exitcode <0>
[2013-12-23 09:45:57][2548][INFO]service start running: service <C_Task>, exitcode <0>
[2013-12-23 17:42:32][2556][INFO]service start running: service <C_Media>, exitcode <0>
[2013-12-23 17:42:32][2556][INFO]service start running: service <C_Proxy>, exitcode <0>
[2013-12-23 17:42:32][2556][INFO]service start running: service <C_Forwd>, exitcode <0>
[2013-12-23 17:42:32][2556][INFO]service start running: service <C_RTime>, exitcode <0>
[2013-12-23 17:42:37][2556][INFO]service start running: service <C_Task>, exitcode <0>
[2013-12-24 09:52:58][2560][INFO]service start running: service <C_Media>, exitcode <0>
[2013-12-24 09:52:58][2560][INFO]service start running: service <C_Proxy>, exitcode <0>
[2013-12-24 09:52:58][2560][INFO]service start running: service <C_Forwd>, exitcode <0>
[2013-12-24 09:52:58][2560][INFO]service start running: service <C_RTime>, exitcode <0>
[2013-12-24 09:53:03][2560][INFO]service start running: service <C_Task>, exitcode <0>
[2013-12-24 12:04:41][2664][INFO]service start running: service <C_Media>, exitcode <0>
[2013-12-24 12:04:41][2664][INFO]service start running: service <C_Proxy>, exitcode <0>
[2013-12-24 12:04:41][2664][INFO]service start running: service <C_Forwd>, exitcode <0>
[2013-12-24 12:04:41][2664][INFO]service start running: service <C_RTime>, exitcode <0>
[2013-12-24 12:04:46][2664][INFO]service start running: service <C_Task>, exitcode <0>
[2013-12-24 12:17:32][2612][INFO]service start running: service <C_Media>, exitcode <0>
[2013-12-24 12:17:32][2612][INFO]service start running: service <C_Proxy>, exitcode <0>
[2013-12-24 12:17:32][2612][INFO]service start running: service <C_Forwd>, exitcode <0>
[2013-12-24 12:17:32][2612][INFO]service start running: service <C_RTime>, exitcode <0>
[2013-12-24 12:17:37][2612][INFO]service start running: service <C_Task>, exitcode <0>
[2013-12-24 17:32:55][2592][INFO]service start running: service <C_Media>, exitcode <0>
[2013-12-24 17:32:55][2592][INFO]service start running: service <C_Proxy>, exitcode <0>
[2013-12-24 17:32:55][2592][INFO]service start running: service <C_Forwd>, exitcode <0>
[2013-12-24 17:32:55][2592][INFO]service start running: service <C_RTime>, exitcode <0>
[2013-12-24 17:33:00][2592][INFO]service start running: service <C_Task>, exitcode <0>
[2013-12-24 18:16:38][2620][INFO]service start running: service <C_Media>, exitcode <0>
[2013-12-24 18:16:38][2620][INFO]service start running: service <C_Proxy>, exitcode <0>
[2013-12-24 18:16:38][2620][INFO]service start running: service <C_Forwd>, exitcode <0>
[2013-12-24 18:16:38][2620][INFO]service start running: service <C_RTime>, exitcode <0>
[2013-12-24 18:16:43][2620][INFO]service start running: service <C_Task>, exitcode <0>
[2013-12-25 10:02:11][2628][INFO]service start running: service <C_Media>, exitcode <0>
[2013-12-25 10:02:11][2628][INFO]service start running: service <C_Proxy>, exitcode <0>
[2013-12-25 10:02:11][2628][INFO]service start running: service <C_Forwd>, exitcode <0>
[2013-12-25 10:02:11][2628][INFO]service start running: service <C_RTime>, exitcode <0>
[2013-12-25 10:02:16][2628][INFO]service start running: service <C_Task>, exitcode <0>
[2013-12-26 10:01:42][2560][INFO]service start running: service <C_Media>, exitcode <0>
[2013-12-26 10:01:42][2560][INFO]service start running: service <C_Proxy>, exitcode <0>
[2013-12-26 10:01:42][2560][INFO]service start running: service <C_Forwd>, exitcode <0>
[2013-12-26 10:01:42][2560][INFO]service start running: service <C_RTime>, exitcode <0>
[2013-12-26 10:01:47][2560][INFO]service start running: service <C_Task>, exitcode <0>
[2013-12-26 17:32:27][2624][INFO]service start running: service <C_Media>, exitcode <0>
[2013-12-26 17:32:27][2624][INFO]service start running: service <C_Proxy>, exitcode <0>
[2013-12-26 17:32:27][2624][INFO]service start running: service <C_Forwd>, exitcode <0>
[2013-12-26 17:32:27][2624][INFO]service start running: service <C_RTime>, exitcode <0>
[2013-12-26 17:32:32][2624][INFO]service start running: service <C_Task>, exitcode <0>
[2013-12-27 12:38:27][2628][INFO]service start running: service <C_Media>, exitcode <0>
[2013-12-27 12:38:27][2628][INFO]service start running: service <C_Proxy>, exitcode <0>
[2013-12-27 12:38:27][2628][INFO]service start running: service <C_Forwd>, exitcode <0>
[2013-12-27 12:38:27][2628][INFO]service start running: service <C_RTime>, exitcode <0>
[2013-12-27 12:38:32][2628][INFO]service start running: service <C_Task>, exitcode <0>
[2014-01-02 09:46:14][2672][INFO]service start running: service <C_Media>, exitcode <0>
[2014-01-02 09:46:14][2672][INFO]service start running: service <C_Proxy>, exitcode <0>
[2014-01-02 09:46:14][2672][INFO]service start running: service <C_Forwd>, exitcode <0>
[2014-01-02 09:46:14][2672][INFO]service start running: service <C_RTime>, exitcode <0>
[2014-01-02 09:46:19][2672][INFO]service start running: service <C_Task>, exitcode <0>
[2014-01-02 17:32:45][2612][INFO]service start running: service <C_Media>, exitcode <0>
[2014-01-02 17:32:45][2612][INFO]service start running: service <C_Proxy>, exitcode <0>
[2014-01-02 17:32:45][2612][INFO]service start running: service <C_Forwd>, exitcode <0>
[2014-01-02 17:32:45][2612][INFO]service start running: service <C_RTime>, exitcode <0>
[2014-01-02 17:32:50][2612][INFO]service start running: service <C_Task>, exitcode <0>
[2014-01-03 16:20:02][2592][INFO]service start running: service <C_Media>, exitcode <0>
[2014-01-03 16:20:02][2592][INFO]service start running: service <C_Proxy>, exitcode <0>
[2014-01-03 16:20:02][2592][INFO]service start running: service <C_Forwd>, exitcode <0>
[2014-01-03 16:20:02][2592][INFO]service start running: service <C_RTime>, exitcode <0>
[2014-01-03 16:20:07][2592][INFO]service start running: service <C_Task>, exitcode <0>
[2014-01-04 17:32:43][2692][INFO]service start running: service <C_Media>, exitcode <0>
[2014-01-04 17:32:43][2692][INFO]service start running: service <C_Proxy>, exitcode <0>
[2014-01-04 17:32:43][2692][INFO]service start running: service <C_Forwd>, exitcode <0>
[2014-01-04 17:32:43][2692][INFO]service start running: service <C_RTime>, exitcode <0>
[2014-01-04 17:32:48][2692][INFO]service start running: service <C_Task>, exitcode <0>
[2014-01-05 09:46:15][2704][INFO]service start running: service <C_Media>, exitcode <0>
[2014-01-05 09:46:15][2704][INFO]service start running: service <C_Proxy>, exitcode <0>
[2014-01-05 09:46:15][2704][INFO]service start running: service <C_Forwd>, exitcode <0>
[2014-01-05 09:46:15][2704][INFO]service start running: service <C_RTime>, exitcode <0>
[2014-01-05 09:46:20][2704][INFO]service start running: service <C_Task>, exitcode <0>
[2014-01-05 17:37:30][2668][INFO]service start running: service <C_Media>, exitcode <0>
[2014-01-05 17:37:30][2668][INFO]service start running: service <C_Proxy>, exitcode <0>
[2014-01-05 17:37:30][2668][INFO]service start running: service <C_Forwd>, exitcode <0>
[2014-01-05 17:37:30][2668][INFO]service start running: service <C_RTime>, exitcode <0>
[2014-01-05 17:37:35][2668][INFO]service start running: service <C_Task>, exitcode <0>
[2014-01-06 12:01:48][2744][INFO]service start running: service <C_Media>, exitcode <0>
[2014-01-06 12:01:48][2744][INFO]service start running: service <C_Proxy>, exitcode <0>
[2014-01-06 12:01:48][2744][INFO]service start running: service <C_Forwd>, exitcode <0>
[2014-01-06 12:01:48][2744][INFO]service start running: service <C_RTime>, exitcode <0>
[2014-01-06 12:01:53][2744][INFO]service start running: service <C_Task>, exitcode <0>
[2014-01-06 16:40:16][2728][INFO]service start running: service <C_Media>, exitcode <0>
[2014-01-06 16:40:16][2728][INFO]service start running: service <C_Proxy>, exitcode <0>
[2014-01-06 16:40:16][2728][INFO]service start running: service <C_Forwd>, exitcode <0>
[2014-01-06 16:40:16][2728][INFO]service start running: service <C_RTime>, exitcode <0>
[2014-01-06 16:40:21][2728][INFO]service start running: service <C_Task>, exitcode <0>
[2014-01-06 20:51:28][2728][INFO]service start running: service <C_Media>, exitcode <0>
[2014-01-06 20:51:29][2728][INFO]service start running: service <C_Proxy>, exitcode <0>
[2014-01-06 20:51:29][2728][INFO]service start running: service <C_Forwd>, exitcode <0>
[2014-01-06 20:51:29][2728][INFO]service start running: service <C_RTime>, exitcode <0>
[2014-01-06 20:51:34][2728][INFO]service start running: service <C_Task>, exitcode <0>
[2014-01-07 09:56:31][2764][INFO]service start running: service <C_Media>, exitcode <0>
[2014-01-07 09:56:31][2764][INFO]service start running: service <C_Proxy>, exitcode <0>
[2014-01-07 09:56:31][2764][INFO]service start running: service <C_Forwd>, exitcode <0>
[2014-01-07 09:56:31][2764][INFO]service start running: service <C_RTime>, exitcode <0>
[2014-01-07 09:56:36][2764][INFO]service start running: service <C_Task>, exitcode <0>
[2014-01-07 12:04:52][2748][INFO]service start running: service <C_Media>, exitcode <0>
[2014-01-07 12:04:52][2748][INFO]service start running: service <C_Proxy>, exitcode <0>
[2014-01-07 12:04:52][2748][INFO]service start running: service <C_Forwd>, exitcode <0>
[2014-01-07 12:04:52][2748][INFO]service start running: service <C_RTime>, exitcode <0>
[2014-01-07 12:04:57][2748][INFO]service start running: service <C_Task>, exitcode <0>
[2014-01-07 12:06:42][2748][INFO]service stopped: service <C_Forwd>, exitcode <1067>
[2014-01-07 12:06:42][2748][INFO]rise service: service <C_Forwd>, exitcode <1067>
[2014-01-07 12:06:47][2748][INFO]rise service: service <C_Forwd>, exitcode <1067>
[2014-01-07 12:06:52][2748][INFO]rise service: service <C_Forwd>, exitcode <1067>
[2014-01-07 12:06:57][2748][INFO]rise service: service <C_Forwd>, exitcode <1067>
[2014-01-07 12:07:02][2748][INFO]rise service: service <C_Forwd>, exitcode <1067>
[2014-01-07 12:07:07][2748][INFO]rise service: service <C_Forwd>, exitcode <1067>
[2014-01-07 12:07:12][2748][INFO]rise service: service <C_Forwd>, exitcode <1067>
[2014-01-07 12:07:17][2748][INFO]rise service: service <C_Forwd>, exitcode <1067>
[2014-01-07 12:07:22][2748][INFO]rise service: service <C_Forwd>, exitcode <1067>
[2014-01-07 12:07:27][2748][INFO]rise service: service <C_Forwd>, exitcode <1067>
[2014-01-07 12:07:32][2748][INFO]rise service: service <C_Forwd>, exitcode <1067>
[2014-01-07 12:07:37][2748][INFO]rise service: service <C_Forwd>, exitcode <1067>
[2014-01-07 12:07:42][2748][INFO]rise service: service <C_Forwd>, exitcode <1067>
[2014-01-07 12:07:47][2748][INFO]rise service: service <C_Forwd>, exitcode <1067>
[2014-01-07 12:07:52][2748][INFO]rise service: service <C_Forwd>, exitcode <1067>
[2014-01-07 12:07:57][2748][INFO]rise service: service <C_Forwd>, exitcode <1067>
[2014-01-07 12:08:02][2748][INFO]rise service: service <C_Forwd>, exitcode <1067>
[2014-01-07 12:08:07][2748][INFO]rise service: service <C_Forwd>, exitcode <1067>
[2014-01-07 12:08:12][2748][INFO]rise service: service <C_Forwd>, exitcode <1067>
[2014-01-07 12:08:17][2748][INFO]rise service: service <C_Forwd>, exitcode <1067>
[2014-01-07 12:08:22][2748][INFO]rise service: service <C_Forwd>, exitcode <1067>
[2014-01-07 12:08:27][2748][INFO]rise service: service <C_Forwd>, exitcode <1067>
[2014-01-07 12:08:32][2748][INFO]rise service: service <C_Forwd>, exitcode <1067>
[2014-01-07 12:08:37][2748][INFO]rise service: service <C_Forwd>, exitcode <1067>
[2014-01-07 12:08:42][2748][INFO]rise service: service <C_Forwd>, exitcode <1067>
[2014-01-07 12:08:47][2748][INFO]rise service: service <C_Forwd>, exitcode <1067>
[2014-01-07 12:08:52][2748][INFO]rise service: service <C_Forwd>, exitcode <1067>
[2014-01-07 12:08:57][2748][INFO]rise service: service <C_Forwd>, exitcode <1067>
[2014-01-07 12:09:02][2748][INFO]rise service: service <C_Forwd>, exitcode <1067>
[2014-01-07 12:09:07][2748][INFO]rise service: service <C_Forwd>, exitcode <1067>
[2014-01-07 12:09:12][2748][INFO]rise service: service <C_Forwd>, exitcode <1067>
[2014-01-07 12:09:17][2748][INFO]rise service: service <C_Forwd>, exitcode <1067>
[2014-01-07 12:09:22][2748][INFO]rise service: service <C_Forwd>, exitcode <1067>
[2014-01-07 12:09:27][2748][INFO]rise service: service <C_Forwd>, exitcode <1067>
[2014-01-07 12:09:32][2748][INFO]rise service: service <C_Forwd>, exitcode <1067>
[2014-01-07 12:09:37][2748][INFO]rise service: service <C_Forwd>, exitcode <1067>
[2014-01-07 12:09:42][2748][INFO]rise service: service <C_Forwd>, exitcode <1067>
[2014-01-07 12:09:47][2748][INFO]rise service: service <C_Forwd>, exitcode <1067>
[2014-01-07 12:09:52][2748][INFO]rise service: service <C_Forwd>, exitcode <1067>
[2014-01-07 12:09:57][2748][INFO]rise service: service <C_Forwd>, exitcode <1067>
[2014-01-07 12:10:02][2748][INFO]rise service: service <C_Forwd>, exitcode <1067>
[2014-01-07 12:10:07][2748][INFO]rise service: service <C_Forwd>, exitcode <1067>
[2014-01-07 12:10:12][2748][INFO]rise service: service <C_Forwd>, exitcode <1067>
[2014-01-07 12:10:17][2748][INFO]rise service: service <C_Forwd>, exitcode <1067>
[2014-01-07 12:10:22][2748][INFO]rise service: service <C_Forwd>, exitcode <1067>
[2014-01-07 12:10:27][2748][INFO]rise service: service <C_Forwd>, exitcode <1067>
[2014-01-07 12:10:32][2748][INFO]rise service: service <C_Forwd>, exitcode <1067>
[2014-01-07 12:10:37][2748][INFO]rise service: service <C_Forwd>, exitcode <1067>
[2014-01-07 12:10:42][2748][INFO]rise service: service <C_Forwd>, exitcode <1067>
[2014-01-07 12:10:47][2748][INFO]rise service: service <C_Forwd>, exitcode <1067>
[2014-01-07 12:10:52][2748][INFO]rise service: service <C_Forwd>, exitcode <1067>
[2014-01-07 12:10:57][2748][INFO]rise service: service <C_Forwd>, exitcode <1067>
[2014-01-07 12:11:02][2748][INFO]rise service: service <C_Forwd>, exitcode <1067>
[2014-01-07 12:11:07][2748][INFO]rise service: service <C_Forwd>, exitcode <1067>
[2014-01-07 12:11:12][2748][INFO]rise service: service <C_Forwd>, exitcode <1067>
[2014-01-07 12:11:17][2748][INFO]rise service: service <C_Forwd>, exitcode <1067>
[2014-01-07 12:11:22][2748][INFO]rise service: service <C_Forwd>, exitcode <1067>
[2014-01-07 12:11:27][2748][INFO]rise service: service <C_Forwd>, exitcode <1067>
[2014-01-07 12:11:32][2748][INFO]rise service: service <C_Forwd>, exitcode <1067>
[2014-01-07 12:11:37][2748][INFO]rise service: service <C_Forwd>, exitcode <1067>
[2014-01-07 12:11:42][2748][INFO]rise service: service <C_Forwd>, exitcode <1067>
[2014-01-07 12:11:47][2748][INFO]rise service: service <C_Forwd>, exitcode <1067>
[2014-01-07 12:11:52][2748][INFO]rise service: service <C_Forwd>, exitcode <1067>
[2014-01-07 12:11:57][2748][INFO]rise service: service <C_Forwd>, exitcode <1067>
[2014-01-07 12:12:02][2748][INFO]rise service: service <C_Forwd>, exitcode <1067>
[2014-01-07 12:12:07][2748][INFO]rise service: service <C_Forwd>, exitcode <1067>
[2014-01-07 12:12:12][2748][INFO]rise service: service <C_Forwd>, exitcode <1067>
[2014-01-07 12:12:17][2748][INFO]rise service: service <C_Forwd>, exitcode <1067>
[2014-01-07 12:12:22][2748][INFO]rise service: service <C_Forwd>, exitcode <1067>
[2014-01-07 12:12:27][2748][INFO]rise service: service <C_Forwd>, exitcode <1067>
[2014-01-07 12:12:32][2748][INFO]rise service: service <C_Forwd>, exitcode <1067>
[2014-01-07 12:12:37][2748][INFO]rise service: service <C_Forwd>, exitcode <1067>
[2014-01-07 12:12:42][2748][INFO]rise service: service <C_Forwd>, exitcode <1067>
[2014-01-07 12:12:47][2748][INFO]rise service: service <C_Forwd>, exitcode <1067>
[2014-01-07 12:12:52][2748][INFO]rise service: service <C_Forwd>, exitcode <1067>
[2014-01-07 12:12:57][2748][INFO]rise service: service <C_Forwd>, exitcode <1067>
[2014-01-07 12:13:02][2748][INFO]rise service: service <C_Forwd>, exitcode <1067>
[2014-01-07 12:13:07][2748][INFO]rise service: service <C_Forwd>, exitcode <1067>
[2014-01-07 12:13:12][2748][INFO]rise service: service <C_Forwd>, exitcode <1067>
[2014-01-07 12:13:17][2748][INFO]rise service: service <C_Forwd>, exitcode <1067>
[2014-01-07 12:13:22][2748][INFO]rise service: service <C_Forwd>, exitcode <1067>
[2014-01-07 12:13:27][2748][INFO]rise service: service <C_Forwd>, exitcode <1067>
[2014-01-07 12:13:32][2748][INFO]rise service: service <C_Forwd>, exitcode <1067>
[2014-01-07 12:13:37][2748][INFO]rise service: service <C_Forwd>, exitcode <1067>
[2014-01-07 12:13:42][2748][INFO]rise service: service <C_Forwd>, exitcode <1067>
[2014-01-07 12:13:47][2748][INFO]rise service: service <C_Forwd>, exitcode <1067>
[2014-01-07 12:13:52][2748][INFO]rise service: service <C_Forwd>, exitcode <1067>
[2014-01-07 12:13:57][2748][INFO]rise service: service <C_Forwd>, exitcode <1067>
[2014-01-07 12:14:02][2748][INFO]rise service: service <C_Forwd>, exitcode <1067>
[2014-01-07 12:14:07][2748][INFO]rise service: service <C_Forwd>, exitcode <1067>
[2014-01-07 12:14:12][2748][INFO]rise service: service <C_Forwd>, exitcode <1067>
[2014-01-07 12:14:17][2748][INFO]rise service: service <C_Forwd>, exitcode <1067>
[2014-01-07 12:14:22][2748][INFO]rise service: service <C_Forwd>, exitcode <1067>
[2014-01-07 12:14:27][2748][INFO]rise service: service <C_Forwd>, exitcode <1067>
[2014-01-07 12:14:32][2748][INFO]rise service: service <C_Forwd>, exitcode <1067>
[2014-01-07 12:14:37][2748][INFO]rise service: service <C_Forwd>, exitcode <1067>
[2014-01-07 12:14:42][2748][INFO]rise service: service <C_Forwd>, exitcode <1067>
[2014-01-07 12:14:47][2748][INFO]rise service: service <C_Forwd>, exitcode <1067>
[2014-01-07 12:14:52][2748][INFO]rise service: service <C_Forwd>, exitcode <1067>
[2014-01-07 12:14:57][2748][INFO]rise service: service <C_Forwd>, exitcode <1067>
[2014-01-07 12:15:02][2748][INFO]rise service: service <C_Forwd>, exitcode <1067>
[2014-01-07 12:15:07][2748][INFO]rise service: service <C_Forwd>, exitcode <1067>
[2014-01-07 12:15:12][2748][INFO]rise service: service <C_Forwd>, exitcode <1067>
[2014-01-07 12:15:17][2748][INFO]rise service: service <C_Forwd>, exitcode <1067>
[2014-01-07 12:15:22][2748][INFO]rise service: service <C_Forwd>, exitcode <1067>
[2014-01-07 12:15:27][2748][INFO]rise service: service <C_Forwd>, exitcode <1067>
[2014-01-07 12:15:32][2748][INFO]rise service: service <C_Forwd>, exitcode <1067>
[2014-01-07 12:15:37][2748][INFO]rise service: service <C_Forwd>, exitcode <1067>
[2014-01-07 12:15:42][2748][INFO]rise service: service <C_Forwd>, exitcode <1067>
[2014-01-07 12:15:47][2748][INFO]rise service: service <C_Forwd>, exitcode <1067>
[2014-01-07 12:15:52][2748][INFO]rise service: service <C_Forwd>, exitcode <1067>
[2014-01-07 12:15:58][2748][INFO]rise service: service <C_Forwd>, exitcode <1067>
[2014-01-07 12:16:03][2748][INFO]rise service: service <C_Forwd>, exitcode <1067>
[2014-01-07 12:16:08][2748][INFO]rise service: service <C_Forwd>, exitcode <1067>
[2014-01-07 12:16:13][2748][INFO]rise service: service <C_Forwd>, exitcode <1067>
[2014-01-07 12:16:18][2748][INFO]rise service: service <C_Forwd>, exitcode <1067>
[2014-01-07 12:16:23][2748][INFO]rise service: service <C_Forwd>, exitcode <1067>
[2014-01-07 12:16:28][2748][INFO]rise service: service <C_Forwd>, exitcode <1067>
[2014-01-07 12:16:33][2748][INFO]rise service: service <C_Forwd>, exitcode <1067>
[2014-01-07 12:16:38][2748][INFO]rise service: service <C_Forwd>, exitcode <1067>
[2014-01-07 12:16:43][2748][INFO]rise service: service <C_Forwd>, exitcode <1067>
[2014-01-07 12:16:48][2748][INFO]rise service: service <C_Forwd>, exitcode <1067>
[2014-01-07 12:16:53][2748][INFO]rise service: service <C_Forwd>, exitcode <1067>
[2014-01-07 12:16:58][2748][INFO]rise service: service <C_Forwd>, exitcode <1067>
[2014-01-07 12:17:03][2748][INFO]rise service: service <C_Forwd>, exitcode <1067>
[2014-01-07 12:17:08][2748][INFO]rise service: service <C_Forwd>, exitcode <1067>
[2014-01-07 12:17:13][2748][INFO]rise service: service <C_Forwd>, exitcode <1067>
[2014-01-07 12:17:18][2748][INFO]rise service: service <C_Forwd>, exitcode <1067>
[2014-01-07 12:17:23][2748][INFO]rise service: service <C_Forwd>, exitcode <1067>
[2014-01-07 12:17:28][2748][INFO]rise service: service <C_Forwd>, exitcode <1067>
[2014-01-07 12:17:33][2748][INFO]rise service: service <C_Forwd>, exitcode <1067>
[2014-01-07 12:17:38][2748][INFO]rise service: service <C_Forwd>, exitcode <1067>
[2014-01-07 12:17:43][2748][INFO]rise service: service <C_Forwd>, exitcode <1067>
[2014-01-07 12:17:48][2748][INFO]rise service: service <C_Forwd>, exitcode <1067>
[2014-01-07 12:17:53][2748][INFO]rise service: service <C_Forwd>, exitcode <1067>
[2014-01-07 12:17:58][2748][INFO]rise service: service <C_Forwd>, exitcode <1067>
[2014-01-07 12:18:03][2748][INFO]rise service: service <C_Forwd>, exitcode <1067>
[2014-01-07 12:18:08][2748][INFO]rise service: service <C_Forwd>, exitcode <1067>
[2014-01-07 12:18:13][2748][INFO]rise service: service <C_Forwd>, exitcode <1067>
[2014-01-07 12:18:18][2748][INFO]rise service: service <C_Forwd>, exitcode <1067>
[2014-01-07 12:18:23][2748][INFO]rise service: service <C_Forwd>, exitcode <1067>
[2014-01-07 12:18:28][2748][INFO]rise service: service <C_Forwd>, exitcode <1067>
[2014-01-07 12:18:33][2748][INFO]rise service: service <C_Forwd>, exitcode <1067>
[2014-01-07 12:18:38][2748][INFO]rise service: service <C_Forwd>, exitcode <1067>
[2014-01-07 12:18:43][2748][INFO]rise service: service <C_Forwd>, exitcode <1067>
[2014-01-07 12:18:48][2748][INFO]rise service: service <C_Forwd>, exitcode <1067>
[2014-01-07 12:18:53][2748][INFO]rise service: service <C_Forwd>, exitcode <1067>
[2014-01-07 12:18:58][2748][INFO]rise service: service <C_Forwd>, exitcode <1067>
[2014-01-07 12:19:03][2748][INFO]rise service: service <C_Forwd>, exitcode <1067>
[2014-01-07 12:19:08][2748][INFO]rise service: service <C_Forwd>, exitcode <1067>
[2014-01-07 12:19:13][2748][INFO]rise service: service <C_Forwd>, exitcode <1067>
[2014-01-07 12:19:18][2748][INFO]rise service: service <C_Forwd>, exitcode <1067>
[2014-01-07 12:19:23][2748][INFO]rise service: service <C_Forwd>, exitcode <1067>
[2014-01-07 12:19:28][2748][INFO]rise service: service <C_Forwd>, exitcode <1067>
[2014-01-07 12:19:33][2748][INFO]rise service: service <C_Forwd>, exitcode <1067>
[2014-01-07 12:19:38][2748][INFO]rise service: service <C_Forwd>, exitcode <1067>
[2014-01-07 12:19:43][2748][INFO]rise service: service <C_Forwd>, exitcode <1067>
[2014-01-07 12:19:48][2748][INFO]rise service: service <C_Forwd>, exitcode <1067>
[2014-01-07 12:19:53][2748][INFO]rise service: service <C_Forwd>, exitcode <1067>
[2014-01-07 12:19:58][2748][INFO]rise service: service <C_Forwd>, exitcode <1067>
[2014-01-07 12:20:03][2748][INFO]rise service: service <C_Forwd>, exitcode <1067>
[2014-01-07 12:20:08][2748][INFO]rise service: service <C_Forwd>, exitcode <1067>
[2014-01-07 12:20:13][2748][INFO]rise service: service <C_Forwd>, exitcode <1067>
[2014-01-07 12:20:18][2748][INFO]rise service: service <C_Forwd>, exitcode <1067>
[2014-01-07 12:20:23][2748][INFO]rise service: service <C_Forwd>, exitcode <1067>
[2014-01-07 12:20:28][2748][INFO]rise service: service <C_Forwd>, exitcode <1067>
[2014-01-07 12:20:33][2748][INFO]rise service: service <C_Forwd>, exitcode <1067>
[2014-01-07 12:20:38][2748][INFO]rise service: service <C_Forwd>, exitcode <1067>
[2014-01-07 12:20:43][2748][INFO]rise service: service <C_Forwd>, exitcode <1067>
[2014-01-07 12:20:48][2748][INFO]rise service: service <C_Forwd>, exitcode <1067>
[2014-01-07 12:20:53][2748][INFO]rise service: service <C_Forwd>, exitcode <1067>
[2014-01-07 12:20:58][2748][INFO]rise service: service <C_Forwd>, exitcode <1067>
[2014-01-07 12:21:03][2748][INFO]rise service: service <C_Forwd>, exitcode <1067>
[2014-01-07 12:21:08][2748][INFO]rise service: service <C_Forwd>, exitcode <1067>
[2014-01-07 12:21:13][2748][INFO]rise service: service <C_Forwd>, exitcode <1067>
[2014-01-07 12:21:18][2748][INFO]rise service: service <C_Forwd>, exitcode <1067>
[2014-01-07 12:21:23][2748][INFO]rise service: service <C_Forwd>, exitcode <1067>
[2014-01-07 12:21:28][2748][INFO]rise service: service <C_Forwd>, exitcode <1067>
[2014-01-07 12:21:33][2748][INFO]rise service: service <C_Forwd>, exitcode <1067>
[2014-01-07 12:21:38][2748][INFO]rise service: service <C_Forwd>, exitcode <1067>
[2014-01-07 12:21:43][2748][INFO]rise service: service <C_Forwd>, exitcode <1067>
[2014-01-07 12:21:48][2748][INFO]rise service: service <C_Forwd>, exitcode <1067>
[2014-01-07 12:21:53][2748][INFO]rise service: service <C_Forwd>, exitcode <1067>
[2014-01-07 12:21:58][2748][INFO]rise service: service <C_Forwd>, exitcode <1067>
[2014-01-07 12:22:03][2748][INFO]rise service: service <C_Forwd>, exitcode <1067>
[2014-01-07 12:22:08][2748][INFO]rise service: service <C_Forwd>, exitcode <1067>
[2014-01-07 12:22:13][2748][INFO]rise service: service <C_Forwd>, exitcode <1067>
[2014-01-07 12:22:18][2748][INFO]rise service: service <C_Forwd>, exitcode <1067>
[2014-01-07 12:22:23][2748][INFO]rise service: service <C_Forwd>, exitcode <1067>
[2014-01-07 12:22:28][2748][INFO]rise service: service <C_Forwd>, exitcode <1067>
[2014-01-07 12:22:33][2748][INFO]rise service: service <C_Forwd>, exitcode <1067>
[2014-01-07 12:22:38][2748][INFO]rise service: service <C_Forwd>, exitcode <1067>
[2014-01-07 12:22:43][2748][INFO]rise service: service <C_Forwd>, exitcode <1067>
[2014-01-07 12:22:48][2748][INFO]rise service: service <C_Forwd>, exitcode <1067>
[2014-01-07 12:22:53][2748][INFO]rise service: service <C_Forwd>, exitcode <1067>
[2014-01-07 12:22:58][2748][INFO]rise service: service <C_Forwd>, exitcode <1067>
[2014-01-07 12:23:03][2748][INFO]rise service: service <C_Forwd>, exitcode <1067>
[2014-01-07 12:23:08][2748][INFO]rise service: service <C_Forwd>, exitcode <1067>
[2014-01-07 12:23:13][2748][INFO]rise service: service <C_Forwd>, exitcode <1067>
[2014-01-07 12:23:18][2748][INFO]rise service: service <C_Forwd>, exitcode <1067>
[2014-01-07 12:23:23][2748][INFO]rise service: service <C_Forwd>, exitcode <1067>
[2014-01-07 12:23:28][2748][INFO]rise service: service <C_Forwd>, exitcode <1067>
[2014-01-07 12:23:33][2748][INFO]rise service: service <C_Forwd>, exitcode <1067>
[2014-01-07 12:23:38][2748][INFO]rise service: service <C_Forwd>, exitcode <1067>
[2014-01-07 12:23:43][2748][INFO]rise service: service <C_Forwd>, exitcode <1067>
[2014-01-07 12:23:48][2748][INFO]rise service: service <C_Forwd>, exitcode <1067>
[2014-01-07 12:23:53][2748][INFO]rise service: service <C_Forwd>, exitcode <1067>
[2014-01-07 12:23:58][2748][INFO]rise service: service <C_Forwd>, exitcode <1067>
[2014-01-07 12:24:03][2748][INFO]rise service: service <C_Forwd>, exitcode <1067>
[2014-01-07 12:24:08][2748][INFO]rise service: service <C_Forwd>, exitcode <1067>
[2014-01-07 12:24:13][2748][INFO]rise service: service <C_Forwd>, exitcode <1067>
[2014-01-07 12:24:18][2748][INFO]rise service: service <C_Forwd>, exitcode <1067>
[2014-01-07 12:24:23][2748][INFO]rise service: service <C_Forwd>, exitcode <1067>
[2014-01-07 12:24:28][2748][INFO]rise service: service <C_Forwd>, exitcode <1067>
[2014-01-07 12:24:33][2748][INFO]rise service: service <C_Forwd>, exitcode <1067>
[2014-01-07 12:24:38][2748][INFO]rise service: service <C_Forwd>, exitcode <1067>
[2014-01-07 12:24:43][2748][INFO]rise service: service <C_Forwd>, exitcode <1067>
[2014-01-07 12:24:48][2748][INFO]rise service: service <C_Forwd>, exitcode <1067>
[2014-01-07 12:24:53][2748][INFO]rise service: service <C_Forwd>, exitcode <1067>
[2014-01-07 12:24:58][2748][INFO]rise service: service <C_Forwd>, exitcode <1067>
[2014-01-07 12:25:03][2748][INFO]rise service: service <C_Forwd>, exitcode <1067>
[2014-01-07 12:25:08][2748][INFO]rise service: service <C_Forwd>, exitcode <1067>
[2014-01-07 12:25:13][2748][INFO]rise service: service <C_Forwd>, exitcode <1067>
[2014-01-07 12:25:18][2748][INFO]rise service: service <C_Forwd>, exitcode <1067>
[2014-01-07 12:25:23][2748][INFO]rise service: service <C_Forwd>, exitcode <1067>
[2014-01-07 12:25:28][2748][INFO]rise service: service <C_Forwd>, exitcode <1067>
[2014-01-07 12:25:33][2748][INFO]rise service: service <C_Forwd>, exitcode <1067>
[2014-01-07 12:25:38][2748][INFO]rise service: service <C_Forwd>, exitcode <1067>
[2014-01-07 12:25:43][2748][INFO]rise service: service <C_Forwd>, exitcode <1067>
[2014-01-07 12:25:48][2748][INFO]rise service: service <C_Forwd>, exitcode <1067>
[2014-01-07 12:25:53][2748][INFO]rise service: service <C_Forwd>, exitcode <1067>
[2014-01-07 12:25:58][2748][INFO]rise service: service <C_Forwd>, exitcode <1067>
[2014-01-07 12:26:03][2748][INFO]rise service: service <C_Forwd>, exitcode <1067>
[2014-01-07 12:26:08][2748][INFO]rise service: service <C_Forwd>, exitcode <1067>
[2014-01-07 12:26:13][2748][INFO]rise service: service <C_Forwd>, exitcode <1067>
[2014-01-07 12:26:18][2748][INFO]rise service: service <C_Forwd>, exitcode <1067>
[2014-01-07 12:26:23][2748][INFO]rise service: service <C_Forwd>, exitcode <1067>
[2014-01-07 12:26:28][2748][INFO]rise service: service <C_Forwd>, exitcode <1067>
[2014-01-07 12:26:33][2748][INFO]rise service: service <C_Forwd>, exitcode <1067>
[2014-01-07 12:26:38][2748][INFO]rise service: service <C_Forwd>, exitcode <1067>
[2014-01-07 12:26:43][2748][INFO]rise service: service <C_Forwd>, exitcode <1067>
[2014-01-07 12:26:48][2748][INFO]rise service: service <C_Forwd>, exitcode <1067>
[2014-01-07 12:26:53][2748][INFO]rise service: service <C_Forwd>, exitcode <1067>
[2014-01-07 12:26:58][2748][INFO]rise service: service <C_Forwd>, exitcode <1067>
[2014-01-07 12:27:03][2748][INFO]rise service: service <C_Forwd>, exitcode <1067>
[2014-01-07 12:27:08][2748][INFO]rise service: service <C_Forwd>, exitcode <1067>
[2014-01-07 12:27:13][2748][INFO]rise service: service <C_Forwd>, exitcode <1067>
[2014-01-07 12:27:18][2748][INFO]rise service: service <C_Forwd>, exitcode <1067>
[2014-01-07 12:27:23][2748][INFO]rise service: service <C_Forwd>, exitcode <1067>
[2014-01-07 12:27:28][2748][INFO]rise service: service <C_Forwd>, exitcode <1067>
[2014-01-07 12:27:33][2748][INFO]rise service: service <C_Forwd>, exitcode <1067>
[2014-01-07 12:27:38][2748][INFO]rise service: service <C_Forwd>, exitcode <1067>
[2014-01-07 12:27:43][2748][INFO]rise service: service <C_Forwd>, exitcode <1067>
[2014-01-07 12:27:48][2748][INFO]rise service: service <C_Forwd>, exitcode <1067>
[2014-01-07 12:27:53][2748][INFO]rise service: service <C_Forwd>, exitcode <1067>
[2014-01-07 12:27:58][2748][INFO]rise service: service <C_Forwd>, exitcode <1067>
[2014-01-07 12:28:03][2748][INFO]rise service: service <C_Forwd>, exitcode <1067>
[2014-01-07 12:28:08][2748][INFO]rise service: service <C_Forwd>, exitcode <1067>
[2014-01-07 12:28:13][2748][INFO]rise service: service <C_Forwd>, exitcode <1067>
[2014-01-07 12:28:18][2748][INFO]rise service: service <C_Forwd>, exitcode <1067>
[2014-01-07 12:28:23][2748][INFO]rise service: service <C_Forwd>, exitcode <1067>
[2014-01-07 12:28:28][2748][INFO]rise service: service <C_Forwd>, exitcode <1067>
[2014-01-07 12:28:33][2748][INFO]rise service: service <C_Forwd>, exitcode <1067>
[2014-01-07 12:28:38][2748][INFO]rise service: service <C_Forwd>, exitcode <1067>
[2014-01-07 12:28:43][2748][INFO]rise service: service <C_Forwd>, exitcode <1067>
[2014-01-07 12:28:48][2748][INFO]rise service: service <C_Forwd>, exitcode <1067>
[2014-01-07 12:28:53][2748][INFO]rise service: service <C_Forwd>, exitcode <1067>
[2014-01-07 12:28:58][2748][INFO]rise service: service <C_Forwd>, exitcode <1067>
[2014-01-07 12:29:03][2748][INFO]rise service: service <C_Forwd>, exitcode <1067>
[2014-01-07 12:29:08][2748][INFO]rise service: service <C_Forwd>, exitcode <1067>
[2014-01-07 12:29:13][2748][INFO]rise service: service <C_Forwd>, exitcode <1067>
[2014-01-07 12:29:18][2748][INFO]rise service: service <C_Forwd>, exitcode <1067>
[2014-01-07 12:29:23][2748][INFO]rise service: service <C_Forwd>, exitcode <1067>
[2014-01-07 12:29:28][2748][INFO]rise service: service <C_Forwd>, exitcode <1067>
[2014-01-07 12:29:33][2748][INFO]rise service: service <C_Forwd>, exitcode <1067>
[2014-01-07 12:29:38][2748][INFO]rise service: service <C_Forwd>, exitcode <1067>
[2014-01-07 12:29:43][2748][INFO]rise service: service <C_Forwd>, exitcode <1067>
[2014-01-07 12:29:48][2748][INFO]rise service: service <C_Forwd>, exitcode <1067>
[2014-01-07 12:29:53][2748][INFO]rise service: service <C_Forwd>, exitcode <1067>
[2014-01-07 12:29:58][2748][INFO]rise service: service <C_Forwd>, exitcode <1067>
[2014-01-07 12:30:03][2748][INFO]rise service: service <C_Forwd>, exitcode <1067>
[2014-01-07 12:30:08][2748][INFO]rise service: service <C_Forwd>, exitcode <1067>
[2014-01-07 12:30:13][2748][INFO]rise service: service <C_Forwd>, exitcode <1067>
[2014-01-07 12:30:18][2748][INFO]rise service: service <C_Forwd>, exitcode <1067>
[2014-01-07 12:30:23][2748][INFO]rise service: service <C_Forwd>, exitcode <1067>
[2014-01-07 12:30:28][2748][INFO]rise service: service <C_Forwd>, exitcode <1067>
[2014-01-07 12:30:33][2748][INFO]rise service: service <C_Forwd>, exitcode <1067>
[2014-01-07 12:30:38][2748][INFO]rise service: service <C_Forwd>, exitcode <1067>
[2014-01-07 12:30:43][2748][INFO]rise service: service <C_Forwd>, exitcode <1067>
[2014-01-07 12:30:48][2748][INFO]rise service: service <C_Forwd>, exitcode <1067>
[2014-01-07 12:30:53][2748][INFO]rise service: service <C_Forwd>, exitcode <1067>
[2014-01-07 12:30:58][2748][INFO]rise service: service <C_Forwd>, exitcode <1067>
[2014-01-07 12:31:03][2748][INFO]rise service: service <C_Forwd>, exitcode <1067>
[2014-01-07 12:31:08][2748][INFO]rise service: service <C_Forwd>, exitcode <1067>
[2014-01-07 12:31:13][2748][INFO]rise service: service <C_Forwd>, exitcode <1067>
[2014-01-07 12:31:18][2748][INFO]rise service: service <C_Forwd>, exitcode <1067>
[2014-01-07 12:31:23][2748][INFO]rise service: service <C_Forwd>, exitcode <1067>
[2014-01-07 12:31:28][2748][INFO]rise service: service <C_Forwd>, exitcode <1067>
[2014-01-07 12:31:33][2748][INFO]rise service: service <C_Forwd>, exitcode <1067>
[2014-01-07 12:31:38][2748][INFO]rise service: service <C_Forwd>, exitcode <1067>
[2014-01-07 12:31:43][2748][INFO]rise service: service <C_Forwd>, exitcode <1067>
[2014-01-07 12:31:48][2748][INFO]rise service: service <C_Forwd>, exitcode <1067>
[2014-01-07 12:31:53][2748][INFO]rise service: service <C_Forwd>, exitcode <1067>
[2014-01-07 12:31:58][2748][INFO]rise service: service <C_Forwd>, exitcode <1067>
[2014-01-07 12:32:03][2748][INFO]rise service: service <C_Forwd>, exitcode <1067>
[2014-01-07 12:32:08][2748][INFO]rise service: service <C_Forwd>, exitcode <1067>
[2014-01-07 12:32:13][2748][INFO]rise service: service <C_Forwd>, exitcode <1067>
[2014-01-07 12:32:18][2748][INFO]rise service: service <C_Forwd>, exitcode <1067>
[2014-01-07 12:32:23][2748][INFO]rise service: service <C_Forwd>, exitcode <1067>
[2014-01-07 12:32:28][2748][INFO]rise service: service <C_Forwd>, exitcode <1067>
[2014-01-07 12:32:33][2748][INFO]rise service: service <C_Forwd>, exitcode <1067>
[2014-01-07 12:32:38][2748][INFO]rise service: service <C_Forwd>, exitcode <1067>
[2014-01-07 12:32:43][2748][INFO]rise service: service <C_Forwd>, exitcode <1067>
[2014-01-07 12:32:48][2748][INFO]rise service: service <C_Forwd>, exitcode <1067>
[2014-01-07 12:32:53][2748][INFO]rise service: service <C_Forwd>, exitcode <1067>
[2014-01-07 12:32:58][2748][INFO]rise service: service <C_Forwd>, exitcode <1067>
[2014-01-07 12:33:03][2748][INFO]rise service: service <C_Forwd>, exitcode <1067>
[2014-01-07 12:33:09][2748][INFO]rise service: service <C_Forwd>, exitcode <1067>
[2014-01-07 12:33:14][2748][INFO]rise service: service <C_Forwd>, exitcode <1067>
[2014-01-07 12:33:19][2748][INFO]rise service: service <C_Forwd>, exitcode <1067>
[2014-01-07 12:33:24][2748][INFO]rise service: service <C_Forwd>, exitcode <1067>
[2014-01-07 12:33:29][2748][INFO]rise service: service <C_Forwd>, exitcode <1067>
[2014-01-07 12:33:34][2748][INFO]rise service: service <C_Forwd>, exitcode <1067>
[2014-01-07 12:33:39][2748][INFO]rise service: service <C_Forwd>, exitcode <1067>
[2014-01-07 12:33:44][2748][INFO]rise service: service <C_Forwd>, exitcode <1067>
[2014-01-07 12:33:49][2748][INFO]rise service: service <C_Forwd>, exitcode <1067>
[2014-01-07 12:33:54][2748][INFO]rise service: service <C_Forwd>, exitcode <1067>
[2014-01-07 12:33:59][2748][INFO]rise service: service <C_Forwd>, exitcode <1067>
[2014-01-07 12:34:04][2748][INFO]rise service: service <C_Forwd>, exitcode <1067>
[2014-01-07 12:34:09][2748][INFO]rise service: service <C_Forwd>, exitcode <1067>
[2014-01-07 12:34:14][2748][INFO]rise service: service <C_Forwd>, exitcode <1067>
[2014-01-07 12:34:19][2748][INFO]rise service: service <C_Forwd>, exitcode <1067>
[2014-01-07 12:34:24][2748][INFO]rise service: service <C_Forwd>, exitcode <1067>
[2014-01-07 12:34:29][2748][INFO]rise service: service <C_Forwd>, exitcode <1067>
[2014-01-07 12:34:34][2748][INFO]rise service: service <C_Forwd>, exitcode <1067>
[2014-01-07 12:34:39][2748][INFO]rise service: service <C_Forwd>, exitcode <1067>
[2014-01-07 12:34:44][2748][INFO]rise service: service <C_Forwd>, exitcode <1067>
[2014-01-07 12:34:49][2748][INFO]rise service: service <C_Forwd>, exitcode <1067>
[2014-01-07 12:34:54][2748][INFO]rise service: service <C_Forwd>, exitcode <1067>
[2014-01-07 12:34:59][2748][INFO]rise service: service <C_Forwd>, exitcode <1067>
[2014-01-07 12:35:04][2748][INFO]rise service: service <C_Forwd>, exitcode <1067>
[2014-01-07 12:35:09][2748][INFO]rise service: service <C_Forwd>, exitcode <1067>
[2014-01-07 12:35:14][2748][INFO]rise service: service <C_Forwd>, exitcode <1067>
[2014-01-07 12:35:19][2748][INFO]rise service: service <C_Forwd>, exitcode <1067>
[2014-01-07 12:35:24][2748][INFO]rise service: service <C_Forwd>, exitcode <1067>
[2014-01-07 12:35:29][2748][INFO]rise service: service <C_Forwd>, exitcode <1067>
[2014-01-07 12:35:34][2748][INFO]rise service: service <C_Forwd>, exitcode <1067>
[2014-01-07 12:35:39][2748][INFO]rise service: service <C_Forwd>, exitcode <1067>
[2014-01-07 12:35:44][2748][INFO]rise service: service <C_Forwd>, exitcode <1067>
[2014-01-07 12:35:49][2748][INFO]rise service: service <C_Forwd>, exitcode <1067>
[2014-01-07 12:35:54][2748][INFO]rise service: service <C_Forwd>, exitcode <1067>
[2014-01-07 12:35:59][2748][INFO]rise service: service <C_Forwd>, exitcode <1067>
[2014-01-07 12:36:04][2748][INFO]rise service: service <C_Forwd>, exitcode <1067>
[2014-01-07 12:36:09][2748][INFO]rise service: service <C_Forwd>, exitcode <1067>
[2014-01-07 12:36:14][2748][INFO]rise service: service <C_Forwd>, exitcode <1067>
[2014-01-07 12:36:19][2748][INFO]rise service: service <C_Forwd>, exitcode <1067>
[2014-01-07 12:36:24][2748][INFO]rise service: service <C_Forwd>, exitcode <1067>
[2014-01-07 12:36:29][2748][INFO]rise service: service <C_Forwd>, exitcode <1067>
[2014-01-07 12:36:34][2748][INFO]rise service: service <C_Forwd>, exitcode <1067>
[2014-01-07 12:36:39][2748][INFO]rise service: service <C_Forwd>, exitcode <1067>
[2014-01-07 12:36:44][2748][INFO]rise service: service <C_Forwd>, exitcode <1067>
[2014-01-07 12:36:49][2748][INFO]rise service: service <C_Forwd>, exitcode <1067>
[2014-01-07 12:36:54][2748][INFO]rise service: service <C_Forwd>, exitcode <1067>
[2014-01-07 12:36:59][2748][INFO]rise service: service <C_Forwd>, exitcode <1067>
[2014-01-07 12:37:04][2748][INFO]rise service: service <C_Forwd>, exitcode <1067>
[2014-01-07 12:37:09][2748][INFO]rise service: service <C_Forwd>, exitcode <1067>
[2014-01-07 12:37:14][2748][INFO]rise service: service <C_Forwd>, exitcode <1067>
[2014-01-07 12:37:19][2748][INFO]rise service: service <C_Forwd>, exitcode <1067>
[2014-01-07 12:37:24][2748][INFO]rise service: service <C_Forwd>, exitcode <1067>
[2014-01-07 12:37:29][2748][INFO]rise service: service <C_Forwd>, exitcode <1067>
[2014-01-07 12:37:34][2748][INFO]rise service: service <C_Forwd>, exitcode <1067>
[2014-01-07 12:37:39][2748][INFO]rise service: service <C_Forwd>, exitcode <1067>
[2014-01-07 12:37:44][2748][INFO]rise service: service <C_Forwd>, exitcode <1067>
[2014-01-07 12:37:49][2748][INFO]rise service: service <C_Forwd>, exitcode <1067>
[2014-01-07 12:37:54][2748][INFO]rise service: service <C_Forwd>, exitcode <1067>
[2014-01-07 12:37:59][2748][INFO]rise service: service <C_Forwd>, exitcode <1067>
[2014-01-07 12:38:04][2748][INFO]rise service: service <C_Forwd>, exitcode <1067>
[2014-01-07 12:38:09][2748][INFO]rise service: service <C_Forwd>, exitcode <1067>
[2014-01-07 12:38:14][2748][INFO]rise service: service <C_Forwd>, exitcode <1067>
[2014-01-07 12:38:19][2748][INFO]rise service: service <C_Forwd>, exitcode <1067>
[2014-01-07 12:38:24][2748][INFO]rise service: service <C_Forwd>, exitcode <1067>
[2014-01-07 12:38:29][2748][INFO]rise service: service <C_Forwd>, exitcode <1067>
[2014-01-07 12:38:34][2748][INFO]rise service: service <C_Forwd>, exitcode <1067>
[2014-01-07 12:38:39][2748][INFO]rise service: service <C_Forwd>, exitcode <1067>
[2014-01-07 12:38:44][2748][INFO]rise service: service <C_Forwd>, exitcode <1067>
[2014-01-07 12:38:49][2748][INFO]rise service: service <C_Forwd>, exitcode <1067>
[2014-01-07 12:38:54][2748][INFO]rise service: service <C_Forwd>, exitcode <1067>
[2014-01-07 12:38:59][2748][INFO]rise service: service <C_Forwd>, exitcode <1067>
[2014-01-07 12:39:04][2748][INFO]rise service: service <C_Forwd>, exitcode <1067>
[2014-01-07 12:39:09][2748][INFO]rise service: service <C_Forwd>, exitcode <1067>
[2014-01-07 12:39:14][2748][INFO]rise service: service <C_Forwd>, exitcode <1067>
[2014-01-07 12:39:19][2748][INFO]rise service: service <C_Forwd>, exitcode <1067>
[2014-01-07 12:39:24][2748][INFO]rise service: service <C_Forwd>, exitcode <1067>
[2014-01-07 12:39:29][2748][INFO]rise service: service <C_Forwd>, exitcode <1067>
[2014-01-07 12:39:34][2748][INFO]rise service: service <C_Forwd>, exitcode <1067>
[2014-01-07 12:39:39][2748][INFO]rise service: service <C_Forwd>, exitcode <1067>
[2014-01-07 12:39:44][2748][INFO]rise service: service <C_Forwd>, exitcode <1067>
[2014-01-07 12:39:49][2748][INFO]rise service: service <C_Forwd>, exitcode <1067>
[2014-01-07 12:39:54][2748][INFO]rise service: service <C_Forwd>, exitcode <1067>
[2014-01-07 12:39:59][2748][INFO]rise service: service <C_Forwd>, exitcode <1067>
[2014-01-07 12:40:04][2748][INFO]rise service: service <C_Forwd>, exitcode <1067>
[2014-01-07 12:40:09][2748][INFO]rise service: service <C_Forwd>, exitcode <1067>
[2014-01-07 12:40:14][2748][INFO]rise service: service <C_Forwd>, exitcode <1067>
[2014-01-07 12:40:19][2748][INFO]rise service: service <C_Forwd>, exitcode <1067>
[2014-01-07 12:40:24][2748][INFO]rise service: service <C_Forwd>, exitcode <1067>
[2014-01-07 12:40:29][2748][INFO]rise service: service <C_Forwd>, exitcode <1067>
[2014-01-07 12:40:34][2748][INFO]rise service: service <C_Forwd>, exitcode <1067>
[2014-01-07 12:40:39][2748][INFO]rise service: service <C_Forwd>, exitcode <1067>
[2014-01-07 12:40:44][2748][INFO]rise service: service <C_Forwd>, exitcode <1067>
[2014-01-07 12:40:49][2748][INFO]rise service: service <C_Forwd>, exitcode <1067>
[2014-01-07 12:40:54][2748][INFO]rise service: service <C_Forwd>, exitcode <1067>
[2014-01-07 12:40:59][2748][INFO]rise service: service <C_Forwd>, exitcode <1067>
[2014-01-07 12:41:04][2748][INFO]rise service: service <C_Forwd>, exitcode <1067>
[2014-01-07 12:41:09][2748][INFO]rise service: service <C_Forwd>, exitcode <1067>
[2014-01-07 12:41:14][2748][INFO]rise service: service <C_Forwd>, exitcode <1067>
[2014-01-07 12:41:19][2748][INFO]rise service: service <C_Forwd>, exitcode <1067>
[2014-01-07 12:41:24][2748][INFO]rise service: service <C_Forwd>, exitcode <1067>
[2014-01-07 12:41:29][2748][INFO]rise service: service <C_Forwd>, exitcode <1067>
[2014-01-07 12:41:34][2748][INFO]rise service: service <C_Forwd>, exitcode <1067>
[2014-01-07 12:41:39][2748][INFO]rise service: service <C_Forwd>, exitcode <1067>
[2014-01-07 12:41:44][2748][INFO]rise service: service <C_Forwd>, exitcode <1067>
[2014-01-07 12:41:49][2748][INFO]rise service: service <C_Forwd>, exitcode <1067>
[2014-01-07 12:41:54][2748][INFO]rise service: service <C_Forwd>, exitcode <1067>
[2014-01-07 12:41:59][2748][INFO]rise service: service <C_Forwd>, exitcode <1067>
[2014-01-07 12:42:04][2748][INFO]rise service: service <C_Forwd>, exitcode <1067>
[2014-01-07 12:42:09][2748][INFO]rise service: service <C_Forwd>, exitcode <1067>
[2014-01-07 12:42:14][2748][INFO]rise service: service <C_Forwd>, exitcode <1067>
[2014-01-07 12:42:19][2748][INFO]rise service: service <C_Forwd>, exitcode <1067>
[2014-01-07 12:42:24][2748][INFO]rise service: service <C_Forwd>, exitcode <1067>
[2014-01-07 12:42:29][2748][INFO]rise service: service <C_Forwd>, exitcode <1067>
[2014-01-07 12:42:34][2748][INFO]rise service: service <C_Forwd>, exitcode <1067>
[2014-01-07 12:42:39][2748][INFO]rise service: service <C_Forwd>, exitcode <1067>
[2014-01-07 12:42:44][2748][INFO]rise service: service <C_Forwd>, exitcode <1067>
[2014-01-07 12:42:49][2748][INFO]rise service: service <C_Forwd>, exitcode <1067>
[2014-01-07 12:42:54][2748][INFO]rise service: service <C_Forwd>, exitcode <1067>
[2014-01-07 12:42:59][2748][INFO]rise service: service <C_Forwd>, exitcode <1067>
[2014-01-07 12:43:04][2748][INFO]rise service: service <C_Forwd>, exitcode <1067>
[2014-01-07 12:43:09][2748][INFO]rise service: service <C_Forwd>, exitcode <1067>
[2014-01-07 12:43:14][2748][INFO]rise service: service <C_Forwd>, exitcode <1067>
[2014-01-07 12:43:19][2748][INFO]rise service: service <C_Forwd>, exitcode <1067>
[2014-01-07 12:43:24][2748][INFO]rise service: service <C_Forwd>, exitcode <1067>
[2014-01-07 12:43:29][2748][INFO]rise service: service <C_Forwd>, exitcode <1067>
[2014-01-07 12:43:34][2748][INFO]rise service: service <C_Forwd>, exitcode <1067>
[2014-01-07 12:43:39][2748][INFO]rise service: service <C_Forwd>, exitcode <1067>
[2014-01-07 12:43:44][2748][INFO]rise service: service <C_Forwd>, exitcode <1067>
[2014-01-07 12:43:49][2748][INFO]rise service: service <C_Forwd>, exitcode <1067>
[2014-01-07 12:43:54][2748][INFO]rise service: service <C_Forwd>, exitcode <1067>
[2014-01-07 12:43:59][2748][INFO]rise service: service <C_Forwd>, exitcode <1067>
[2014-01-07 12:44:04][2748][INFO]rise service: service <C_Forwd>, exitcode <1067>
[2014-01-07 12:44:09][2748][INFO]rise service: service <C_Forwd>, exitcode <1067>
[2014-01-07 12:44:14][2748][INFO]rise service: service <C_Forwd>, exitcode <1067>
[2014-01-07 12:44:19][2748][INFO]rise service: service <C_Forwd>, exitcode <1067>
[2014-01-07 12:44:24][2748][INFO]rise service: service <C_Forwd>, exitcode <1067>
[2014-01-07 12:44:29][2748][INFO]rise service: service <C_Forwd>, exitcode <1067>
[2014-01-07 12:44:34][2748][INFO]rise service: service <C_Forwd>, exitcode <1067>
[2014-01-07 12:44:39][2748][INFO]rise service: service <C_Forwd>, exitcode <1067>
[2014-01-07 12:44:44][2748][INFO]rise service: service <C_Forwd>, exitcode <1067>
[2014-01-07 12:44:49][2748][INFO]rise service: service <C_Forwd>, exitcode <1067>
[2014-01-07 12:44:54][2748][INFO]rise service: service <C_Forwd>, exitcode <1067>
[2014-01-07 12:44:59][2748][INFO]rise service: service <C_Forwd>, exitcode <1067>
[2014-01-07 12:45:04][2748][INFO]rise service: service <C_Forwd>, exitcode <1067>
[2014-01-07 12:45:09][2748][INFO]rise service: service <C_Forwd>, exitcode <1067>
[2014-01-07 12:45:14][2748][INFO]rise service: service <C_Forwd>, exitcode <1067>
[2014-01-07 12:45:19][2748][INFO]rise service: service <C_Forwd>, exitcode <1067>
[2014-01-07 12:45:24][2748][INFO]rise service: service <C_Forwd>, exitcode <1067>
[2014-01-07 12:45:29][2748][INFO]rise service: service <C_Forwd>, exitcode <1067>
[2014-01-07 12:45:34][2748][INFO]rise service: service <C_Forwd>, exitcode <1067>
[2014-01-07 12:45:39][2748][INFO]rise service: service <C_Forwd>, exitcode <1067>
[2014-01-07 12:45:44][2748][INFO]rise service: service <C_Forwd>, exitcode <1067>
[2014-01-07 12:45:49][2748][INFO]rise service: service <C_Forwd>, exitcode <1067>
[2014-01-07 12:45:54][2748][INFO]rise service: service <C_Forwd>, exitcode <1067>
[2014-01-07 12:45:59][2748][INFO]rise service: service <C_Forwd>, exitcode <1067>
[2014-01-07 12:46:04][2748][INFO]rise service: service <C_Forwd>, exitcode <1067>
[2014-01-07 12:46:09][2748][INFO]rise service: service <C_Forwd>, exitcode <1067>
[2014-01-07 12:46:14][2748][INFO]rise service: service <C_Forwd>, exitcode <1067>
[2014-01-07 12:46:19][2748][INFO]rise service: service <C_Forwd>, exitcode <1067>
[2014-01-07 12:46:24][2748][INFO]rise service: service <C_Forwd>, exitcode <1067>
[2014-01-07 12:46:29][2748][INFO]rise service: service <C_Forwd>, exitcode <1067>
[2014-01-07 12:46:34][2748][INFO]rise service: service <C_Forwd>, exitcode <1067>
[2014-01-07 12:46:39][2748][INFO]rise service: service <C_Forwd>, exitcode <1067>
[2014-01-07 12:46:44][2748][INFO]rise service: service <C_Forwd>, exitcode <1067>
[2014-01-07 12:46:49][2748][INFO]rise service: service <C_Forwd>, exitcode <1067>
[2014-01-07 12:46:54][2748][INFO]rise service: service <C_Forwd>, exitcode <1067>
[2014-01-07 12:46:59][2748][INFO]rise service: service <C_Forwd>, exitcode <1067>
[2014-01-07 12:47:04][2748][INFO]rise service: service <C_Forwd>, exitcode <1067>
[2014-01-07 12:47:09][2748][INFO]rise service: service <C_Forwd>, exitcode <1067>
[2014-01-07 12:47:14][2748][INFO]rise service: service <C_Forwd>, exitcode <1067>
[2014-01-07 12:47:19][2748][INFO]rise service: service <C_Forwd>, exitcode <1067>
[2014-01-07 12:47:24][2748][INFO]rise service: service <C_Forwd>, exitcode <1067>
[2014-01-07 12:47:29][2748][INFO]rise service: service <C_Forwd>, exitcode <1067>
[2014-01-07 12:47:34][2748][INFO]rise service: service <C_Forwd>, exitcode <1067>
[2014-01-07 12:47:40][2748][INFO]rise service: service <C_Forwd>, exitcode <1067>
[2014-01-07 12:47:45][2748][INFO]rise service: service <C_Forwd>, exitcode <1067>
[2014-01-07 12:47:50][2748][INFO]rise service: service <C_Forwd>, exitcode <1067>
[2014-01-07 12:47:55][2748][INFO]rise service: service <C_Forwd>, exitcode <1067>
[2014-01-07 12:48:00][2748][INFO]rise service: service <C_Forwd>, exitcode <1067>
[2014-01-07 12:48:05][2748][INFO]rise service: service <C_Forwd>, exitcode <1067>
[2014-01-07 12:48:10][2748][INFO]rise service: service <C_Forwd>, exitcode <1067>
[2014-01-07 12:48:15][2748][INFO]rise service: service <C_Forwd>, exitcode <1067>
[2014-01-07 12:48:20][2748][INFO]rise service: service <C_Forwd>, exitcode <1067>
[2014-01-07 12:48:25][2748][INFO]rise service: service <C_Forwd>, exitcode <1067>
[2014-01-07 12:48:30][2748][INFO]rise service: service <C_Forwd>, exitcode <1067>
[2014-01-07 12:48:35][2748][INFO]rise service: service <C_Forwd>, exitcode <1067>
[2014-01-07 12:48:40][2748][INFO]rise service: service <C_Forwd>, exitcode <1067>
[2014-01-07 12:48:45][2748][INFO]rise service: service <C_Forwd>, exitcode <1067>
[2014-01-07 12:48:50][2748][INFO]rise service: service <C_Forwd>, exitcode <1067>
[2014-01-07 12:48:55][2748][INFO]rise service: service <C_Forwd>, exitcode <1067>
[2014-01-07 12:49:00][2748][INFO]rise service: service <C_Forwd>, exitcode <1067>
[2014-01-07 12:49:05][2748][INFO]rise service: service <C_Forwd>, exitcode <1067>
[2014-01-07 12:49:10][2748][INFO]rise service: service <C_Forwd>, exitcode <1067>
[2014-01-07 12:49:15][2748][INFO]rise service: service <C_Forwd>, exitcode <1067>
[2014-01-07 12:49:20][2748][INFO]rise service: service <C_Forwd>, exitcode <1067>
[2014-01-07 12:49:25][2748][INFO]rise service: service <C_Forwd>, exitcode <1067>
[2014-01-07 12:49:30][2748][INFO]rise service: service <C_Forwd>, exitcode <1067>
[2014-01-07 12:49:35][2748][INFO]rise service: service <C_Forwd>, exitcode <1067>
[2014-01-07 12:49:40][2748][INFO]rise service: service <C_Forwd>, exitcode <1067>
[2014-01-07 12:49:45][2748][INFO]rise service: service <C_Forwd>, exitcode <1067>
[2014-01-07 12:49:50][2748][INFO]rise service: service <C_Forwd>, exitcode <1067>
[2014-01-07 12:49:55][2748][INFO]rise service: service <C_Forwd>, exitcode <1067>
[2014-01-07 12:50:00][2748][INFO]rise service: service <C_Forwd>, exitcode <1067>
[2014-01-07 12:50:05][2748][INFO]rise service: service <C_Forwd>, exitcode <1067>
[2014-01-07 12:50:10][2748][INFO]rise service: service <C_Forwd>, exitcode <1067>
[2014-01-07 12:50:15][2748][INFO]rise service: service <C_Forwd>, exitcode <1067>
[2014-01-07 12:50:20][2748][INFO]rise service: service <C_Forwd>, exitcode <1067>
[2014-01-07 12:50:25][2748][INFO]rise service: service <C_Forwd>, exitcode <1067>
[2014-01-07 12:50:30][2748][INFO]rise service: service <C_Forwd>, exitcode <1067>
[2014-01-07 12:50:35][2748][INFO]rise service: service <C_Forwd>, exitcode <1067>
[2014-01-07 12:50:40][2748][INFO]rise service: service <C_Forwd>, exitcode <1067>
[2014-01-07 12:50:45][2748][INFO]rise service: service <C_Forwd>, exitcode <1067>
[2014-01-07 12:50:50][2748][INFO]rise service: service <C_Forwd>, exitcode <1067>
[2014-01-07 12:50:55][2748][INFO]rise service: service <C_Forwd>, exitcode <1067>
[2014-01-07 12:51:00][2748][INFO]rise service: service <C_Forwd>, exitcode <1067>
[2014-01-07 12:51:05][2748][INFO]rise service: service <C_Forwd>, exitcode <1067>
[2014-01-07 12:51:10][2748][INFO]rise service: service <C_Forwd>, exitcode <1067>
[2014-01-07 12:51:15][2748][INFO]rise service: service <C_Forwd>, exitcode <1067>
[2014-01-07 12:51:20][2748][INFO]rise service: service <C_Forwd>, exitcode <1067>
[2014-01-07 12:51:25][2748][INFO]rise service: service <C_Forwd>, exitcode <1067>
[2014-01-07 12:51:30][2748][INFO]rise service: service <C_Forwd>, exitcode <1067>
[2014-01-07 12:51:35][2748][INFO]rise service: service <C_Forwd>, exitcode <1067>
[2014-01-07 12:51:40][2748][INFO]rise service: service <C_Forwd>, exitcode <1067>
[2014-01-07 12:51:45][2748][INFO]rise service: service <C_Forwd>, exitcode <1067>
[2014-01-07 12:51:50][2748][INFO]rise service: service <C_Forwd>, exitcode <1067>
[2014-01-07 12:51:55][2748][INFO]rise service: service <C_Forwd>, exitcode <1067>
[2014-01-07 12:52:00][2748][INFO]rise service: service <C_Forwd>, exitcode <1067>
[2014-01-07 12:52:05][2748][INFO]rise service: service <C_Forwd>, exitcode <1067>
[2014-01-07 12:52:10][2748][INFO]rise service: service <C_Forwd>, exitcode <1067>
[2014-01-07 12:52:15][2748][INFO]rise service: service <C_Forwd>, exitcode <1067>
[2014-01-07 12:52:20][2748][INFO]rise service: service <C_Forwd>, exitcode <1067>
[2014-01-07 12:52:25][2748][INFO]rise service: service <C_Forwd>, exitcode <1067>
[2014-01-07 12:52:30][2748][INFO]rise service: service <C_Forwd>, exitcode <1067>
[2014-01-07 12:52:35][2748][INFO]rise service: service <C_Forwd>, exitcode <1067>
[2014-01-07 12:52:40][2748][INFO]rise service: service <C_Forwd>, exitcode <1067>
[2014-01-07 12:52:45][2748][INFO]rise service: service <C_Forwd>, exitcode <1067>
[2014-01-07 12:52:50][2748][INFO]rise service: service <C_Forwd>, exitcode <1067>
[2014-01-07 12:52:55][2748][INFO]rise service: service <C_Forwd>, exitcode <1067>
[2014-01-07 12:53:00][2748][INFO]rise service: service <C_Forwd>, exitcode <1067>
[2014-01-07 12:53:05][2748][INFO]rise service: service <C_Forwd>, exitcode <1067>
[2014-01-07 12:53:10][2748][INFO]rise service: service <C_Forwd>, exitcode <1067>
[2014-01-07 12:53:15][2748][INFO]rise service: service <C_Forwd>, exitcode <1067>
[2014-01-07 12:53:20][2748][INFO]rise service: service <C_Forwd>, exitcode <1067>
[2014-01-07 12:53:25][2748][INFO]rise service: service <C_Forwd>, exitcode <1067>
[2014-01-07 12:53:30][2748][INFO]rise service: service <C_Forwd>, exitcode <1067>
[2014-01-07 12:53:35][2748][INFO]rise service: service <C_Forwd>, exitcode <1067>
[2014-01-07 12:53:40][2748][INFO]rise service: service <C_Forwd>, exitcode <1067>
[2014-01-07 12:53:45][2748][INFO]rise service: service <C_Forwd>, exitcode <1067>
[2014-01-07 12:53:50][2748][INFO]rise service: service <C_Forwd>, exitcode <1067>
[2014-01-07 12:53:55][2748][INFO]rise service: service <C_Forwd>, exitcode <1067>
[2014-01-07 12:54:00][2748][INFO]rise service: service <C_Forwd>, exitcode <1067>
[2014-01-07 12:54:05][2748][INFO]rise service: service <C_Forwd>, exitcode <1067>
[2014-01-07 12:54:10][2748][INFO]rise service: service <C_Forwd>, exitcode <1067>
[2014-01-07 12:54:15][2748][INFO]rise service: service <C_Forwd>, exitcode <1067>
[2014-01-07 12:54:20][2748][INFO]rise service: service <C_Forwd>, exitcode <1067>
[2014-01-07 12:54:25][2748][INFO]rise service: service <C_Forwd>, exitcode <1067>
[2014-01-07 12:54:30][2748][INFO]rise service: service <C_Forwd>, exitcode <1067>
[2014-01-07 12:54:35][2748][INFO]rise service: service <C_Forwd>, exitcode <1067>
[2014-01-07 12:54:40][2748][INFO]rise service: service <C_Forwd>, exitcode <1067>
[2014-01-07 12:54:45][2748][INFO]rise service: service <C_Forwd>, exitcode <1067>
[2014-01-07 12:54:50][2748][INFO]rise service: service <C_Forwd>, exitcode <1067>
[2014-01-07 12:54:55][2748][INFO]rise service: service <C_Forwd>, exitcode <1067>
[2014-01-07 12:55:00][2748][INFO]rise service: service <C_Forwd>, exitcode <1067>
[2014-01-07 12:55:05][2748][INFO]rise service: service <C_Forwd>, exitcode <1067>
[2014-01-07 12:55:10][2748][INFO]rise service: service <C_Forwd>, exitcode <1067>
[2014-01-07 12:55:15][2748][INFO]rise service: service <C_Forwd>, exitcode <1067>
[2014-01-07 12:55:20][2748][INFO]rise service: service <C_Forwd>, exitcode <1067>
[2014-01-07 12:55:25][2748][INFO]rise service: service <C_Forwd>, exitcode <1067>
[2014-01-07 12:55:30][2748][INFO]rise service: service <C_Forwd>, exitcode <1067>
[2014-01-07 12:55:35][2748][INFO]rise service: service <C_Forwd>, exitcode <1067>
[2014-01-07 12:55:40][2748][INFO]rise service: service <C_Forwd>, exitcode <1067>
[2014-01-07 12:55:45][2748][INFO]rise service: service <C_Forwd>, exitcode <1067>
[2014-01-07 12:55:50][2748][INFO]rise service: service <C_Forwd>, exitcode <1067>
[2014-01-07 12:55:55][2748][INFO]rise service: service <C_Forwd>, exitcode <1067>
[2014-01-07 12:56:00][2748][INFO]rise service: service <C_Forwd>, exitcode <1067>
[2014-01-07 12:56:05][2748][INFO]rise service: service <C_Forwd>, exitcode <1067>
[2014-01-07 12:56:10][2748][INFO]rise service: service <C_Forwd>, exitcode <1067>
[2014-01-07 12:56:15][2748][INFO]rise service: service <C_Forwd>, exitcode <1067>
[2014-01-07 12:56:20][2748][INFO]rise service: service <C_Forwd>, exitcode <1067>
[2014-01-07 12:56:25][2748][INFO]rise service: service <C_Forwd>, exitcode <1067>
[2014-01-07 12:56:30][2748][INFO]rise service: service <C_Forwd>, exitcode <1067>
[2014-01-07 12:56:35][2748][INFO]rise service: service <C_Forwd>, exitcode <1067>
[2014-01-07 12:56:40][2748][INFO]rise service: service <C_Forwd>, exitcode <1067>
[2014-01-07 12:56:45][2748][INFO]rise service: service <C_Forwd>, exitcode <1067>
[2014-01-07 12:56:50][2748][INFO]rise service: service <C_Forwd>, exitcode <1067>
[2014-01-07 12:56:55][2748][INFO]rise service: service <C_Forwd>, exitcode <1067>
[2014-01-07 12:57:00][2748][INFO]rise service: service <C_Forwd>, exitcode <1067>
[2014-01-07 12:57:05][2748][INFO]rise service: service <C_Forwd>, exitcode <1067>
[2014-01-07 12:57:10][2748][INFO]rise service: service <C_Forwd>, exitcode <1067>
[2014-01-07 12:57:15][2748][INFO]rise service: service <C_Forwd>, exitcode <1067>
[2014-01-07 12:57:20][2748][INFO]rise service: service <C_Forwd>, exitcode <1067>
[2014-01-07 12:57:25][2748][INFO]rise service: service <C_Forwd>, exitcode <1067>
[2014-01-07 12:57:30][2748][INFO]rise service: service <C_Forwd>, exitcode <1067>
[2014-01-07 12:57:35][2748][INFO]rise service: service <C_Forwd>, exitcode <1067>
[2014-01-07 12:57:40][2748][INFO]rise service: service <C_Forwd>, exitcode <1067>
[2014-01-07 12:57:45][2748][INFO]rise service: service <C_Forwd>, exitcode <1067>
[2014-01-07 12:57:50][2748][INFO]rise service: service <C_Forwd>, exitcode <1067>
[2014-01-07 12:57:55][2748][INFO]rise service: service <C_Forwd>, exitcode <1067>
[2014-01-07 12:58:00][2748][INFO]rise service: service <C_Forwd>, exitcode <1067>
[2014-01-07 12:58:05][2748][INFO]rise service: service <C_Forwd>, exitcode <1067>
[2014-01-07 12:58:10][2748][INFO]rise service: service <C_Forwd>, exitcode <1067>
[2014-01-07 12:58:15][2748][INFO]rise service: service <C_Forwd>, exitcode <1067>
[2014-01-07 12:58:20][2748][INFO]rise service: service <C_Forwd>, exitcode <1067>
[2014-01-07 12:58:25][2748][INFO]rise service: service <C_Forwd>, exitcode <1067>
[2014-01-07 12:58:31][2748][INFO]rise service: service <C_Forwd>, exitcode <1067>
[2014-01-07 12:58:36][2748][INFO]rise service: service <C_Forwd>, exitcode <1067>
[2014-01-07 12:58:41][2748][INFO]rise service: service <C_Forwd>, exitcode <1067>
[2014-01-07 12:58:46][2748][INFO]rise service: service <C_Forwd>, exitcode <1067>
[2014-01-07 12:58:51][2748][INFO]rise service: service <C_Forwd>, exitcode <1067>
[2014-01-07 12:58:56][2748][INFO]rise service: service <C_Forwd>, exitcode <1067>
[2014-01-07 12:59:01][2748][INFO]rise service: service <C_Forwd>, exitcode <1067>
[2014-01-07 12:59:06][2748][INFO]rise service: service <C_Forwd>, exitcode <1067>
[2014-01-07 12:59:11][2748][INFO]rise service: service <C_Forwd>, exitcode <1067>
[2014-01-07 12:59:16][2748][INFO]rise service: service <C_Forwd>, exitcode <1067>
[2014-01-07 12:59:21][2748][INFO]rise service: service <C_Forwd>, exitcode <1067>
[2014-01-07 12:59:26][2748][INFO]rise service: service <C_Forwd>, exitcode <1067>
[2014-01-07 12:59:31][2748][INFO]rise service: service <C_Forwd>, exitcode <1067>
[2014-01-07 12:59:36][2748][INFO]rise service: service <C_Forwd>, exitcode <1067>
[2014-01-07 12:59:41][2748][INFO]rise service: service <C_Forwd>, exitcode <1067>
[2014-01-07 12:59:46][2748][INFO]rise service: service <C_Forwd>, exitcode <1067>
[2014-01-07 12:59:51][2748][INFO]rise service: service <C_Forwd>, exitcode <1067>
[2014-01-07 12:59:56][2748][INFO]rise service: service <C_Forwd>, exitcode <1067>
[2014-01-07 13:00:01][2748][INFO]rise service: service <C_Forwd>, exitcode <1067>
[2014-01-07 13:00:06][2748][INFO]rise service: service <C_Forwd>, exitcode <1067>
[2014-01-07 13:00:11][2748][INFO]rise service: service <C_Forwd>, exitcode <1067>
[2014-01-07 13:00:16][2748][INFO]rise service: service <C_Forwd>, exitcode <1067>
[2014-01-07 13:00:21][2748][INFO]rise service: service <C_Forwd>, exitcode <1067>
[2014-01-07 13:00:26][2748][INFO]rise service: service <C_Forwd>, exitcode <1067>
[2014-01-07 13:00:31][2748][INFO]rise service: service <C_Forwd>, exitcode <1067>
[2014-01-07 13:00:36][2748][INFO]rise service: service <C_Forwd>, exitcode <1067>
[2014-01-07 13:00:41][2748][INFO]rise service: service <C_Forwd>, exitcode <1067>
[2014-01-07 13:00:46][2748][INFO]rise service: service <C_Forwd>, exitcode <1067>
[2014-01-07 13:00:51][2748][INFO]rise service: service <C_Forwd>, exitcode <1067>
[2014-01-07 13:00:56][2748][INFO]rise service: service <C_Forwd>, exitcode <1067>
[2014-01-07 13:01:01][2748][INFO]rise service: service <C_Forwd>, exitcode <1067>
[2014-01-07 13:01:06][2748][INFO]rise service: service <C_Forwd>, exitcode <1067>
[2014-01-07 13:01:11][2748][INFO]rise service: service <C_Forwd>, exitcode <1067>
[2014-01-07 13:01:16][2748][INFO]rise service: service <C_Forwd>, exitcode <1067>
[2014-01-07 13:01:21][2748][INFO]rise service: service <C_Forwd>, exitcode <1067>
[2014-01-07 13:01:26][2748][INFO]rise service: service <C_Forwd>, exitcode <1067>
[2014-01-07 13:01:31][2748][INFO]rise service: service <C_Forwd>, exitcode <1067>
[2014-01-07 13:01:36][2748][INFO]rise service: service <C_Forwd>, exitcode <1067>
[2014-01-07 13:01:41][2748][INFO]rise service: service <C_Forwd>, exitcode <1067>
[2014-01-07 13:01:46][2748][INFO]rise service: service <C_Forwd>, exitcode <1067>
[2014-01-07 13:01:51][2748][INFO]rise service: service <C_Forwd>, exitcode <1067>
[2014-01-07 13:01:56][2748][INFO]rise service: service <C_Forwd>, exitcode <1067>
[2014-01-07 13:02:01][2748][INFO]rise service: service <C_Forwd>, exitcode <1067>
[2014-01-07 13:02:06][2748][INFO]rise service: service <C_Forwd>, exitcode <1067>
[2014-01-07 13:02:11][2748][INFO]rise service: service <C_Forwd>, exitcode <1067>
[2014-01-07 13:02:16][2748][INFO]rise service: service <C_Forwd>, exitcode <1067>
[2014-01-07 13:02:21][2748][INFO]rise service: service <C_Forwd>, exitcode <1067>
[2014-01-07 13:02:26][2748][INFO]rise service: service <C_Forwd>, exitcode <1067>
[2014-01-07 13:02:31][2748][INFO]rise service: service <C_Forwd>, exitcode <1067>
[2014-01-07 13:02:36][2748][INFO]rise service: service <C_Forwd>, exitcode <1067>
[2014-01-07 13:02:41][2748][INFO]rise service: service <C_Forwd>, exitcode <1067>
[2014-01-07 13:02:46][2748][INFO]rise service: service <C_Forwd>, exitcode <1067>
[2014-01-07 13:02:51][2748][INFO]rise service: service <C_Forwd>, exitcode <1067>
[2014-01-07 13:02:56][2748][INFO]rise service: service <C_Forwd>, exitcode <1067>
[2014-01-07 13:03:01][2748][INFO]rise service: service <C_Forwd>, exitcode <1067>
[2014-01-07 13:03:06][2748][INFO]rise service: service <C_Forwd>, exitcode <1067>
[2014-01-07 13:03:11][2748][INFO]rise service: service <C_Forwd>, exitcode <1067>
[2014-01-07 13:03:16][2748][INFO]rise service: service <C_Forwd>, exitcode <1067>
[2014-01-07 13:03:21][2748][INFO]rise service: service <C_Forwd>, exitcode <1067>
[2014-01-07 13:03:26][2748][INFO]rise service: service <C_Forwd>, exitcode <1067>
[2014-01-07 13:03:31][2748][INFO]rise service: service <C_Forwd>, exitcode <1067>
[2014-01-07 13:03:36][2748][INFO]rise service: service <C_Forwd>, exitcode <1067>
[2014-01-07 13:03:41][2748][INFO]rise service: service <C_Forwd>, exitcode <1067>
[2014-01-07 13:03:46][2748][INFO]rise service: service <C_Forwd>, exitcode <1067>
[2014-01-07 13:03:51][2748][INFO]rise service: service <C_Forwd>, exitcode <1067>
[2014-01-07 13:03:56][2748][INFO]rise service: service <C_Forwd>, exitcode <1067>
[2014-01-07 13:04:01][2748][INFO]rise service: service <C_Forwd>, exitcode <1067>
[2014-01-07 13:04:06][2748][INFO]rise service: service <C_Forwd>, exitcode <1067>
[2014-01-07 13:04:11][2748][INFO]rise service: service <C_Forwd>, exitcode <1067>
[2014-01-07 13:04:16][2748][INFO]rise service: service <C_Forwd>, exitcode <1067>
[2014-01-07 13:04:21][2748][INFO]rise service: service <C_Forwd>, exitcode <1067>
[2014-01-07 13:04:26][2748][INFO]rise service: service <C_Forwd>, exitcode <1067>
[2014-01-07 13:04:31][2748][INFO]rise service: service <C_Forwd>, exitcode <1067>
[2014-01-07 13:04:36][2748][INFO]rise service: service <C_Forwd>, exitcode <1067>
[2014-01-07 13:04:41][2748][INFO]rise service: service <C_Forwd>, exitcode <1067>
[2014-01-07 13:04:46][2748][INFO]rise service: service <C_Forwd>, exitcode <1067>
[2014-01-07 13:04:51][2748][INFO]rise service: service <C_Forwd>, exitcode <1067>
[2014-01-07 13:04:56][2748][INFO]rise service: service <C_Forwd>, exitcode <1067>
[2014-01-07 13:05:01][2748][INFO]rise service: service <C_Forwd>, exitcode <1067>
[2014-01-07 13:05:06][2748][INFO]rise service: service <C_Forwd>, exitcode <1067>
[2014-01-07 13:05:11][2748][INFO]rise service: service <C_Forwd>, exitcode <1067>
[2014-01-07 13:05:16][2748][INFO]rise service: service <C_Forwd>, exitcode <1067>
[2014-01-07 13:05:21][2748][INFO]rise service: service <C_Forwd>, exitcode <1067>
[2014-01-07 13:05:26][2748][INFO]rise service: service <C_Forwd>, exitcode <1067>
[2014-01-07 13:05:31][2748][INFO]rise service: service <C_Forwd>, exitcode <1067>
[2014-01-07 13:05:36][2748][INFO]rise service: service <C_Forwd>, exitcode <1067>
[2014-01-07 13:05:41][2748][INFO]rise service: service <C_Forwd>, exitcode <1067>
[2014-01-07 13:05:46][2748][INFO]rise service: service <C_Forwd>, exitcode <1067>
[2014-01-07 13:05:51][2748][INFO]rise service: service <C_Forwd>, exitcode <1067>
[2014-01-07 13:05:56][2748][INFO]rise service: service <C_Forwd>, exitcode <1067>
[2014-01-07 13:06:01][2748][INFO]rise service: service <C_Forwd>, exitcode <1067>
[2014-01-07 13:06:06][2748][INFO]rise service: service <C_Forwd>, exitcode <1067>
[2014-01-07 13:06:11][2748][INFO]rise service: service <C_Forwd>, exitcode <1067>
[2014-01-07 13:06:16][2748][INFO]rise service: service <C_Forwd>, exitcode <1067>
[2014-01-07 13:06:21][2748][INFO]rise service: service <C_Forwd>, exitcode <1067>
[2014-01-07 13:06:26][2748][INFO]rise service: service <C_Forwd>, exitcode <1067>
[2014-01-07 13:06:31][2748][INFO]rise service: service <C_Forwd>, exitcode <1067>
[2014-01-07 13:06:36][2748][INFO]rise service: service <C_Forwd>, exitcode <1067>
[2014-01-07 13:06:41][2748][INFO]rise service: service <C_Forwd>, exitcode <1067>
[2014-01-07 13:06:46][2748][INFO]rise service: service <C_Forwd>, exitcode <1067>
[2014-01-07 13:06:51][2748][INFO]rise service: service <C_Forwd>, exitcode <1067>
[2014-01-07 13:06:56][2748][INFO]rise service: service <C_Forwd>, exitcode <1067>
[2014-01-07 13:07:01][2748][INFO]rise service: service <C_Forwd>, exitcode <1067>
[2014-01-07 13:07:06][2748][INFO]rise service: service <C_Forwd>, exitcode <1067>
[2014-01-07 13:07:11][2748][INFO]rise service: service <C_Forwd>, exitcode <1067>
[2014-01-07 13:07:16][2748][INFO]rise service: service <C_Forwd>, exitcode <1067>
[2014-01-07 13:07:21][2748][INFO]rise service: service <C_Forwd>, exitcode <1067>
[2014-01-07 13:07:26][2748][INFO]rise service: service <C_Forwd>, exitcode <1067>
[2014-01-07 13:07:31][2748][INFO]rise service: service <C_Forwd>, exitcode <1067>
[2014-01-07 13:07:36][2748][INFO]rise service: service <C_Forwd>, exitcode <1067>
[2014-01-07 13:07:41][2748][INFO]rise service: service <C_Forwd>, exitcode <1067>
[2014-01-07 13:07:46][2748][INFO]rise service: service <C_Forwd>, exitcode <1067>
[2014-01-07 13:07:51][2748][INFO]rise service: service <C_Forwd>, exitcode <1067>
[2014-01-07 13:07:56][2748][INFO]rise service: service <C_Forwd>, exitcode <1067>
[2014-01-07 13:08:01][2748][INFO]rise service: service <C_Forwd>, exitcode <1067>
[2014-01-07 13:08:06][2748][INFO]rise service: service <C_Forwd>, exitcode <1067>
[2014-01-07 13:08:11][2748][INFO]rise service: service <C_Forwd>, exitcode <1067>
[2014-01-07 13:08:16][2748][INFO]rise service: service <C_Forwd>, exitcode <1067>
[2014-01-07 13:08:21][2748][INFO]rise service: service <C_Forwd>, exitcode <1067>
[2014-01-07 13:08:26][2748][INFO]rise service: service <C_Forwd>, exitcode <1067>
[2014-01-07 13:08:31][2748][INFO]rise service: service <C_Forwd>, exitcode <1067>
[2014-01-07 13:08:36][2748][INFO]rise service: service <C_Forwd>, exitcode <1067>
[2014-01-07 13:08:41][2748][INFO]rise service: service <C_Forwd>, exitcode <1067>
[2014-01-07 13:08:46][2748][INFO]rise service: service <C_Forwd>, exitcode <1067>
[2014-01-07 13:08:51][2748][INFO]rise service: service <C_Forwd>, exitcode <1067>
[2014-01-07 13:08:56][2748][INFO]rise service: service <C_Forwd>, exitcode <1067>
[2014-01-07 13:09:01][2748][INFO]rise service: service <C_Forwd>, exitcode <1067>
[2014-01-07 13:09:06][2748][INFO]rise service: service <C_Forwd>, exitcode <1067>
[2014-01-07 13:09:11][2748][INFO]rise service: service <C_Forwd>, exitcode <1067>
[2014-01-07 13:09:16][2748][INFO]rise service: service <C_Forwd>, exitcode <1067>
[2014-01-07 13:09:21][2748][INFO]rise service: service <C_Forwd>, exitcode <1067>
[2014-01-07 13:09:26][2748][INFO]rise service: service <C_Forwd>, exitcode <1067>
[2014-01-07 13:09:32][2748][INFO]rise service: service <C_Forwd>, exitcode <1067>
[2014-01-07 13:09:37][2748][INFO]rise service: service <C_Forwd>, exitcode <1067>
[2014-01-07 13:09:42][2748][INFO]rise service: service <C_Forwd>, exitcode <1067>
[2014-01-07 13:09:47][2748][INFO]rise service: service <C_Forwd>, exitcode <1067>
[2014-01-07 13:09:52][2748][INFO]rise service: service <C_Forwd>, exitcode <1067>
[2014-01-07 13:09:57][2748][INFO]rise service: service <C_Forwd>, exitcode <1067>
[2014-01-07 13:10:02][2748][INFO]rise service: service <C_Forwd>, exitcode <1067>
[2014-01-07 13:10:07][2748][INFO]rise service: service <C_Forwd>, exitcode <1067>
[2014-01-07 13:10:12][2748][INFO]rise service: service <C_Forwd>, exitcode <1067>
[2014-01-07 13:10:17][2748][INFO]rise service: service <C_Forwd>, exitcode <1067>
[2014-01-07 13:10:22][2748][INFO]rise service: service <C_Forwd>, exitcode <1067>
[2014-01-07 13:10:27][2748][INFO]rise service: service <C_Forwd>, exitcode <1067>
[2014-01-07 13:10:32][2748][INFO]rise service: service <C_Forwd>, exitcode <1067>
[2014-01-07 13:10:37][2748][INFO]rise service: service <C_Forwd>, exitcode <1067>
[2014-01-07 13:10:42][2748][INFO]rise service: service <C_Forwd>, exitcode <1067>
[2014-01-07 13:10:47][2748][INFO]rise service: service <C_Forwd>, exitcode <1067>
[2014-01-07 13:10:52][2748][INFO]rise service: service <C_Forwd>, exitcode <1067>
[2014-01-07 13:10:57][2748][INFO]rise service: service <C_Forwd>, exitcode <1067>
[2014-01-07 13:11:02][2748][INFO]rise service: service <C_Forwd>, exitcode <1067>
[2014-01-07 13:11:07][2748][INFO]rise service: service <C_Forwd>, exitcode <1067>
[2014-01-07 13:11:12][2748][INFO]rise service: service <C_Forwd>, exitcode <1067>
[2014-01-07 13:11:17][2748][INFO]rise service: service <C_Forwd>, exitcode <1067>
[2014-01-07 13:11:22][2748][INFO]rise service: service <C_Forwd>, exitcode <1067>
[2014-01-07 13:11:27][2748][INFO]rise service: service <C_Forwd>, exitcode <1067>
[2014-01-07 13:11:32][2748][INFO]rise service: service <C_Forwd>, exitcode <1067>
[2014-01-07 13:11:37][2748][INFO]rise service: service <C_Forwd>, exitcode <1067>
[2014-01-07 13:11:42][2748][INFO]rise service: service <C_Forwd>, exitcode <1067>
[2014-01-07 13:11:47][2748][INFO]rise service: service <C_Forwd>, exitcode <1067>
[2014-01-07 13:11:52][2748][INFO]rise service: service <C_Forwd>, exitcode <1067>
[2014-01-07 13:11:57][2748][INFO]rise service: service <C_Forwd>, exitcode <1067>
[2014-01-07 13:12:02][2748][INFO]rise service: service <C_Forwd>, exitcode <1067>
[2014-01-07 13:12:07][2748][INFO]rise service: service <C_Forwd>, exitcode <1067>
[2014-01-07 13:12:12][2748][INFO]rise service: service <C_Forwd>, exitcode <1067>
[2014-01-07 13:12:17][2748][INFO]rise service: service <C_Forwd>, exitcode <1067>
[2014-01-07 13:12:22][2748][INFO]rise service: service <C_Forwd>, exitcode <1067>
[2014-01-07 13:12:27][2748][INFO]rise service: service <C_Forwd>, exitcode <1067>
[2014-01-07 13:12:32][2748][INFO]rise service: service <C_Forwd>, exitcode <1067>
[2014-01-07 13:12:37][2748][INFO]rise service: service <C_Forwd>, exitcode <1067>
[2014-01-07 13:12:42][2748][INFO]rise service: service <C_Forwd>, exitcode <1067>
[2014-01-07 13:12:47][2748][INFO]rise service: service <C_Forwd>, exitcode <1067>
[2014-01-07 13:12:52][2748][INFO]rise service: service <C_Forwd>, exitcode <1067>
[2014-01-07 13:12:57][2748][INFO]rise service: service <C_Forwd>, exitcode <1067>
[2014-01-07 13:13:02][2748][INFO]rise service: service <C_Forwd>, exitcode <1067>
[2014-01-07 13:13:07][2748][INFO]rise service: service <C_Forwd>, exitcode <1067>
[2014-01-07 13:13:12][2748][INFO]rise service: service <C_Forwd>, exitcode <1067>
[2014-01-07 13:13:17][2748][INFO]rise service: service <C_Forwd>, exitcode <1067>
[2014-01-07 13:13:22][2748][INFO]rise service: service <C_Forwd>, exitcode <1067>
[2014-01-07 13:13:27][2748][INFO]rise service: service <C_Forwd>, exitcode <1067>
[2014-01-07 13:13:32][2748][INFO]rise service: service <C_Forwd>, exitcode <1067>
[2014-01-07 13:13:37][2748][INFO]rise service: service <C_Forwd>, exitcode <1067>
[2014-01-07 13:13:42][2748][INFO]rise service: service <C_Forwd>, exitcode <1067>
[2014-01-07 13:13:47][2748][INFO]rise service: service <C_Forwd>, exitcode <1067>
[2014-01-07 13:13:52][2748][INFO]rise service: service <C_Forwd>, exitcode <1067>
[2014-01-07 13:13:57][2748][INFO]rise service: service <C_Forwd>, exitcode <1067>
[2014-01-07 13:14:02][2748][INFO]rise service: service <C_Forwd>, exitcode <1067>
[2014-01-07 13:14:07][2748][INFO]rise service: service <C_Forwd>, exitcode <1067>
[2014-01-07 13:14:12][2748][INFO]rise service: service <C_Forwd>, exitcode <1067>
[2014-01-07 13:14:17][2748][INFO]rise service: service <C_Forwd>, exitcode <1067>
[2014-01-07 13:14:22][2748][INFO]rise service: service <C_Forwd>, exitcode <1067>
[2014-01-07 13:14:27][2748][INFO]rise service: service <C_Forwd>, exitcode <1067>
[2014-01-07 13:14:32][2748][INFO]rise service: service <C_Forwd>, exitcode <1067>
[2014-01-07 13:14:37][2748][INFO]rise service: service <C_Forwd>, exitcode <1067>
[2014-01-07 13:14:42][2748][INFO]rise service: service <C_Forwd>, exitcode <1067>
[2014-01-07 13:14:47][2748][INFO]rise service: service <C_Forwd>, exitcode <1067>
[2014-01-07 13:14:52][2748][INFO]rise service: service <C_Forwd>, exitcode <1067>
[2014-01-07 13:14:57][2748][INFO]rise service: service <C_Forwd>, exitcode <1067>
[2014-01-07 13:15:02][2748][INFO]rise service: service <C_Forwd>, exitcode <1067>
[2014-01-07 13:15:07][2748][INFO]rise service: service <C_Forwd>, exitcode <1067>
[2014-01-07 13:15:12][2748][INFO]rise service: service <C_Forwd>, exitcode <1067>
[2014-01-07 13:15:17][2748][INFO]rise service: service <C_Forwd>, exitcode <1067>
[2014-01-07 13:15:22][2748][INFO]rise service: service <C_Forwd>, exitcode <1067>
[2014-01-07 13:15:27][2748][INFO]rise service: service <C_Forwd>, exitcode <1067>
[2014-01-07 13:15:32][2748][INFO]rise service: service <C_Forwd>, exitcode <1067>
[2014-01-07 13:15:37][2748][INFO]rise service: service <C_Forwd>, exitcode <1067>
[2014-01-07 13:15:42][2748][INFO]rise service: service <C_Forwd>, exitcode <1067>
[2014-01-07 13:15:47][2748][INFO]rise service: service <C_Forwd>, exitcode <1067>
[2014-01-07 13:15:52][2748][INFO]rise service: service <C_Forwd>, exitcode <1067>
[2014-01-07 13:15:57][2748][INFO]rise service: service <C_Forwd>, exitcode <1067>
[2014-01-07 13:16:02][2748][INFO]rise service: service <C_Forwd>, exitcode <1067>
[2014-01-07 13:16:07][2748][INFO]rise service: service <C_Forwd>, exitcode <1067>
[2014-01-07 13:16:12][2748][INFO]rise service: service <C_Forwd>, exitcode <1067>
[2014-01-07 13:16:17][2748][INFO]rise service: service <C_Forwd>, exitcode <1067>
[2014-01-07 13:16:22][2748][INFO]rise service: service <C_Forwd>, exitcode <1067>
[2014-01-07 13:16:27][2748][INFO]rise service: service <C_Forwd>, exitcode <1067>
[2014-01-07 13:16:32][2748][INFO]rise service: service <C_Forwd>, exitcode <1067>
[2014-01-07 13:16:37][2748][INFO]rise service: service <C_Forwd>, exitcode <1067>
[2014-01-07 13:16:42][2748][INFO]rise service: service <C_Forwd>, exitcode <1067>
[2014-01-07 13:16:47][2748][INFO]rise service: service <C_Forwd>, exitcode <1067>
[2014-01-07 13:16:52][2748][INFO]rise service: service <C_Forwd>, exitcode <1067>
[2014-01-07 13:16:57][2748][INFO]rise service: service <C_Forwd>, exitcode <1067>
[2014-01-07 13:17:02][2748][INFO]rise service: service <C_Forwd>, exitcode <1067>
[2014-01-07 13:17:07][2748][INFO]rise service: service <C_Forwd>, exitcode <1067>
[2014-01-07 13:17:12][2748][INFO]rise service: service <C_Forwd>, exitcode <1067>
[2014-01-07 13:17:17][2748][INFO]rise service: service <C_Forwd>, exitcode <1067>
[2014-01-07 13:17:22][2748][INFO]rise service: service <C_Forwd>, exitcode <1067>
[2014-01-07 13:17:27][2748][INFO]rise service: service <C_Forwd>, exitcode <1067>
[2014-01-07 13:17:32][2748][INFO]rise service: service <C_Forwd>, exitcode <1067>
[2014-01-07 13:17:37][2748][INFO]rise service: service <C_Forwd>, exitcode <1067>
[2014-01-07 13:17:42][2748][INFO]rise service: service <C_Forwd>, exitcode <1067>
[2014-01-07 13:17:47][2748][INFO]rise service: service <C_Forwd>, exitcode <1067>
[2014-01-07 13:17:52][2748][INFO]rise service: service <C_Forwd>, exitcode <1067>
[2014-01-07 13:17:57][2748][INFO]rise service: service <C_Forwd>, exitcode <1067>
[2014-01-07 13:18:02][2748][INFO]rise service: service <C_Forwd>, exitcode <1067>
[2014-01-07 13:18:07][2748][INFO]rise service: service <C_Forwd>, exitcode <1067>
[2014-01-07 13:18:12][2748][INFO]rise service: service <C_Forwd>, exitcode <1067>
[2014-01-07 13:18:17][2748][INFO]rise service: service <C_Forwd>, exitcode <1067>
[2014-01-07 13:18:22][2748][INFO]rise service: service <C_Forwd>, exitcode <1067>
[2014-01-07 13:18:27][2748][INFO]rise service: service <C_Forwd>, exitcode <1067>
[2014-01-07 13:18:32][2748][INFO]rise service: service <C_Forwd>, exitcode <1067>
[2014-01-07 13:18:37][2748][INFO]rise service: service <C_Forwd>, exitcode <1067>
[2014-01-07 13:18:42][2748][INFO]rise service: service <C_Forwd>, exitcode <1067>
[2014-01-07 13:18:47][2748][INFO]rise service: service <C_Forwd>, exitcode <1067>
[2014-01-07 13:18:52][2748][INFO]rise service: service <C_Forwd>, exitcode <1067>
[2014-01-07 13:18:57][2748][INFO]rise service: service <C_Forwd>, exitcode <1067>
[2014-01-07 13:19:02][2748][INFO]rise service: service <C_Forwd>, exitcode <1067>
[2014-01-07 13:19:07][2748][INFO]rise service: service <C_Forwd>, exitcode <1067>
[2014-01-07 13:19:12][2748][INFO]rise service: service <C_Forwd>, exitcode <1067>
[2014-01-07 13:19:17][2748][INFO]rise service: service <C_Forwd>, exitcode <1067>
[2014-01-07 13:19:22][2748][INFO]rise service: service <C_Forwd>, exitcode <1067>
[2014-01-07 13:19:27][2748][INFO]rise service: service <C_Forwd>, exitcode <1067>
[2014-01-07 13:19:32][2748][INFO]rise service: service <C_Forwd>, exitcode <1067>
[2014-01-07 13:19:37][2748][INFO]rise service: service <C_Forwd>, exitcode <1067>
[2014-01-07 17:32:43][1524][INFO]service start running: service <C_Media>, exitcode <0>
[2014-01-07 17:32:43][1524][INFO]service start running: service <C_Proxy>, exitcode <0>
[2014-01-07 17:32:43][1524][INFO]service start running: service <C_RTime>, exitcode <0>
[2014-01-07 17:32:48][1524][INFO]service start running: service <C_Task>, exitcode <0>
[2014-01-08 09:46:20][2708][INFO]service start running: service <C_Media>, exitcode <0>
[2014-01-08 09:46:20][2708][INFO]service start running: service <C_Proxy>, exitcode <0>
[2014-01-08 09:46:20][2708][INFO]service start running: service <C_RTime>, exitcode <0>
[2014-01-08 09:46:25][2708][INFO]service start running: service <C_Task>, exitcode <0>
[2014-01-08 12:18:29][2720][INFO]service start running: service <C_Media>, exitcode <0>
[2014-01-08 12:18:29][2720][INFO]service start running: service <C_Proxy>, exitcode <0>
[2014-01-08 12:18:29][2720][INFO]service start running: service <C_RTime>, exitcode <0>
[2014-01-08 12:18:34][2720][INFO]service start running: service <C_Task>, exitcode <0>
[2014-01-09 17:32:32][2708][INFO]service start running: service <C_Media>, exitcode <0>
[2014-01-09 17:32:32][2708][INFO]service start running: service <C_Proxy>, exitcode <0>
[2014-01-09 17:32:32][2708][INFO]service start running: service <C_RTime>, exitcode <0>
[2014-01-09 17:32:37][2708][INFO]service start running: service <C_Task>, exitcode <0>
[2014-01-10 15:49:28][2724][INFO]service start running: service <C_Media>, exitcode <0>
[2014-01-10 15:49:28][2724][INFO]service start running: service <C_Proxy>, exitcode <0>
[2014-01-10 15:49:28][2724][INFO]service start running: service <C_RTime>, exitcode <0>
[2014-01-10 15:49:33][2724][INFO]service start running: service <C_Task>, exitcode <0>
[2014-02-16 09:45:55][2664][INFO]service start running: service <C_Media>, exitcode <0>
[2014-02-16 09:45:55][2664][INFO]service start running: service <C_Proxy>, exitcode <0>
[2014-02-16 09:45:55][2664][INFO]service start running: service <C_RTime>, exitcode <0>
[2014-02-16 09:46:00][2664][INFO]service start running: service <C_Task>, exitcode <0>
[2014-02-17 16:35:59][2664][INFO]service start running: service <C_Media>, exitcode <0>
[2014-02-17 16:35:59][2664][INFO]service start running: service <C_Proxy>, exitcode <0>
[2014-02-17 16:35:59][2664][INFO]service start running: service <C_RTime>, exitcode <0>
[2014-02-17 16:36:04][2664][INFO]service start running: service <C_Task>, exitcode <0>
[2014-02-18 10:05:53][2720][INFO]service start running: service <C_Media>, exitcode <0>
[2014-02-18 10:05:53][2720][INFO]service start running: service <C_Proxy>, exitcode <0>
[2014-02-18 10:05:53][2720][INFO]service start running: service <C_RTime>, exitcode <0>
[2014-02-18 10:05:58][2720][INFO]service start running: service <C_Task>, exitcode <0>
[2014-02-18 17:31:16][2632][INFO]service start running: service <C_Media>, exitcode <0>
[2014-02-18 17:31:16][2632][INFO]service start running: service <C_Proxy>, exitcode <0>
[2014-02-18 17:31:16][2632][INFO]service start running: service <C_RTime>, exitcode <0>
[2014-02-18 17:31:21][2632][INFO]service start running: service <C_Task>, exitcode <0>
[2014-02-18 17:42:46][2632][INFO]service stopped: service <C_RTime>, exitcode <1067>
[2014-02-18 17:42:46][2632][INFO]rise service: service <C_RTime>, exitcode <1067>
[2014-02-18 17:42:51][2632][INFO]service start running: service <C_RTime>, exitcode <0>
[2014-02-19 12:05:35][2616][INFO]service start running: service <C_Media>, exitcode <0>
[2014-02-19 12:05:35][2616][INFO]service start running: service <C_Proxy>, exitcode <0>
[2014-02-19 12:05:35][2616][INFO]service start running: service <C_RTime>, exitcode <0>
[2014-02-19 12:05:40][2616][INFO]service start running: service <C_Task>, exitcode <0>
[2014-02-19 17:31:08][2412][INFO]service start running: service <C_Media>, exitcode <0>
[2014-02-19 17:31:08][2412][INFO]service start running: service <C_Proxy>, exitcode <0>
[2014-02-19 17:31:08][2412][INFO]service start running: service <C_RTime>, exitcode <0>
[2014-02-19 17:31:13][2412][INFO]service start running: service <C_Task>, exitcode <0>
[2014-02-20 16:17:07][2676][INFO]service start running: service <C_Media>, exitcode <0>
[2014-02-20 16:17:07][2676][INFO]service start running: service <C_Proxy>, exitcode <0>
[2014-02-20 16:17:07][2676][INFO]service start running: service <C_RTime>, exitcode <0>
[2014-02-20 16:17:12][2676][INFO]service start running: service <C_Task>, exitcode <0>
[2014-02-20 17:31:39][2636][INFO]service start running: service <C_Media>, exitcode <0>
[2014-02-20 17:31:39][2636][INFO]service start running: service <C_Proxy>, exitcode <0>
[2014-02-20 17:31:39][2636][INFO]service start running: service <C_RTime>, exitcode <0>
[2014-02-20 17:31:44][2636][INFO]service start running: service <C_Task>, exitcode <0>
[2014-02-24 12:04:26][2660][INFO]service start running: service <C_Media>, exitcode <0>
[2014-02-24 12:04:26][2660][INFO]service start running: service <C_Proxy>, exitcode <0>
[2014-02-24 12:04:26][2660][INFO]service start running: service <C_RTime>, exitcode <0>
[2014-02-24 12:04:31][2660][INFO]service start running: service <C_Task>, exitcode <0>
[2014-02-25 12:05:01][2660][INFO]service start running: service <C_Media>, exitcode <0>
[2014-02-25 12:05:01][2660][INFO]service start running: service <C_Proxy>, exitcode <0>
[2014-02-25 12:05:01][2660][INFO]service start running: service <C_RTime>, exitcode <0>
[2014-02-25 12:05:06][2660][INFO]service start running: service <C_Task>, exitcode <0>
[2014-02-25 17:31:51][2628][INFO]service start running: service <C_Media>, exitcode <0>
[2014-02-25 17:31:51][2628][INFO]service start running: service <C_Proxy>, exitcode <0>
[2014-02-25 17:31:51][2628][INFO]service start running: service <C_RTime>, exitcode <0>
[2014-02-25 17:31:56][2628][INFO]service start running: service <C_Task>, exitcode <0>
[2014-02-26 12:03:31][2632][INFO]service start running: service <C_Media>, exitcode <0>
[2014-02-26 12:03:31][2632][INFO]service start running: service <C_Proxy>, exitcode <0>
[2014-02-26 12:03:31][2632][INFO]service start running: service <C_RTime>, exitcode <0>
[2014-02-26 12:03:36][2632][INFO]service start running: service <C_Task>, exitcode <0>
[2014-02-26 17:31:06][2584][INFO]service start running: service <C_Media>, exitcode <0>
[2014-02-26 17:31:06][2584][INFO]service start running: service <C_Proxy>, exitcode <0>
[2014-02-26 17:31:06][2584][INFO]service start running: service <C_RTime>, exitcode <0>
[2014-02-26 17:31:11][2584][INFO]service start running: service <C_Task>, exitcode <0>
[2014-02-27 10:00:40][2596][INFO]service start running: service <C_Media>, exitcode <0>
[2014-02-27 10:00:40][2596][INFO]service start running: service <C_Proxy>, exitcode <0>
[2014-02-27 10:00:40][2596][INFO]service start running: service <C_RTime>, exitcode <0>
[2014-02-27 10:00:45][2596][INFO]service start running: service <C_Task>, exitcode <0>
[2014-02-27 12:26:39][2612][INFO]service start running: service <C_Media>, exitcode <0>
[2014-02-27 12:26:39][2612][INFO]service start running: service <C_Proxy>, exitcode <0>
[2014-02-27 12:26:39][2612][INFO]service start running: service <C_RTime>, exitcode <0>
[2014-02-27 12:26:44][2612][INFO]service start running: service <C_Task>, exitcode <0>
[2014-02-27 17:33:08][2608][INFO]service start running: service <C_Media>, exitcode <0>
[2014-02-27 17:33:08][2608][INFO]service start running: service <C_Proxy>, exitcode <0>
[2014-02-27 17:33:08][2608][INFO]service start running: service <C_RTime>, exitcode <0>
[2014-02-27 17:33:13][2608][INFO]service start running: service <C_Task>, exitcode <0>
[2014-03-03 15:41:50][2604][INFO]service start running: service <C_Media>, exitcode <0>
[2014-03-03 15:41:50][2604][INFO]service start running: service <C_Proxy>, exitcode <0>
[2014-03-03 15:41:50][2604][INFO]service start running: service <C_RTime>, exitcode <0>
[2014-03-03 15:41:55][2604][INFO]service start running: service <C_Task>, exitcode <0>
[2014-03-04 12:02:53][2640][INFO]service start running: service <C_Media>, exitcode <0>
[2014-03-04 12:02:53][2640][INFO]service start running: service <C_Proxy>, exitcode <0>
[2014-03-04 12:02:53][2640][INFO]service start running: service <C_RTime>, exitcode <0>
[2014-03-04 12:02:58][2640][INFO]service start running: service <C_Task>, exitcode <0>
[2014-03-04 15:52:12][2620][INFO]service start running: service <C_Media>, exitcode <0>
[2014-03-04 15:52:12][2620][INFO]service start running: service <C_Proxy>, exitcode <0>
[2014-03-04 15:52:12][2620][INFO]service start running: service <C_RTime>, exitcode <0>
[2014-03-04 15:52:17][2620][INFO]service start running: service <C_Task>, exitcode <0>
[2014-03-04 17:31:38][2640][INFO]service start running: service <C_Media>, exitcode <0>
[2014-03-04 17:31:38][2640][INFO]service start running: service <C_Proxy>, exitcode <0>
[2014-03-04 17:31:38][2640][INFO]service start running: service <C_RTime>, exitcode <0>
[2014-03-04 17:31:43][2640][INFO]service start running: service <C_Task>, exitcode <0>
[2014-03-05 12:27:32][2632][INFO]service start running: service <C_Media>, exitcode <0>
[2014-03-05 12:27:32][2632][INFO]service start running: service <C_Proxy>, exitcode <0>
[2014-03-05 12:27:32][2632][INFO]service start running: service <C_RTime>, exitcode <0>
[2014-03-05 12:27:37][2632][INFO]service start running: service <C_Task>, exitcode <0>
[2014-03-06 15:49:29][2640][INFO]service start running: service <C_Media>, exitcode <0>
[2014-03-06 15:49:29][2640][INFO]service start running: service <C_Proxy>, exitcode <0>
[2014-03-06 15:49:29][2640][INFO]service start running: service <C_RTime>, exitcode <0>
[2014-03-06 15:49:34][2640][INFO]service start running: service <C_Task>, exitcode <0>
[2014-03-10 12:17:40][2616][INFO]service start running: service <C_Media>, exitcode <0>
[2014-03-10 12:17:40][2616][INFO]service start running: service <C_Proxy>, exitcode <0>
[2014-03-10 12:17:40][2616][INFO]service start running: service <C_RTime>, exitcode <0>
[2014-03-10 12:17:45][2616][INFO]service start running: service <C_Task>, exitcode <0>
[2014-03-10 12:56:45][2628][INFO]service start running: service <C_Media>, exitcode <0>
[2014-03-10 12:56:45][2628][INFO]service start running: service <C_Proxy>, exitcode <0>
[2014-03-10 12:56:45][2628][INFO]service start running: service <C_RTime>, exitcode <0>
[2014-03-10 12:56:50][2628][INFO]service start running: service <C_Task>, exitcode <0>
[2014-03-10 13:23:45][2624][INFO]service start running: service <C_Media>, exitcode <0>
[2014-03-10 13:23:45][2624][INFO]service start running: service <C_Proxy>, exitcode <0>
[2014-03-10 13:23:45][2624][INFO]service start running: service <C_RTime>, exitcode <0>
[2014-03-10 13:23:50][2624][INFO]service start running: service <C_Task>, exitcode <0>
[2014-03-11 12:26:55][2640][INFO]service start running: service <C_Media>, exitcode <0>
[2014-03-11 12:26:55][2640][INFO]service start running: service <C_Proxy>, exitcode <0>
[2014-03-11 12:26:55][2640][INFO]service start running: service <C_RTime>, exitcode <0>
[2014-03-11 12:27:00][2640][INFO]service start running: service <C_Task>, exitcode <0>
[2014-03-11 17:33:31][2500][INFO]service start running: service <C_Media>, exitcode <0>
[2014-03-11 17:33:31][2500][INFO]service start running: service <C_Proxy>, exitcode <0>
[2014-03-11 17:33:31][2500][INFO]service start running: service <C_RTime>, exitcode <0>
[2014-03-11 17:33:36][2500][INFO]service start running: service <C_Task>, exitcode <0>
[2014-03-12 12:21:31][2636][INFO]service start running: service <C_Media>, exitcode <0>
[2014-03-12 12:21:31][2636][INFO]service start running: service <C_Proxy>, exitcode <0>
[2014-03-12 12:21:31][2636][INFO]service start running: service <C_RTime>, exitcode <0>
[2014-03-12 12:21:36][2636][INFO]service start running: service <C_Task>, exitcode <0>
[2014-03-12 16:37:53][2624][INFO]service start running: service <C_Media>, exitcode <0>
[2014-03-12 16:37:53][2624][INFO]service start running: service <C_Proxy>, exitcode <0>
[2014-03-12 16:37:53][2624][INFO]service start running: service <C_RTime>, exitcode <0>
[2014-03-12 16:37:58][2624][INFO]service start running: service <C_Task>, exitcode <0>
[2014-03-12 17:58:44][2512][INFO]service start running: service <C_Media>, exitcode <0>
[2014-03-12 17:58:44][2512][INFO]service start running: service <C_Proxy>, exitcode <0>
[2014-03-12 17:58:44][2512][INFO]service start running: service <C_RTime>, exitcode <0>
[2014-03-12 17:58:49][2512][INFO]service start running: service <C_Task>, exitcode <0>
[2014-03-13 16:19:45][2520][INFO]service start running: service <C_Media>, exitcode <0>
[2014-03-13 16:19:45][2520][INFO]service start running: service <C_Proxy>, exitcode <0>
[2014-03-13 16:19:45][2520][INFO]service start running: service <C_RTime>, exitcode <0>
[2014-03-13 16:19:50][2520][INFO]service start running: service <C_Task>, exitcode <0>
[2014-03-15 17:07:29][2540][INFO]service start running: service <C_Media>, exitcode <0>
[2014-03-15 17:07:29][2540][INFO]service start running: service <C_Proxy>, exitcode <0>
[2014-03-15 17:07:29][2540][INFO]service start running: service <C_RTime>, exitcode <0>
[2014-03-15 17:07:34][2540][INFO]service start running: service <C_Task>, exitcode <0>
[2014-03-17 12:40:14][2476][INFO]service start running: service <C_Media>, exitcode <0>
[2014-03-17 12:40:14][2476][INFO]service start running: service <C_Proxy>, exitcode <0>
[2014-03-17 12:40:14][2476][INFO]service start running: service <C_RTime>, exitcode <0>
[2014-03-17 12:40:14][2476][INFO]service start running: service <C_Task>, exitcode <0>
[2014-03-18 12:19:14][2524][INFO]service start running: service <C_Media>, exitcode <0>
[2014-03-18 12:19:14][2524][INFO]service start running: service <C_Proxy>, exitcode <0>
[2014-03-18 12:19:14][2524][INFO]service start running: service <C_RTime>, exitcode <0>
[2014-03-18 12:19:19][2524][INFO]service start running: service <C_Task>, exitcode <0>
[2014-03-19 12:23:23][2640][INFO]service start running: service <C_Media>, exitcode <0>
[2014-03-19 12:23:23][2640][INFO]service start running: service <C_Proxy>, exitcode <0>
[2014-03-19 12:23:23][2640][INFO]service start running: service <C_RTime>, exitcode <0>
[2014-03-19 12:23:28][2640][INFO]service start running: service <C_Task>, exitcode <0>
[2014-03-23 15:42:20][2524][INFO]service start running: service <C_Media>, exitcode <0>
[2014-03-23 15:42:20][2524][INFO]service start running: service <C_Proxy>, exitcode <0>
[2014-03-23 15:42:20][2524][INFO]service start running: service <C_RTime>, exitcode <0>
[2014-03-23 15:42:25][2524][INFO]service start running: service <C_Task>, exitcode <0>
[2014-03-24 12:49:30][2532][INFO]service start running: service <C_Media>, exitcode <0>
[2014-03-24 12:49:30][2532][INFO]service start running: service <C_Proxy>, exitcode <0>
[2014-03-24 12:49:30][2532][INFO]service start running: service <C_RTime>, exitcode <0>
[2014-03-24 12:49:35][2532][INFO]service start running: service <C_Task>, exitcode <0>
[2014-03-25 12:39:38][2524][INFO]service start running: service <C_Media>, exitcode <0>
[2014-03-25 12:39:38][2524][INFO]service start running: service <C_Proxy>, exitcode <0>
[2014-03-25 12:39:38][2524][INFO]service start running: service <C_RTime>, exitcode <0>
[2014-03-25 12:39:44][2524][INFO]service start running: service <C_Task>, exitcode <0>
[2014-03-26 12:36:00][2528][INFO]service start running: service <C_Media>, exitcode <0>
[2014-03-26 12:36:00][2528][INFO]service start running: service <C_Proxy>, exitcode <0>
[2014-03-26 12:36:00][2528][INFO]service start running: service <C_RTime>, exitcode <0>
[2014-03-26 12:36:05][2528][INFO]service start running: service <C_Task>, exitcode <0>
[2014-03-26 17:31:47][2528][INFO]service start running: service <C_Media>, exitcode <0>
[2014-03-26 17:31:47][2528][INFO]service start running: service <C_Proxy>, exitcode <0>
[2014-03-26 17:31:47][2528][INFO]service start running: service <C_RTime>, exitcode <0>
[2014-03-26 17:31:52][2528][INFO]service start running: service <C_Task>, exitcode <0>
[2014-03-28 09:43:25][2552][INFO]service start running: service <C_Media>, exitcode <0>
[2014-03-28 09:43:25][2552][INFO]service start running: service <C_Proxy>, exitcode <0>
[2014-03-28 09:43:25][2552][INFO]service start running: service <C_RTime>, exitcode <0>
[2014-03-28 09:43:30][2552][INFO]service start running: service <C_Task>, exitcode <0>
[2014-03-31 12:35:36][2568][INFO]service start running: service <C_Media>, exitcode <0>
[2014-03-31 12:35:36][2568][INFO]service start running: service <C_Proxy>, exitcode <0>
[2014-03-31 12:35:36][2568][INFO]service start running: service <C_RTime>, exitcode <0>
[2014-03-31 12:35:41][2568][INFO]service start running: service <C_Task>, exitcode <0>
[2014-04-01 12:04:14][2564][INFO]service start running: service <C_Media>, exitcode <0>
[2014-04-01 12:04:14][2564][INFO]service start running: service <C_Proxy>, exitcode <0>
[2014-04-01 12:04:14][2564][INFO]service start running: service <C_RTime>, exitcode <0>
[2014-04-01 12:04:19][2564][INFO]service start running: service <C_Task>, exitcode <0>
[2014-04-02 12:29:03][2556][INFO]service start running: service <C_Media>, exitcode <0>
[2014-04-02 12:29:03][2556][INFO]service start running: service <C_Proxy>, exitcode <0>
[2014-04-02 12:29:03][2556][INFO]service start running: service <C_RTime>, exitcode <0>
[2014-04-02 12:29:08][2556][INFO]service start running: service <C_Task>, exitcode <0>
[2014-04-03 15:44:51][2560][INFO]service start running: service <C_Media>, exitcode <0>
[2014-04-03 15:44:51][2560][INFO]service start running: service <C_Proxy>, exitcode <0>
[2014-04-03 15:44:51][2560][INFO]service start running: service <C_RTime>, exitcode <0>
[2014-04-03 15:44:57][2560][INFO]service start running: service <C_Task>, exitcode <0>
[2014-04-08 12:29:09][2564][INFO]service start running: service <C_Media>, exitcode <0>
[2014-04-08 12:29:09][2564][INFO]service start running: service <C_Proxy>, exitcode <0>
[2014-04-08 12:29:09][2564][INFO]service start running: service <C_RTime>, exitcode <0>
[2014-04-08 12:29:14][2564][INFO]service start running: service <C_Task>, exitcode <0>
[2014-04-09 12:35:25][2604][INFO]service start running: service <C_Media>, exitcode <0>
[2014-04-09 12:35:25][2604][INFO]service start running: service <C_Proxy>, exitcode <0>
[2014-04-09 12:35:25][2604][INFO]service start running: service <C_RTime>, exitcode <0>
[2014-04-09 12:35:30][2604][INFO]service start running: service <C_Task>, exitcode <0>
[2014-04-10 12:43:43][2600][INFO]service start running: service <C_Media>, exitcode <0>
[2014-04-10 12:43:43][2600][INFO]service start running: service <C_Proxy>, exitcode <0>
[2014-04-10 12:43:43][2600][INFO]service start running: service <C_RTime>, exitcode <0>
[2014-04-10 12:43:48][2600][INFO]service start running: service <C_Task>, exitcode <0>
[2014-04-10 12:58:14][2572][INFO]service start running: service <C_Media>, exitcode <0>
[2014-04-10 12:58:14][2572][INFO]service start running: service <C_Proxy>, exitcode <0>
[2014-04-10 12:58:14][2572][INFO]service start running: service <C_RTime>, exitcode <0>
[2014-04-10 12:58:19][2572][INFO]service start running: service <C_Task>, exitcode <0>
[2014-04-14 12:12:22][2556][INFO]service start running: service <C_Media>, exitcode <0>
[2014-04-14 12:12:22][2556][INFO]service start running: service <C_Proxy>, exitcode <0>
[2014-04-14 12:12:22][2556][INFO]service start running: service <C_RTime>, exitcode <0>
[2014-04-14 12:12:27][2556][INFO]service start running: service <C_Task>, exitcode <0>
[2014-04-15 09:58:05][2860][INFO]service start running: service <C_Media>, exitcode <0>
[2014-04-15 09:58:05][2860][INFO]service start running: service <C_Proxy>, exitcode <0>
[2014-04-15 09:58:05][2860][INFO]service start running: service <C_RTime>, exitcode <0>
[2014-04-15 09:58:10][2860][INFO]service start running: service <C_Task>, exitcode <0>
[2014-04-15 12:32:34][2592][INFO]service start running: service <C_Media>, exitcode <0>
[2014-04-15 12:32:34][2592][INFO]service start running: service <C_Proxy>, exitcode <0>
[2014-04-15 12:32:34][2592][INFO]service start running: service <C_RTime>, exitcode <0>
[2014-04-15 12:32:39][2592][INFO]service start running: service <C_Task>, exitcode <0>
[2014-04-16 13:14:52][2612][INFO]service start running: service <C_Media>, exitcode <0>
[2014-04-16 13:14:52][2612][INFO]service start running: service <C_Proxy>, exitcode <0>
[2014-04-16 13:14:52][2612][INFO]service start running: service <C_RTime>, exitcode <0>
[2014-04-16 13:14:57][2612][INFO]service start running: service <C_Task>, exitcode <0>
[2014-04-17 12:49:53][2624][INFO]service start running: service <C_Media>, exitcode <0>
[2014-04-17 12:49:53][2624][INFO]service start running: service <C_Proxy>, exitcode <0>
[2014-04-17 12:49:53][2624][INFO]service start running: service <C_RTime>, exitcode <0>
[2014-04-17 12:49:58][2624][INFO]service start running: service <C_Task>, exitcode <0>
[2014-04-21 09:53:26][2620][INFO]service start running: service <C_Media>, exitcode <0>
[2014-04-21 09:53:26][2620][INFO]service start running: service <C_Proxy>, exitcode <0>
[2014-04-21 09:53:26][2620][INFO]service start running: service <C_RTime>, exitcode <0>
[2014-04-21 09:53:31][2620][INFO]service start running: service <C_Task>, exitcode <0>
[2014-04-22 12:26:36][2612][INFO]service start running: service <C_Media>, exitcode <0>
[2014-04-22 12:26:36][2612][INFO]service start running: service <C_Proxy>, exitcode <0>
[2014-04-22 12:26:36][2612][INFO]service start running: service <C_RTime>, exitcode <0>
[2014-04-22 12:26:41][2612][INFO]service start running: service <C_Task>, exitcode <0>
[2014-04-22 17:31:33][2656][INFO]service start running: service <C_Media>, exitcode <0>
[2014-04-22 17:31:33][2656][INFO]service start running: service <C_Proxy>, exitcode <0>
[2014-04-22 17:31:33][2656][INFO]service start running: service <C_RTime>, exitcode <0>
[2014-04-22 17:31:38][2656][INFO]service start running: service <C_Task>, exitcode <0>
[2014-04-23 12:20:07][2612][INFO]service start running: service <C_Media>, exitcode <0>
[2014-04-23 12:20:07][2612][INFO]service start running: service <C_Proxy>, exitcode <0>
[2014-04-23 12:20:07][2612][INFO]service start running: service <C_RTime>, exitcode <0>
[2014-04-23 12:20:12][2612][INFO]service start running: service <C_Task>, exitcode <0>
[2014-04-24 12:38:08][2560][INFO]service start running: service <C_Media>, exitcode <0>
[2014-04-24 12:38:08][2560][INFO]service start running: service <C_Proxy>, exitcode <0>
[2014-04-24 12:38:08][2560][INFO]service start running: service <C_RTime>, exitcode <0>
[2014-04-24 12:38:13][2560][INFO]service start running: service <C_Task>, exitcode <0>
[2014-04-28 17:42:07][2544][INFO]service start running: service <C_Media>, exitcode <0>
[2014-04-28 17:42:07][2544][INFO]service start running: service <C_Proxy>, exitcode <0>
[2014-04-28 17:42:07][2544][INFO]service start running: service <C_RTime>, exitcode <0>
[2014-04-28 17:42:12][2544][INFO]service start running: service <C_Task>, exitcode <0>
[2014-04-29 17:31:09][2564][INFO]service start running: service <C_Media>, exitcode <0>
[2014-04-29 17:31:09][2564][INFO]service start running: service <C_Proxy>, exitcode <0>
[2014-04-29 17:31:09][2564][INFO]service start running: service <C_RTime>, exitcode <0>
[2014-04-29 17:31:14][2564][INFO]service start running: service <C_Task>, exitcode <0>
[2014-05-04 12:04:39][2536][INFO]service start running: service <C_Media>, exitcode <0>
[2014-05-04 12:04:39][2536][INFO]service start running: service <C_Proxy>, exitcode <0>
[2014-05-04 12:04:39][2536][INFO]service start running: service <C_RTime>, exitcode <0>
[2014-05-04 12:04:44][2536][INFO]service start running: service <C_Task>, exitcode <0>
[2014-05-04 12:11:40][2532][INFO]service start running: service <C_Media>, exitcode <0>
[2014-05-04 12:11:40][2532][INFO]service start running: service <C_Proxy>, exitcode <0>
[2014-05-04 12:11:40][2532][INFO]service start running: service <C_RTime>, exitcode <0>
[2014-05-04 12:11:45][2532][INFO]service start running: service <C_Task>, exitcode <0>
[2014-05-05 12:01:30][2560][INFO]service start running: service <C_Media>, exitcode <0>
[2014-05-05 12:01:30][2560][INFO]service start running: service <C_Proxy>, exitcode <0>
[2014-05-05 12:01:30][2560][INFO]service start running: service <C_RTime>, exitcode <0>
[2014-05-05 12:01:35][2560][INFO]service start running: service <C_Task>, exitcode <0>
[2014-05-06 16:17:23][2364][INFO]service start running: service <C_Media>, exitcode <0>
[2014-05-06 16:17:23][2364][INFO]service start running: service <C_Proxy>, exitcode <0>
[2014-05-06 16:17:23][2364][INFO]service start running: service <C_RTime>, exitcode <0>
[2014-05-06 16:17:28][2364][INFO]service start running: service <C_Task>, exitcode <0>
[2014-05-07 12:04:31][2072][INFO]service start running: service <C_Media>, exitcode <0>
[2014-05-07 12:04:31][2072][INFO]service start running: service <C_Proxy>, exitcode <0>
[2014-05-07 12:04:31][2072][INFO]service start running: service <C_RTime>, exitcode <0>
[2014-05-07 12:04:36][2072][INFO]service start running: service <C_Task>, exitcode <0>
[2014-05-08 12:01:19][1596][INFO]service start running: service <C_Media>, exitcode <0>
[2014-05-08 12:01:19][1596][INFO]service start running: service <C_Proxy>, exitcode <0>
[2014-05-08 12:01:19][1596][INFO]service start running: service <C_RTime>, exitcode <0>
[2014-05-08 12:01:24][1596][INFO]service start running: service <C_Task>, exitcode <0>
[2014-05-11 11:40:39][2404][INFO]service start running: service <C_Media>, exitcode <0>
[2014-05-11 11:40:39][2404][INFO]service start running: service <C_Proxy>, exitcode <0>
[2014-05-11 11:40:39][2404][INFO]service start running: service <C_RTime>, exitcode <0>
[2014-05-11 11:40:44][2404][INFO]service start running: service <C_Task>, exitcode <0>
[2014-05-11 13:04:59][2580][INFO]service start running: service <C_Media>, exitcode <0>
[2014-05-11 13:04:59][2580][INFO]service start running: service <C_Proxy>, exitcode <0>
[2014-05-11 13:04:59][2580][INFO]service start running: service <C_RTime>, exitcode <0>
[2014-05-11 13:05:04][2580][INFO]service start running: service <C_Task>, exitcode <0>
[2014-05-11 15:02:33][2832][INFO]service start running: service <C_Media>, exitcode <0>
[2014-05-11 15:02:33][2832][INFO]service start running: service <C_Proxy>, exitcode <0>
[2014-05-11 15:02:33][2832][INFO]service start running: service <C_RTime>, exitcode <0>
[2014-05-11 15:02:38][2832][INFO]service start running: service <C_Task>, exitcode <0>
[2014-05-12 17:06:09][2888][INFO]service start running: service <C_Media>, exitcode <0>
[2014-05-12 17:06:09][2888][INFO]service start running: service <C_Proxy>, exitcode <0>
[2014-05-12 17:06:09][2888][INFO]service start running: service <C_RTime>, exitcode <0>
[2014-05-12 17:06:14][2888][INFO]service start running: service <C_Task>, exitcode <0>
[2014-05-13 16:21:24][2912][INFO]service start running: service <C_Media>, exitcode <0>
[2014-05-13 16:21:24][2912][INFO]service start running: service <C_Proxy>, exitcode <0>
[2014-05-13 16:21:24][2912][INFO]service start running: service <C_RTime>, exitcode <0>
[2014-05-13 16:21:24][2912][INFO]service start running: service <C_Task>, exitcode <0>
[2014-05-14 12:00:41][2860][INFO]service start running: service <C_Media>, exitcode <0>
[2014-05-14 12:00:41][2860][INFO]service start running: service <C_Proxy>, exitcode <0>
[2014-05-14 12:00:41][2860][INFO]service start running: service <C_RTime>, exitcode <0>
[2014-05-14 12:00:46][2860][INFO]service start running: service <C_Task>, exitcode <0>
[2014-05-19 17:59:48][2888][INFO]service start running: service <C_Media>, exitcode <0>
[2014-05-19 17:59:48][2888][INFO]service start running: service <C_Proxy>, exitcode <0>
[2014-05-19 17:59:48][2888][INFO]service start running: service <C_RTime>, exitcode <0>
[2014-05-19 17:59:53][2888][INFO]service start running: service <C_Task>, exitcode <0>
[2014-05-20 16:15:43][2796][INFO]service start running: service <C_Media>, exitcode <0>
[2014-05-20 16:15:43][2796][INFO]service start running: service <C_Proxy>, exitcode <0>
[2014-05-20 16:15:43][2796][INFO]service start running: service <C_RTime>, exitcode <0>
[2014-05-20 16:15:48][2796][INFO]service start running: service <C_Task>, exitcode <0>
[2014-05-21 12:02:05][2872][INFO]service start running: service <C_Media>, exitcode <0>
[2014-05-21 12:02:05][2872][INFO]service start running: service <C_Proxy>, exitcode <0>
[2014-05-21 12:02:05][2872][INFO]service start running: service <C_RTime>, exitcode <0>
[2014-05-21 12:02:10][2872][INFO]service start running: service <C_Task>, exitcode <0>
[2014-05-22 16:16:18][2892][INFO]service start running: service <C_Media>, exitcode <0>
[2014-05-22 16:16:18][2892][INFO]service start running: service <C_Proxy>, exitcode <0>
[2014-05-22 16:16:18][2892][INFO]service start running: service <C_RTime>, exitcode <0>
[2014-05-22 16:16:23][2892][INFO]service start running: service <C_Task>, exitcode <0>
[2014-05-23 16:15:49][348][INFO]service start running: service <C_Media>, exitcode <0>
[2014-05-23 16:15:49][348][INFO]service start running: service <C_Proxy>, exitcode <0>
[2014-05-23 16:15:49][348][INFO]service start running: service <C_RTime>, exitcode <0>
[2014-05-23 16:15:54][348][INFO]service start running: service <C_Task>, exitcode <0>
[2014-05-26 17:08:32][3200][INFO]service start running: service <C_Media>, exitcode <0>
[2014-05-26 17:08:32][3200][INFO]service start running: service <C_Proxy>, exitcode <0>
[2014-05-26 17:08:32][3200][INFO]service start running: service <C_RTime>, exitcode <0>
[2014-05-26 17:08:37][3200][INFO]service start running: service <C_Task>, exitcode <0>
[2014-05-27 16:14:58][1796][INFO]service start running: service <C_Media>, exitcode <0>
[2014-05-27 16:14:58][1796][INFO]service start running: service <C_Proxy>, exitcode <0>
[2014-05-27 16:14:58][1796][INFO]service start running: service <C_RTime>, exitcode <0>
[2014-05-27 16:15:03][1796][INFO]service start running: service <C_Task>, exitcode <0>
[2014-05-27 17:02:42][1924][INFO]service start running: service <C_Media>, exitcode <0>
[2014-05-27 17:02:42][1924][INFO]service start running: service <C_Proxy>, exitcode <0>
[2014-05-27 17:02:42][1924][INFO]service start running: service <C_RTime>, exitcode <0>
[2014-05-27 17:02:47][1924][INFO]service start running: service <C_Task>, exitcode <0>
[2014-05-28 18:00:57][1904][INFO]service start running: service <C_Media>, exitcode <0>
[2014-05-28 18:00:57][1904][INFO]service start running: service <C_Proxy>, exitcode <0>
[2014-05-28 18:00:57][1904][INFO]service start running: service <C_RTime>, exitcode <0>
[2014-05-28 18:01:02][1904][INFO]service start running: service <C_Task>, exitcode <0>
[2014-05-28 18:08:57][1904][INFO]service stopped: service <C_RTime>, exitcode <0>
[2014-05-28 18:09:07][1904][INFO]service start running: service <C_RTime>, exitcode <0>
[2014-05-29 11:59:22][1904][INFO]service start running: service <C_Media>, exitcode <0>
[2014-05-29 11:59:22][1904][INFO]service start running: service <C_Proxy>, exitcode <0>
[2014-05-29 11:59:22][1904][INFO]service start running: service <C_RTime>, exitcode <0>
[2014-05-29 11:59:27][1904][INFO]service start running: service <C_Task>, exitcode <0>
[2014-05-29 18:00:15][1928][INFO]service start running: service <C_Media>, exitcode <0>
[2014-05-29 18:00:15][1928][INFO]service start running: service <C_Proxy>, exitcode <0>
[2014-05-29 18:00:15][1928][INFO]service start running: service <C_RTime>, exitcode <0>
[2014-05-29 18:00:35][1928][INFO]service stopped: service <C_Task>, exitcode <1>
[2014-05-29 18:00:35][1928][INFO]rise service: service <C_Task>, exitcode <1>
[2014-05-29 18:00:40][1928][INFO]service start running: service <C_Task>, exitcode <0>
[2014-06-03 17:53:36][1968][INFO]service start running: service <C_Media>, exitcode <0>
[2014-06-03 17:53:36][1968][INFO]service start running: service <C_Proxy>, exitcode <0>
[2014-06-03 17:53:36][1968][INFO]service start running: service <C_RTime>, exitcode <0>
[2014-06-03 17:53:41][1968][INFO]service start running: service <C_Task>, exitcode <0>
[2014-06-04 12:03:39][2004][INFO]service start running: service <C_Media>, exitcode <0>
[2014-06-04 12:03:39][2004][INFO]service start running: service <C_Proxy>, exitcode <0>
[2014-06-04 12:03:39][2004][INFO]service start running: service <C_RTime>, exitcode <0>
[2014-06-04 12:03:44][2004][INFO]service start running: service <C_Task>, exitcode <0>
[2014-06-09 16:10:46][1984][INFO]service start running: service <C_Media>, exitcode <0>
[2014-06-09 16:10:46][1984][INFO]service start running: service <C_Proxy>, exitcode <0>
[2014-06-09 16:10:46][1984][INFO]service start running: service <C_RTime>, exitcode <0>
[2014-06-09 16:10:51][1984][INFO]service start running: service <C_Task>, exitcode <0>
[2014-06-10 13:50:14][2000][INFO]service start running: service <C_Media>, exitcode <0>
[2014-06-10 13:50:14][2000][INFO]service start running: service <C_Proxy>, exitcode <0>
[2014-06-10 13:50:14][2000][INFO]service start running: service <C_RTime>, exitcode <0>
[2014-06-10 13:50:19][2000][INFO]service start running: service <C_Task>, exitcode <0>
[2014-06-11 17:58:16][1980][INFO]service start running: service <C_Media>, exitcode <0>
[2014-06-11 17:58:16][1980][INFO]service start running: service <C_Proxy>, exitcode <0>
[2014-06-11 17:58:16][1980][INFO]service start running: service <C_RTime>, exitcode <0>
[2014-06-11 17:58:21][1980][INFO]service start running: service <C_Task>, exitcode <0>
[2014-06-12 11:59:30][1976][INFO]service start running: service <C_Media>, exitcode <0>
[2014-06-12 11:59:30][1976][INFO]service start running: service <C_Proxy>, exitcode <0>
[2014-06-12 11:59:30][1976][INFO]service start running: service <C_RTime>, exitcode <0>
[2014-06-12 11:59:35][1976][INFO]service start running: service <C_Task>, exitcode <0>
[2014-06-14 14:39:14][2000][INFO]service start running: service <C_Media>, exitcode <0>
[2014-06-14 14:39:14][2000][INFO]service start running: service <C_Proxy>, exitcode <0>
[2014-06-14 14:39:14][2000][INFO]service start running: service <C_RTime>, exitcode <0>
[2014-06-14 14:39:19][2000][INFO]service start running: service <C_Task>, exitcode <0>
[2014-06-14 21:05:08][1940][INFO]service start running: service <C_Media>, exitcode <0>
[2014-06-14 21:05:08][1940][INFO]service start running: service <C_Proxy>, exitcode <0>
[2014-06-14 21:05:08][1940][INFO]service start running: service <C_RTime>, exitcode <0>
[2014-06-14 21:05:13][1940][INFO]service start running: service <C_Task>, exitcode <0>
[2014-06-15 12:03:32][1952][INFO]service start running: service <C_Media>, exitcode <0>
[2014-06-15 12:03:32][1952][INFO]service start running: service <C_Proxy>, exitcode <0>
[2014-06-15 12:03:32][1952][INFO]service start running: service <C_RTime>, exitcode <0>
[2014-06-15 12:03:37][1952][INFO]service start running: service <C_Task>, exitcode <0>
[2014-06-16 12:06:39][1956][INFO]service start running: service <C_Media>, exitcode <0>
[2014-06-16 12:06:39][1956][INFO]service start running: service <C_Proxy>, exitcode <0>
[2014-06-16 12:06:39][1956][INFO]service start running: service <C_RTime>, exitcode <0>
[2014-06-16 12:06:44][1956][INFO]service start running: service <C_Task>, exitcode <0>
[2014-06-17 08:51:40][1948][INFO]service start running: service <C_Media>, exitcode <0>
[2014-06-17 08:51:40][1948][INFO]service start running: service <C_Proxy>, exitcode <0>
[2014-06-17 08:51:40][1948][INFO]service start running: service <C_RTime>, exitcode <0>
[2014-06-17 08:51:45][1948][INFO]service start running: service <C_Task>, exitcode <0>
[2014-06-17 09:40:53][1952][INFO]service start running: service <C_Media>, exitcode <0>
[2014-06-17 09:40:53][1952][INFO]service start running: service <C_Proxy>, exitcode <0>
[2014-06-17 09:40:53][1952][INFO]service start running: service <C_RTime>, exitcode <0>
[2014-06-17 09:40:58][1952][INFO]service start running: service <C_Task>, exitcode <0>
[2014-06-17 12:09:23][1976][INFO]service start running: service <C_Media>, exitcode <0>
[2014-06-17 12:09:23][1976][INFO]service start running: service <C_Proxy>, exitcode <0>
[2014-06-17 12:09:23][1976][INFO]service start running: service <C_RTime>, exitcode <0>
[2014-06-17 12:09:28][1976][INFO]service start running: service <C_Task>, exitcode <0>
[2014-06-18 12:06:10][1964][INFO]service start running: service <C_Media>, exitcode <0>
[2014-06-18 12:06:10][1964][INFO]service start running: service <C_Proxy>, exitcode <0>
[2014-06-18 12:06:10][1964][INFO]service start running: service <C_RTime>, exitcode <0>
[2014-06-18 12:06:15][1964][INFO]service start running: service <C_Task>, exitcode <0>
[2014-06-19 12:03:22][1976][INFO]service start running: service <C_Media>, exitcode <0>
[2014-06-19 12:03:22][1976][INFO]service start running: service <C_Proxy>, exitcode <0>
[2014-06-19 12:03:22][1976][INFO]service start running: service <C_RTime>, exitcode <0>
[2014-06-19 12:03:27][1976][INFO]service start running: service <C_Task>, exitcode <0>
[2014-06-23 12:02:39][320][INFO]service start running: service <C_Media>, exitcode <0>
[2014-06-23 12:02:39][320][INFO]service start running: service <C_Proxy>, exitcode <0>
[2014-06-23 12:02:39][320][INFO]service start running: service <C_RTime>, exitcode <0>
[2014-06-23 12:02:44][320][INFO]service start running: service <C_Task>, exitcode <0>
[2014-06-24 16:23:05][328][INFO]service start running: service <C_Media>, exitcode <0>
[2014-06-24 16:23:05][328][INFO]service start running: service <C_Proxy>, exitcode <0>
[2014-06-24 16:23:05][328][INFO]service start running: service <C_RTime>, exitcode <0>
[2014-06-24 16:23:10][328][INFO]service start running: service <C_Task>, exitcode <0>
[2014-06-24 18:10:53][272][INFO]service start running: service <C_Media>, exitcode <0>
[2014-06-24 18:10:53][272][INFO]service start running: service <C_Proxy>, exitcode <0>
[2014-06-24 18:10:53][272][INFO]service start running: service <C_RTime>, exitcode <0>
[2014-06-24 18:10:58][272][INFO]service start running: service <C_Task>, exitcode <0>
[2014-06-24 18:16:34][272][INFO]service stopped: service <C_RTime>, exitcode <0>
[2014-06-24 18:16:39][272][INFO]service start running: service <C_RTime>, exitcode <0>
[2014-06-24 18:18:25][340][INFO]service start running: service <C_Media>, exitcode <0>
[2014-06-24 18:18:25][340][INFO]service start running: service <C_Proxy>, exitcode <0>
[2014-06-24 18:18:25][340][INFO]service start running: service <C_RTime>, exitcode <0>
[2014-06-24 18:18:30][340][INFO]service start running: service <C_Task>, exitcode <0>
[2014-06-25 12:06:02][324][INFO]service start running: service <C_Media>, exitcode <0>
[2014-06-25 12:06:02][324][INFO]service start running: service <C_Proxy>, exitcode <0>
[2014-06-25 12:06:02][324][INFO]service start running: service <C_RTime>, exitcode <0>
[2014-06-25 12:06:07][324][INFO]service start running: service <C_Task>, exitcode <0>
[2014-06-26 12:03:02][316][INFO]service start running: service <C_Media>, exitcode <0>
[2014-06-26 12:03:02][316][INFO]service start running: service <C_Proxy>, exitcode <0>
[2014-06-26 12:03:02][316][INFO]service start running: service <C_RTime>, exitcode <0>
[2014-06-26 12:03:07][316][INFO]service start running: service <C_Task>, exitcode <0>
[2014-06-30 16:12:53][320][INFO]service start running: service <C_Media>, exitcode <0>
[2014-06-30 16:12:53][320][INFO]service start running: service <C_Proxy>, exitcode <0>
[2014-06-30 16:12:53][320][INFO]service start running: service <C_RTime>, exitcode <0>
[2014-06-30 16:12:58][320][INFO]service start running: service <C_Task>, exitcode <0>
[2014-07-01 16:23:28][272][INFO]service start running: service <C_Media>, exitcode <0>
[2014-07-01 16:23:28][272][INFO]service start running: service <C_Proxy>, exitcode <0>
[2014-07-01 16:23:28][272][INFO]service start running: service <C_RTime>, exitcode <0>
[2014-07-01 16:23:33][272][INFO]service start running: service <C_Task>, exitcode <0>
[2014-07-02 12:04:54][312][INFO]service start running: service <C_Media>, exitcode <0>
[2014-07-02 12:04:54][312][INFO]service start running: service <C_Proxy>, exitcode <0>
[2014-07-02 12:04:54][312][INFO]service start running: service <C_RTime>, exitcode <0>
[2014-07-02 12:04:59][312][INFO]service start running: service <C_Task>, exitcode <0>
[2014-07-03 08:55:33][120][INFO]service start running: service <C_Media>, exitcode <0>
[2014-07-03 08:55:33][120][INFO]service start running: service <C_Proxy>, exitcode <0>
[2014-07-03 08:55:33][120][INFO]service start running: service <C_RTime>, exitcode <0>
[2014-07-03 08:55:38][120][INFO]service start running: service <C_Task>, exitcode <0>
[2014-07-03 18:29:26][312][INFO]service start running: service <C_Media>, exitcode <0>
[2014-07-03 18:29:26][312][INFO]service start running: service <C_Proxy>, exitcode <0>
[2014-07-03 18:29:26][312][INFO]service start running: service <C_RTime>, exitcode <0>
[2014-07-03 18:29:31][312][INFO]service start running: service <C_Task>, exitcode <0>
[2014-07-04 12:03:06][312][INFO]service start running: service <C_Media>, exitcode <0>
[2014-07-04 12:03:06][312][INFO]service start running: service <C_Proxy>, exitcode <0>
[2014-07-04 12:03:06][312][INFO]service start running: service <C_RTime>, exitcode <0>
[2014-07-04 12:03:11][312][INFO]service start running: service <C_Task>, exitcode <0>
[2014-07-05 13:51:52][324][INFO]service start running: service <C_Media>, exitcode <0>
[2014-07-05 13:51:52][324][INFO]service start running: service <C_Proxy>, exitcode <0>
[2014-07-05 13:51:52][324][INFO]service start running: service <C_RTime>, exitcode <0>
[2014-07-05 13:51:57][324][INFO]service start running: service <C_Task>, exitcode <0>
[2014-07-07 12:31:49][304][INFO]service start running: service <C_Media>, exitcode <0>
[2014-07-07 12:31:49][304][INFO]service start running: service <C_Proxy>, exitcode <0>
[2014-07-07 12:31:49][304][INFO]service start running: service <C_RTime>, exitcode <0>
[2014-07-07 12:31:54][304][INFO]service start running: service <C_Task>, exitcode <0>
[2014-08-07 15:56:14][336][INFO]service start running: service <C_Media>, exitcode <0>
[2014-08-07 15:56:14][336][INFO]service start running: service <C_Proxy>, exitcode <0>
[2014-08-07 15:56:14][336][INFO]service start running: service <C_RTime>, exitcode <0>
[2014-08-07 15:56:19][336][INFO]service start running: service <C_Task>, exitcode <0>
[2014-09-02 12:32:44][328][INFO]service start running: service <C_Media>, exitcode <0>
[2014-09-02 12:32:44][328][INFO]service start running: service <C_Proxy>, exitcode <0>
[2014-09-02 12:32:44][328][INFO]service start running: service <C_RTime>, exitcode <0>
[2014-09-02 12:32:49][328][INFO]service start running: service <C_Task>, exitcode <0>
[2014-09-02 16:22:51][308][INFO]service start running: service <C_Media>, exitcode <0>
[2014-09-02 16:22:51][308][INFO]service start running: service <C_Proxy>, exitcode <0>
[2014-09-02 16:22:51][308][INFO]service start running: service <C_RTime>, exitcode <0>
[2014-09-02 16:22:56][308][INFO]service start running: service <C_Task>, exitcode <0>
[2014-09-03 12:32:38][312][INFO]service start running: service <C_Media>, exitcode <0>
[2014-09-03 12:32:38][312][INFO]service start running: service <C_Proxy>, exitcode <0>
[2014-09-03 12:32:38][312][INFO]service start running: service <C_RTime>, exitcode <0>
[2014-09-03 12:32:43][312][INFO]service start running: service <C_Task>, exitcode <0>
[2014-09-04 16:21:15][1168][INFO]service start running: service <C_Media>, exitcode <0>
[2014-09-04 16:21:15][1168][INFO]service start running: service <C_Proxy>, exitcode <0>
[2014-09-04 16:21:15][1168][INFO]service start running: service <C_RTime>, exitcode <0>
[2014-09-04 16:21:20][1168][INFO]service start running: service <C_Task>, exitcode <0>
[2014-09-05 12:42:24][2060][INFO]service start running: service <C_Media>, exitcode <0>
[2014-09-05 12:42:24][2060][INFO]service start running: service <C_Proxy>, exitcode <0>
[2014-09-05 12:42:24][2060][INFO]service start running: service <C_RTime>, exitcode <0>
[2014-09-05 12:42:29][2060][INFO]service start running: service <C_Task>, exitcode <0>
[2014-09-09 06:08:21][2128][INFO]service start running: service <C_Media>, exitcode <0>
[2014-09-09 06:08:21][2128][INFO]service start running: service <C_Proxy>, exitcode <0>
[2014-09-09 06:08:21][2128][INFO]service start running: service <C_RTime>, exitcode <0>
[2014-09-09 06:08:26][2128][INFO]service start running: service <C_Task>, exitcode <0>
[2014-09-09 08:49:42][2108][INFO]service start running: service <C_Media>, exitcode <0>
[2014-09-09 08:49:42][2108][INFO]service start running: service <C_Proxy>, exitcode <0>
[2014-09-09 08:49:42][2108][INFO]service start running: service <C_RTime>, exitcode <0>
[2014-09-09 08:49:47][2108][INFO]service start running: service <C_Task>, exitcode <0>
[2014-09-09 16:14:58][2108][INFO]service start running: service <C_Media>, exitcode <0>
[2014-09-09 16:14:58][2108][INFO]service start running: service <C_Proxy>, exitcode <0>
[2014-09-09 16:14:58][2108][INFO]service start running: service <C_RTime>, exitcode <0>
[2014-09-09 16:15:03][2108][INFO]service start running: service <C_Task>, exitcode <0>
[2014-09-10 12:04:30][2120][INFO]service start running: service <C_Media>, exitcode <0>
[2014-09-10 12:04:30][2120][INFO]service start running: service <C_Proxy>, exitcode <0>
[2014-09-10 12:04:30][2120][INFO]service start running: service <C_RTime>, exitcode <0>
[2014-09-10 12:04:35][2120][INFO]service start running: service <C_Task>, exitcode <0>
[2014-09-10 18:01:18][2100][INFO]service start running: service <C_Media>, exitcode <0>
[2014-09-10 18:01:18][2100][INFO]service start running: service <C_Proxy>, exitcode <0>
[2014-09-10 18:01:18][2100][INFO]service start running: service <C_RTime>, exitcode <0>
[2014-09-10 18:01:23][2100][INFO]service start running: service <C_Task>, exitcode <0>
[2014-09-11 12:32:02][2156][INFO]service start running: service <C_Media>, exitcode <0>
[2014-09-11 12:32:02][2156][INFO]service start running: service <C_Proxy>, exitcode <0>
[2014-09-11 12:32:02][2156][INFO]service start running: service <C_RTime>, exitcode <0>
[2014-09-11 12:32:07][2156][INFO]service start running: service <C_Task>, exitcode <0>
[2014-09-11 16:43:30][2108][INFO]service start running: service <C_Media>, exitcode <0>
[2014-09-11 16:43:30][2108][INFO]service start running: service <C_Proxy>, exitcode <0>
[2014-09-11 16:43:30][2108][INFO]service start running: service <C_RTime>, exitcode <0>
[2014-09-11 16:43:35][2108][INFO]service start running: service <C_Task>, exitcode <0>
[2014-09-12 08:50:53][2108][INFO]service start running: service <C_Media>, exitcode <0>
[2014-09-12 08:50:53][2108][INFO]service start running: service <C_Proxy>, exitcode <0>
[2014-09-12 08:50:53][2108][INFO]service start running: service <C_RTime>, exitcode <0>
[2014-09-12 08:50:58][2108][INFO]service start running: service <C_Task>, exitcode <0>
[2014-09-15 15:14:45][2104][INFO]service start running: service <C_Media>, exitcode <0>
[2014-09-15 15:14:45][2104][INFO]service start running: service <C_Proxy>, exitcode <0>
[2014-09-15 15:14:45][2104][INFO]service start running: service <C_RTime>, exitcode <0>
[2014-09-15 15:14:50][2104][INFO]service start running: service <C_Task>, exitcode <0>
[2014-09-16 12:46:13][2116][INFO]service start running: service <C_Media>, exitcode <0>
[2014-09-16 12:46:13][2116][INFO]service start running: service <C_Proxy>, exitcode <0>
[2014-09-16 12:46:13][2116][INFO]service start running: service <C_RTime>, exitcode <0>
[2014-09-16 12:46:18][2116][INFO]service start running: service <C_Task>, exitcode <0>
[2014-09-16 16:14:55][2112][INFO]service start running: service <C_Media>, exitcode <0>
[2014-09-16 16:14:55][2112][INFO]service start running: service <C_Proxy>, exitcode <0>
[2014-09-16 16:14:55][2112][INFO]service start running: service <C_RTime>, exitcode <0>
[2014-09-16 16:15:00][2112][INFO]service start running: service <C_Task>, exitcode <0>
[2014-09-17 12:16:02][2120][INFO]service start running: service <C_Media>, exitcode <0>
[2014-09-17 12:16:02][2120][INFO]service start running: service <C_Proxy>, exitcode <0>
[2014-09-17 12:16:02][2120][INFO]service start running: service <C_RTime>, exitcode <0>
[2014-09-17 12:16:07][2120][INFO]service start running: service <C_Task>, exitcode <0>
[2014-09-18 12:02:55][2108][INFO]service start running: service <C_Media>, exitcode <0>
[2014-09-18 12:02:55][2108][INFO]service start running: service <C_Proxy>, exitcode <0>
[2014-09-18 12:02:55][2108][INFO]service start running: service <C_RTime>, exitcode <0>
[2014-09-18 12:03:00][2108][INFO]service start running: service <C_Task>, exitcode <0>
[2014-09-19 09:04:46][2120][INFO]service start running: service <C_Media>, exitcode <0>
[2014-09-19 09:04:46][2120][INFO]service start running: service <C_Proxy>, exitcode <0>
[2014-09-19 09:04:46][2120][INFO]service start running: service <C_RTime>, exitcode <0>
[2014-09-19 09:04:51][2120][INFO]service start running: service <C_Task>, exitcode <0>
[2014-09-19 12:32:55][2096][INFO]service start running: service <C_Media>, exitcode <0>
[2014-09-19 12:32:55][2096][INFO]service start running: service <C_Proxy>, exitcode <0>
[2014-09-19 12:32:55][2096][INFO]service start running: service <C_RTime>, exitcode <0>
[2014-09-19 12:33:00][2096][INFO]service start running: service <C_Task>, exitcode <0>
[2014-09-22 15:17:35][2108][INFO]service start running: service <C_Media>, exitcode <0>
[2014-09-22 15:17:35][2108][INFO]service start running: service <C_Proxy>, exitcode <0>
[2014-09-22 15:17:35][2108][INFO]service start running: service <C_RTime>, exitcode <0>
[2014-09-22 15:17:40][2108][INFO]service start running: service <C_Task>, exitcode <0>
[2014-09-22 15:18:00][2108][INFO]service stopped: service <C_Proxy>, exitcode <1>
[2014-09-22 15:18:00][2108][INFO]rise service: service <C_Proxy>, exitcode <1>
[2014-09-22 15:18:05][2108][INFO]service start running: service <C_Proxy>, exitcode <0>
[2014-09-23 16:12:49][2112][INFO]service start running: service <C_Media>, exitcode <0>
[2014-09-23 16:12:49][2112][INFO]service start running: service <C_Proxy>, exitcode <0>
[2014-09-23 16:12:49][2112][INFO]service start running: service <C_RTime>, exitcode <0>
[2014-09-23 16:12:54][2112][INFO]service start running: service <C_Task>, exitcode <0>
[2014-09-24 12:00:51][2100][INFO]service start running: service <C_Media>, exitcode <0>
[2014-09-24 12:00:51][2100][INFO]service start running: service <C_Proxy>, exitcode <0>
[2014-09-24 12:00:51][2100][INFO]service start running: service <C_RTime>, exitcode <0>
[2014-09-24 12:00:56][2100][INFO]service start running: service <C_Task>, exitcode <0>
[2014-09-25 12:04:32][2100][INFO]service start running: service <C_Media>, exitcode <0>
[2014-09-25 12:04:32][2100][INFO]service start running: service <C_Proxy>, exitcode <0>
[2014-09-25 12:04:32][2100][INFO]service start running: service <C_RTime>, exitcode <0>
[2014-09-25 12:04:37][2100][INFO]service start running: service <C_Task>, exitcode <0>
[2014-09-26 12:23:34][2108][INFO]service start running: service <C_Media>, exitcode <0>
[2014-09-26 12:23:34][2108][INFO]service start running: service <C_Proxy>, exitcode <0>
[2014-09-26 12:23:34][2108][INFO]service start running: service <C_RTime>, exitcode <0>
[2014-09-26 12:23:39][2108][INFO]service start running: service <C_Task>, exitcode <0>
[2014-09-28 08:51:48][2104][INFO]service start running: service <C_Media>, exitcode <0>
[2014-09-28 08:51:48][2104][INFO]service start running: service <C_Proxy>, exitcode <0>
[2014-09-28 08:51:48][2104][INFO]service start running: service <C_RTime>, exitcode <0>
[2014-09-28 08:51:53][2104][INFO]service start running: service <C_Task>, exitcode <0>
[2014-09-28 12:19:43][2112][INFO]service start running: service <C_Media>, exitcode <0>
[2014-09-28 12:19:43][2112][INFO]service start running: service <C_Proxy>, exitcode <0>
[2014-09-28 12:19:43][2112][INFO]service start running: service <C_RTime>, exitcode <0>
[2014-09-28 12:19:48][2112][INFO]service start running: service <C_Task>, exitcode <0>
[2014-09-29 12:09:04][2120][INFO]service start running: service <C_Media>, exitcode <0>
[2014-09-29 12:09:04][2120][INFO]service start running: service <C_Proxy>, exitcode <0>
[2014-09-29 12:09:04][2120][INFO]service start running: service <C_RTime>, exitcode <0>
[2014-09-29 12:09:09][2120][INFO]service start running: service <C_Task>, exitcode <0>
[2014-09-29 12:37:48][2116][INFO]service start running: service <C_Media>, exitcode <0>
[2014-09-29 12:37:48][2116][INFO]service start running: service <C_Proxy>, exitcode <0>
[2014-09-29 12:37:48][2116][INFO]service start running: service <C_RTime>, exitcode <0>
[2014-09-29 12:37:53][2116][INFO]service start running: service <C_Task>, exitcode <0>
[2014-09-30 15:35:22][2116][INFO]service start running: service <C_Media>, exitcode <0>
[2014-09-30 15:35:22][2116][INFO]service start running: service <C_Proxy>, exitcode <0>
[2014-09-30 15:35:22][2116][INFO]service start running: service <C_RTime>, exitcode <0>
[2014-09-30 15:35:27][2116][INFO]service start running: service <C_Task>, exitcode <0>
[2014-10-08 12:26:19][2104][INFO]service start running: service <C_Media>, exitcode <0>
[2014-10-08 12:26:19][2104][INFO]service start running: service <C_Proxy>, exitcode <0>
[2014-10-08 12:26:19][2104][INFO]service start running: service <C_RTime>, exitcode <0>
[2014-10-08 12:26:24][2104][INFO]service start running: service <C_Task>, exitcode <0>
[2014-10-09 12:39:59][2104][INFO]service start running: service <C_Media>, exitcode <0>
[2014-10-09 12:39:59][2104][INFO]service start running: service <C_Proxy>, exitcode <0>
[2014-10-09 12:39:59][2104][INFO]service start running: service <C_RTime>, exitcode <0>
[2014-10-09 12:40:04][2104][INFO]service start running: service <C_Task>, exitcode <0>
[2014-10-10 12:04:18][2112][INFO]service start running: service <C_Media>, exitcode <0>
[2014-10-10 12:04:18][2112][INFO]service start running: service <C_Proxy>, exitcode <0>
[2014-10-10 12:04:18][2112][INFO]service start running: service <C_RTime>, exitcode <0>
[2014-10-10 12:04:23][2112][INFO]service start running: service <C_Task>, exitcode <0>
[2014-10-13 14:44:51][2100][INFO]service start running: service <C_Media>, exitcode <0>
[2014-10-13 14:44:51][2100][INFO]service start running: service <C_Proxy>, exitcode <0>
[2014-10-13 14:44:51][2100][INFO]service start running: service <C_RTime>, exitcode <0>
[2014-10-13 14:44:56][2100][INFO]service start running: service <C_Task>, exitcode <0>
[2014-10-14 12:03:13][2108][INFO]service start running: service <C_Media>, exitcode <0>
[2014-10-14 12:03:13][2108][INFO]service start running: service <C_Proxy>, exitcode <0>
[2014-10-14 12:03:13][2108][INFO]service start running: service <C_RTime>, exitcode <0>
[2014-10-14 12:03:18][2108][INFO]service start running: service <C_Task>, exitcode <0>
[2014-10-15 09:50:40][2104][INFO]service start running: service <C_Media>, exitcode <0>
[2014-10-15 09:50:40][2104][INFO]service start running: service <C_Proxy>, exitcode <0>
[2014-10-15 09:50:40][2104][INFO]service start running: service <C_RTime>, exitcode <0>
[2014-10-15 09:50:45][2104][INFO]service start running: service <C_Task>, exitcode <0>
[2014-10-16 15:55:35][2108][INFO]service start running: service <C_Media>, exitcode <0>
[2014-10-16 15:55:35][2108][INFO]service start running: service <C_Proxy>, exitcode <0>
[2014-10-16 15:55:35][2108][INFO]service start running: service <C_RTime>, exitcode <0>
[2014-10-16 15:55:40][2108][INFO]service start running: service <C_Task>, exitcode <0>
[2014-10-17 12:44:17][2192][INFO]service start running: service <C_Media>, exitcode <0>
[2014-10-17 12:44:17][2192][INFO]service start running: service <C_Proxy>, exitcode <0>
[2014-10-17 12:44:17][2192][INFO]service start running: service <C_RTime>, exitcode <0>
[2014-10-17 12:44:22][2192][INFO]service start running: service <C_Task>, exitcode <0>
[2014-10-20 12:32:21][2152][INFO]service start running: service <C_Media>, exitcode <0>
[2014-10-20 12:32:21][2152][INFO]service start running: service <C_Proxy>, exitcode <0>
[2014-10-20 12:32:21][2152][INFO]service start running: service <C_RTime>, exitcode <0>
[2014-10-20 12:32:26][2152][INFO]service start running: service <C_Task>, exitcode <0>
[2014-10-20 12:57:35][2116][INFO]service start running: service <C_Media>, exitcode <0>
[2014-10-20 12:57:35][2116][INFO]service start running: service <C_Proxy>, exitcode <0>
[2014-10-20 12:57:35][2116][INFO]service start running: service <C_RTime>, exitcode <0>
[2014-10-20 12:57:40][2116][INFO]service start running: service <C_Task>, exitcode <0>
[2014-10-21 15:45:38][2120][INFO]service start running: service <C_Media>, exitcode <0>
[2014-10-21 15:45:38][2120][INFO]service start running: service <C_Proxy>, exitcode <0>
[2014-10-21 15:45:38][2120][INFO]service start running: service <C_RTime>, exitcode <0>
[2014-10-21 15:45:43][2120][INFO]service start running: service <C_Task>, exitcode <0>
[2014-10-22 12:04:32][2116][INFO]service start running: service <C_Media>, exitcode <0>
[2014-10-22 12:04:32][2116][INFO]service start running: service <C_Proxy>, exitcode <0>
[2014-10-22 12:04:32][2116][INFO]service start running: service <C_RTime>, exitcode <0>
[2014-10-22 12:04:37][2116][INFO]service start running: service <C_Task>, exitcode <0>
[2014-10-23 12:32:22][2100][INFO]service start running: service <C_Media>, exitcode <0>
[2014-10-23 12:32:22][2100][INFO]service start running: service <C_Proxy>, exitcode <0>
[2014-10-23 12:32:22][2100][INFO]service start running: service <C_RTime>, exitcode <0>
[2014-10-23 12:32:27][2100][INFO]service start running: service <C_Task>, exitcode <0>
[2014-10-24 12:32:03][2112][INFO]service start running: service <C_Media>, exitcode <0>
[2014-10-24 12:32:03][2112][INFO]service start running: service <C_Proxy>, exitcode <0>
[2014-10-24 12:32:03][2112][INFO]service start running: service <C_RTime>, exitcode <0>
[2014-10-24 12:32:08][2112][INFO]service start running: service <C_Task>, exitcode <0>
[2014-10-26 07:06:30][2104][INFO]service start running: service <C_Media>, exitcode <0>
[2014-10-26 07:06:30][2104][INFO]service start running: service <C_Proxy>, exitcode <0>
[2014-10-26 07:06:30][2104][INFO]service start running: service <C_RTime>, exitcode <0>
[2014-10-26 07:06:35][2104][INFO]service start running: service <C_Task>, exitcode <0>
[2014-10-27 12:35:52][308][INFO]service start running: service <C_Media>, exitcode <0>
[2014-10-27 12:35:52][308][INFO]service start running: service <C_Proxy>, exitcode <0>
[2014-10-27 12:35:52][308][INFO]service start running: service <C_RTime>, exitcode <0>
[2014-10-27 12:35:57][308][INFO]service start running: service <C_Task>, exitcode <0>
[2014-10-27 17:33:06][2112][INFO]service start running: service <C_Media>, exitcode <0>
[2014-10-27 17:33:06][2112][INFO]service start running: service <C_Proxy>, exitcode <0>
[2014-10-27 17:33:06][2112][INFO]service start running: service <C_RTime>, exitcode <0>
[2014-10-27 17:33:11][2112][INFO]service start running: service <C_Task>, exitcode <0>
[2014-10-28 13:35:49][2064][INFO]service start running: service <C_Media>, exitcode <0>
[2014-10-28 13:35:49][2064][INFO]service start running: service <C_Proxy>, exitcode <0>
[2014-10-28 13:35:49][2064][INFO]service start running: service <C_RTime>, exitcode <0>
[2014-10-28 13:35:54][2064][INFO]service start running: service <C_Task>, exitcode <0>
[2014-10-29 12:13:10][2124][INFO]service start running: service <C_Media>, exitcode <0>
[2014-10-29 12:13:10][2124][INFO]service start running: service <C_Proxy>, exitcode <0>
[2014-10-29 12:13:10][2124][INFO]service start running: service <C_RTime>, exitcode <0>
[2014-10-29 12:13:15][2124][INFO]service start running: service <C_Task>, exitcode <0>
[2014-10-29 12:19:09][2100][INFO]service start running: service <C_Media>, exitcode <0>
[2014-10-29 12:19:09][2100][INFO]service start running: service <C_Proxy>, exitcode <0>
[2014-10-29 12:19:09][2100][INFO]service start running: service <C_RTime>, exitcode <0>
[2014-10-29 12:19:14][2100][INFO]service start running: service <C_Task>, exitcode <0>
[2014-10-30 12:31:57][2120][INFO]service start running: service <C_Media>, exitcode <0>
[2014-10-30 12:31:57][2120][INFO]service start running: service <C_Proxy>, exitcode <0>
[2014-10-30 12:31:57][2120][INFO]service start running: service <C_RTime>, exitcode <0>
[2014-10-30 12:32:02][2120][INFO]service start running: service <C_Task>, exitcode <0>
[2014-10-31 12:29:02][2128][INFO]service start running: service <C_Media>, exitcode <0>
[2014-10-31 12:29:02][2128][INFO]service start running: service <C_Proxy>, exitcode <0>
[2014-10-31 12:29:02][2128][INFO]service start running: service <C_RTime>, exitcode <0>
[2014-10-31 12:29:07][2128][INFO]service start running: service <C_Task>, exitcode <0>
[2014-11-03 10:03:46][2128][INFO]service start running: service <C_Media>, exitcode <0>
[2014-11-03 10:03:46][2128][INFO]service start running: service <C_Proxy>, exitcode <0>
[2014-11-03 10:03:46][2128][INFO]service start running: service <C_RTime>, exitcode <0>
[2014-11-03 10:03:51][2128][INFO]service start running: service <C_Task>, exitcode <0>
[2014-11-04 12:33:37][2096][INFO]service start running: service <C_Media>, exitcode <0>
[2014-11-04 12:33:37][2096][INFO]service start running: service <C_Proxy>, exitcode <0>
[2014-11-04 12:33:37][2096][INFO]service start running: service <C_RTime>, exitcode <0>
[2014-11-04 12:33:43][2096][INFO]service start running: service <C_Task>, exitcode <0>
[2014-11-05 12:16:06][2112][INFO]service start running: service <C_Media>, exitcode <0>
[2014-11-05 12:16:06][2112][INFO]service start running: service <C_Proxy>, exitcode <0>
[2014-11-05 12:16:06][2112][INFO]service start running: service <C_RTime>, exitcode <0>
[2014-11-05 12:16:11][2112][INFO]service start running: service <C_Task>, exitcode <0>
[2014-11-06 09:59:21][2132][INFO]service start running: service <C_Media>, exitcode <0>
[2014-11-06 09:59:21][2132][INFO]service start running: service <C_Proxy>, exitcode <0>
[2014-11-06 09:59:21][2132][INFO]service start running: service <C_RTime>, exitcode <0>
[2014-11-06 09:59:26][2132][INFO]service start running: service <C_Task>, exitcode <0>
[2014-11-06 12:35:11][2128][INFO]service start running: service <C_Media>, exitcode <0>
[2014-11-06 12:35:11][2128][INFO]service start running: service <C_Proxy>, exitcode <0>
[2014-11-06 12:35:11][2128][INFO]service start running: service <C_RTime>, exitcode <0>
[2014-11-06 12:35:16][2128][INFO]service start running: service <C_Task>, exitcode <0>
[2014-11-07 12:31:48][2124][INFO]service start running: service <C_Media>, exitcode <0>
[2014-11-07 12:31:48][2124][INFO]service start running: service <C_Proxy>, exitcode <0>
[2014-11-07 12:31:48][2124][INFO]service start running: service <C_RTime>, exitcode <0>
[2014-11-07 12:31:53][2124][INFO]service start running: service <C_Task>, exitcode <0>
[2014-11-08 12:52:27][2116][INFO]service start running: service <C_Media>, exitcode <0>
[2014-11-08 12:52:27][2116][INFO]service start running: service <C_Proxy>, exitcode <0>
[2014-11-08 12:52:27][2116][INFO]service start running: service <C_RTime>, exitcode <0>
[2014-11-08 12:52:32][2116][INFO]service start running: service <C_Task>, exitcode <0>
[2014-11-10 12:49:34][2108][INFO]service start running: service <C_Media>, exitcode <0>
[2014-11-10 12:49:34][2108][INFO]service start running: service <C_Proxy>, exitcode <0>
[2014-11-10 12:49:34][2108][INFO]service start running: service <C_RTime>, exitcode <0>
[2014-11-10 12:49:39][2108][INFO]service start running: service <C_Task>, exitcode <0>
[2014-11-12 12:14:11][2116][INFO]service start running: service <C_Media>, exitcode <0>
[2014-11-12 12:14:11][2116][INFO]service start running: service <C_Proxy>, exitcode <0>
[2014-11-12 12:14:11][2116][INFO]service start running: service <C_RTime>, exitcode <0>
[2014-11-12 12:14:16][2116][INFO]service start running: service <C_Task>, exitcode <0>
[2014-11-13 12:30:52][2116][INFO]service start running: service <C_Media>, exitcode <0>
[2014-11-13 12:30:52][2116][INFO]service start running: service <C_Proxy>, exitcode <0>
[2014-11-13 12:30:52][2116][INFO]service start running: service <C_RTime>, exitcode <0>
[2014-11-13 12:30:57][2116][INFO]service start running: service <C_Task>, exitcode <0>
[2014-11-14 15:52:06][2132][INFO]service start running: service <C_Media>, exitcode <0>
[2014-11-14 15:52:06][2132][INFO]service start running: service <C_Proxy>, exitcode <0>
[2014-11-14 15:52:06][2132][INFO]service start running: service <C_RTime>, exitcode <0>
[2014-11-14 15:52:11][2132][INFO]service start running: service <C_Task>, exitcode <0>
[2014-11-17 12:44:35][2108][INFO]service start running: service <C_Media>, exitcode <0>
[2014-11-17 12:44:35][2108][INFO]service start running: service <C_Proxy>, exitcode <0>
[2014-11-17 12:44:35][2108][INFO]service start running: service <C_RTime>, exitcode <0>
[2014-11-17 12:44:40][2108][INFO]service start running: service <C_Task>, exitcode <0>
[2014-11-18 13:56:23][2104][INFO]service start running: service <C_Media>, exitcode <0>
[2014-11-18 13:56:23][2104][INFO]service start running: service <C_Proxy>, exitcode <0>
[2014-11-18 13:56:23][2104][INFO]service start running: service <C_RTime>, exitcode <0>
[2014-11-18 13:56:28][2104][INFO]service start running: service <C_Task>, exitcode <0>
[2014-11-19 12:18:14][2112][INFO]service start running: service <C_Media>, exitcode <0>
[2014-11-19 12:18:14][2112][INFO]service start running: service <C_Proxy>, exitcode <0>
[2014-11-19 12:18:14][2112][INFO]service start running: service <C_RTime>, exitcode <0>
[2014-11-19 12:18:19][2112][INFO]service start running: service <C_Task>, exitcode <0>
[2014-11-20 15:46:34][2128][INFO]service start running: service <C_Media>, exitcode <0>
[2014-11-20 15:46:34][2128][INFO]service start running: service <C_Proxy>, exitcode <0>
[2014-11-20 15:46:34][2128][INFO]service start running: service <C_RTime>, exitcode <0>
[2014-11-20 15:46:39][2128][INFO]service start running: service <C_Task>, exitcode <0>
[2014-11-24 12:33:10][2100][INFO]service start running: service <C_Media>, exitcode <0>
[2014-11-24 12:33:10][2100][INFO]service start running: service <C_Proxy>, exitcode <0>
[2014-11-24 12:33:10][2100][INFO]service start running: service <C_RTime>, exitcode <0>
[2014-11-24 12:33:15][2100][INFO]service start running: service <C_Task>, exitcode <0>
[2014-11-25 12:38:19][2116][INFO]service start running: service <C_Media>, exitcode <0>
[2014-11-25 12:38:19][2116][INFO]service start running: service <C_Proxy>, exitcode <0>
[2014-11-25 12:38:19][2116][INFO]service start running: service <C_RTime>, exitcode <0>
[2014-11-25 12:38:24][2116][INFO]service start running: service <C_Task>, exitcode <0>
[2014-11-26 14:49:57][2116][INFO]service start running: service <C_Media>, exitcode <0>
[2014-11-26 14:49:57][2116][INFO]service start running: service <C_Proxy>, exitcode <0>
[2014-11-26 14:49:57][2116][INFO]service start running: service <C_RTime>, exitcode <0>
[2014-11-26 14:50:02][2116][INFO]service start running: service <C_Task>, exitcode <0>
[2014-11-27 15:44:54][2128][INFO]service start running: service <C_Media>, exitcode <0>
[2014-11-27 15:44:54][2128][INFO]service start running: service <C_Proxy>, exitcode <0>
[2014-11-27 15:44:54][2128][INFO]service start running: service <C_RTime>, exitcode <0>
[2014-11-27 15:44:59][2128][INFO]service start running: service <C_Task>, exitcode <0>
[2014-11-28 12:50:59][2116][INFO]service start running: service <C_Media>, exitcode <0>
[2014-11-28 12:50:59][2116][INFO]service start running: service <C_Proxy>, exitcode <0>
[2014-11-28 12:50:59][2116][INFO]service start running: service <C_RTime>, exitcode <0>
[2014-11-28 12:51:04][2116][INFO]service start running: service <C_Task>, exitcode <0>
[2014-12-01 12:29:00][2128][INFO]service start running: service <C_Media>, exitcode <0>
[2014-12-01 12:29:00][2128][INFO]service start running: service <C_Proxy>, exitcode <0>
[2014-12-01 12:29:00][2128][INFO]service start running: service <C_RTime>, exitcode <0>
[2014-12-01 12:29:05][2128][INFO]service start running: service <C_Task>, exitcode <0>
[2014-12-02 17:32:07][2124][INFO]service start running: service <C_Media>, exitcode <0>
[2014-12-02 17:32:07][2124][INFO]service start running: service <C_Proxy>, exitcode <0>
[2014-12-02 17:32:07][2124][INFO]service start running: service <C_RTime>, exitcode <0>
[2014-12-02 17:32:12][2124][INFO]service start running: service <C_Task>, exitcode <0>
[2014-12-03 17:21:59][2128][INFO]service start running: service <C_Media>, exitcode <0>
[2014-12-03 17:21:59][2128][INFO]service start running: service <C_Proxy>, exitcode <0>
[2014-12-03 17:21:59][2128][INFO]service start running: service <C_RTime>, exitcode <0>
[2014-12-03 17:22:04][2128][INFO]service start running: service <C_Task>, exitcode <0>
[2014-12-04 12:34:44][2124][INFO]service start running: service <C_Media>, exitcode <0>
[2014-12-04 12:34:44][2124][INFO]service start running: service <C_Proxy>, exitcode <0>
[2014-12-04 12:34:44][2124][INFO]service start running: service <C_RTime>, exitcode <0>
[2014-12-04 12:34:49][2124][INFO]service start running: service <C_Task>, exitcode <0>
[2014-12-05 12:29:44][2160][INFO]service start running: service <C_Media>, exitcode <0>
[2014-12-05 12:29:44][2160][INFO]service start running: service <C_Proxy>, exitcode <0>
[2014-12-05 12:29:44][2160][INFO]service start running: service <C_RTime>, exitcode <0>
[2014-12-05 12:29:49][2160][INFO]service start running: service <C_Task>, exitcode <0>
[2014-12-08 12:10:37][2128][INFO]service start running: service <C_Media>, exitcode <0>
[2014-12-08 12:10:37][2128][INFO]service start running: service <C_Proxy>, exitcode <0>
[2014-12-08 12:10:37][2128][INFO]service start running: service <C_RTime>, exitcode <0>
[2014-12-08 12:10:42][2128][INFO]service start running: service <C_Task>, exitcode <0>
[2014-12-09 13:03:29][2140][INFO]service start running: service <C_Media>, exitcode <0>
[2014-12-09 13:03:29][2140][INFO]service start running: service <C_Proxy>, exitcode <0>
[2014-12-09 13:03:29][2140][INFO]service start running: service <C_RTime>, exitcode <0>
[2014-12-09 13:03:34][2140][INFO]service start running: service <C_Task>, exitcode <0>
[2014-12-10 17:31:55][2128][INFO]service start running: service <C_Media>, exitcode <0>
[2014-12-10 17:31:55][2128][INFO]service start running: service <C_Proxy>, exitcode <0>
[2014-12-10 17:31:55][2128][INFO]service start running: service <C_RTime>, exitcode <0>
[2014-12-10 17:32:00][2128][INFO]service start running: service <C_Task>, exitcode <0>
[2014-12-11 09:48:38][2080][INFO]service start running: service <C_Media>, exitcode <0>
[2014-12-11 09:48:38][2080][INFO]service start running: service <C_Proxy>, exitcode <0>
[2014-12-11 09:48:38][2080][INFO]service start running: service <C_RTime>, exitcode <0>
[2014-12-11 09:48:43][2080][INFO]service start running: service <C_Task>, exitcode <0>
[2014-12-12 14:43:35][2080][INFO]service start running: service <C_Media>, exitcode <0>
[2014-12-12 14:43:35][2080][INFO]service start running: service <C_Proxy>, exitcode <0>
[2014-12-12 14:43:35][2080][INFO]service start running: service <C_RTime>, exitcode <0>
[2014-12-12 14:43:40][2080][INFO]service start running: service <C_Task>, exitcode <0>
[2014-12-15 17:32:20][2132][INFO]service start running: service <C_Media>, exitcode <0>
[2014-12-15 17:32:20][2132][INFO]service start running: service <C_Proxy>, exitcode <0>
[2014-12-15 17:32:20][2132][INFO]service start running: service <C_RTime>, exitcode <0>
[2014-12-15 17:32:25][2132][INFO]service start running: service <C_Task>, exitcode <0>
[2014-12-16 17:35:32][2184][INFO]service start running: service <C_Media>, exitcode <0>
[2014-12-16 17:35:32][2184][INFO]service start running: service <C_Proxy>, exitcode <0>
[2014-12-16 17:35:32][2184][INFO]service start running: service <C_RTime>, exitcode <0>
[2014-12-16 17:35:37][2184][INFO]service start running: service <C_Task>, exitcode <0>
[2014-12-17 17:32:04][2212][INFO]service start running: service <C_Media>, exitcode <0>
[2014-12-17 17:32:04][2212][INFO]service start running: service <C_Proxy>, exitcode <0>
[2014-12-17 17:32:04][2212][INFO]service start running: service <C_RTime>, exitcode <0>
[2014-12-17 17:32:09][2212][INFO]service start running: service <C_Task>, exitcode <0>
[2014-12-18 15:42:38][2124][INFO]service start running: service <C_Media>, exitcode <0>
[2014-12-18 15:42:38][2124][INFO]service start running: service <C_Proxy>, exitcode <0>
[2014-12-18 15:42:38][2124][INFO]service start running: service <C_RTime>, exitcode <0>
[2014-12-18 15:42:43][2124][INFO]service start running: service <C_Task>, exitcode <0>
[2014-12-18 15:52:41][2128][INFO]service start running: service <C_Media>, exitcode <0>
[2014-12-18 15:52:41][2128][INFO]service start running: service <C_Proxy>, exitcode <0>
[2014-12-18 15:52:41][2128][INFO]service start running: service <C_RTime>, exitcode <0>
[2014-12-18 15:52:46][2128][INFO]service start running: service <C_Task>, exitcode <0>
[2014-12-18 15:53:32][2128][INFO]service stopped: service <C_RTime>, exitcode <0>
[2014-12-18 15:55:07][2128][INFO]service start running: service <C_RTime>, exitcode <0>
[2014-12-18 16:02:06][2124][INFO]service start running: service <C_Media>, exitcode <0>
[2014-12-18 16:02:06][2124][INFO]service start running: service <C_Proxy>, exitcode <0>
[2014-12-18 16:02:06][2124][INFO]service start running: service <C_RTime>, exitcode <0>
[2014-12-18 16:02:11][2124][INFO]service start running: service <C_Task>, exitcode <0>
[2014-12-18 16:03:11][2124][INFO]service start running: service <C_RTime>, exitcode <0>
[2014-12-18 16:04:06][2124][INFO]service stopped: service <C_RTime>, exitcode <0>
[2014-12-18 16:04:11][2124][INFO]service start running: service <C_RTime>, exitcode <0>
[2014-12-18 16:14:04][2156][INFO]service start running: service <C_Media>, exitcode <0>
[2014-12-18 16:14:04][2156][INFO]service start running: service <C_Proxy>, exitcode <0>
[2014-12-18 16:14:04][2156][INFO]service start running: service <C_RTime>, exitcode <0>
[2014-12-18 16:14:09][2156][INFO]service start running: service <C_Task>, exitcode <0>
[2014-12-18 16:14:49][2156][INFO]service stopped: service <C_RTime>, exitcode <0>
[2014-12-18 16:14:54][2156][INFO]service start running: service <C_RTime>, exitcode <0>
[2014-12-18 16:23:13][2156][INFO]Monitor Control: service <C_Media>, monitor <1>
[2014-12-18 16:23:13][2156][INFO]Monitor Control: service <C_Proxy>, monitor <1>
[2014-12-18 16:23:13][2156][INFO]Monitor Control: service <C_Forwd>, monitor <1>
[2014-12-18 16:23:13][2156][INFO]Monitor Control: service <C_RTime>, monitor <1>
[2014-12-18 16:23:13][2156][INFO]Monitor Control: service <C_Task>, monitor <1>
[2014-12-18 16:23:13][2156][INFO]Monitor Control: service <C_SMerger>, monitor <1>
[2014-12-18 16:23:13][2156][INFO]Monitor Control: service <sndrec>, monitor <1>
[2014-12-18 16:23:13][2156][INFO]Monitor Control: service <SIPService>, monitor <1>
[2014-12-18 16:23:13][2156][INFO]Monitor Control: service <C_ChannelSvr>, monitor <1>
[2014-12-18 16:23:13][2156][INFO]Monitor Control: service <C_RadioSvr>, monitor <1>
[2014-12-18 16:47:49][2156][INFO]Monitor Control: service <C_Media>, monitor <1>
[2014-12-18 16:47:49][2156][INFO]Monitor Control: service <C_Proxy>, monitor <1>
[2014-12-18 16:47:49][2156][INFO]Monitor Control: service <C_Forwd>, monitor <1>
[2014-12-18 16:47:49][2156][INFO]Monitor Control: service <C_RTime>, monitor <1>
[2014-12-18 16:47:49][2156][INFO]Monitor Control: service <C_Task>, monitor <1>
[2014-12-18 16:47:49][2156][INFO]Monitor Control: service <C_SMerger>, monitor <1>
[2014-12-18 16:47:49][2156][INFO]Monitor Control: service <sndrec>, monitor <1>
[2014-12-18 16:47:49][2156][INFO]Monitor Control: service <SIPService>, monitor <1>
[2014-12-18 16:47:49][2156][INFO]Monitor Control: service <C_ChannelSvr>, monitor <1>
[2014-12-18 16:47:49][2156][INFO]Monitor Control: service <C_RadioSvr>, monitor <1>
[2014-12-18 16:47:50][2156][INFO]Monitor Control: service <C_Media>, monitor <1>
[2014-12-18 16:47:50][2156][INFO]Monitor Control: service <C_Proxy>, monitor <1>
[2014-12-18 16:47:50][2156][INFO]Monitor Control: service <C_Forwd>, monitor <1>
[2014-12-18 16:47:50][2156][INFO]Monitor Control: service <C_RTime>, monitor <1>
[2014-12-18 16:47:50][2156][INFO]Monitor Control: service <C_Task>, monitor <1>
[2014-12-18 16:47:50][2156][INFO]Monitor Control: service <C_SMerger>, monitor <1>
[2014-12-18 16:47:50][2156][INFO]Monitor Control: service <sndrec>, monitor <1>
[2014-12-18 16:47:50][2156][INFO]Monitor Control: service <SIPService>, monitor <1>
[2014-12-18 16:47:50][2156][INFO]Monitor Control: service <C_ChannelSvr>, monitor <1>
[2014-12-18 16:47:50][2156][INFO]Monitor Control: service <C_RadioSvr>, monitor <1>
[2014-12-18 16:47:51][2156][INFO]Monitor Control: service <C_Media>, monitor <1>
[2014-12-18 16:47:51][2156][INFO]Monitor Control: service <C_Proxy>, monitor <1>
[2014-12-18 16:47:51][2156][INFO]Monitor Control: service <C_Forwd>, monitor <1>
[2014-12-18 16:47:51][2156][INFO]Monitor Control: service <C_RTime>, monitor <1>
[2014-12-18 16:47:51][2156][INFO]Monitor Control: service <C_Task>, monitor <1>
[2014-12-18 16:47:51][2156][INFO]Monitor Control: service <C_SMerger>, monitor <1>
[2014-12-18 16:47:51][2156][INFO]Monitor Control: service <sndrec>, monitor <1>
[2014-12-18 16:47:51][2156][INFO]Monitor Control: service <SIPService>, monitor <1>
[2014-12-18 16:47:51][2156][INFO]Monitor Control: service <C_ChannelSvr>, monitor <1>
[2014-12-18 16:47:51][2156][INFO]Monitor Control: service <C_RadioSvr>, monitor <1>
[2017-05-02 14:59:02][1716][INFO]service start running: service <C_Media>, exitcode <0>
[2017-05-02 14:59:02][1716][INFO]service start running: service <C_Proxy>, exitcode <0>
[2017-05-02 14:59:02][1716][INFO]service start running: service <C_RTime>, exitcode <0>
[2017-05-02 14:59:02][1716][INFO]service start running: service <C_Task>, exitcode <0>
[2017-05-02 15:08:38][1716][INFO]service stopped: service <C_Forwd>, exitcode <1077>
[2017-05-02 15:08:38][1716][INFO]rise service: service <C_Forwd>, exitcode <1077>
[2017-05-02 15:08:43][1716][INFO]service start running: service <C_Forwd>, exitcode <0>
[2017-05-02 15:10:53][1712][INFO]service start running: service <C_Media>, exitcode <0>
[2017-05-02 15:10:53][1712][INFO]service start running: service <C_Proxy>, exitcode <0>
[2017-05-02 15:10:53][1712][INFO]service start running: service <C_Forwd>, exitcode <0>
[2017-05-02 15:10:53][1712][INFO]service start running: service <C_RTime>, exitcode <0>
[2017-05-02 15:10:58][1712][INFO]service start running: service <C_Task>, exitcode <0>
[2017-05-02 15:17:12][1728][INFO]service start running: service <C_Media>, exitcode <0>
[2017-05-02 15:17:12][1728][INFO]service start running: service <C_Proxy>, exitcode <0>
[2017-05-02 15:17:12][1728][INFO]service start running: service <C_Forwd>, exitcode <0>
[2017-05-02 15:17:12][1728][INFO]service start running: service <C_RTime>, exitcode <0>
[2017-05-02 15:17:17][1728][INFO]service start running: service <C_Task>, exitcode <0>
[2017-05-02 16:43:33][1728][INFO]Monitor Control: service <sndrec>, monitor <1>
[2017-05-02 16:43:36][1728][INFO]Monitor Control: service <sndrec>, monitor <1>
[2017-05-02 16:43:39][1728][INFO]Monitor Control: service <C_SMerger>, monitor <1>
[2017-05-02 16:43:42][1728][INFO]Monitor Control: service <sndrec>, monitor <1>
[2017-05-02 16:43:44][1728][INFO]Monitor Control: service <SIPService>, monitor <1>
[2017-05-02 17:02:55][1500][INFO]service start running: service <C_Media>, exitcode <0>
[2017-05-02 17:02:55][1500][INFO]service start running: service <C_Proxy>, exitcode <0>
[2017-05-02 17:02:55][1500][INFO]service start running: service <C_Forwd>, exitcode <0>
[2017-05-02 17:02:55][1500][INFO]service start running: service <C_RTime>, exitcode <0>
[2017-05-02 17:03:00][1500][INFO]service start running: service <C_Task>, exitcode <0>
[2017-05-02 17:07:41][1500][INFO]Monitor Control: service <C_Media>, monitor <1>
[2017-05-02 17:07:41][1500][INFO]Monitor Control: service <C_Proxy>, monitor <1>
[2017-05-02 17:07:41][1500][INFO]Monitor Control: service <C_Forwd>, monitor <1>
[2017-05-02 17:07:41][1500][INFO]Monitor Control: service <C_RTime>, monitor <1>
[2017-05-02 17:07:41][1500][INFO]Monitor Control: service <C_Task>, monitor <1>
[2017-05-02 17:07:41][1500][INFO]Monitor Control: service <C_SMerger>, monitor <1>
[2017-05-02 17:07:41][1500][INFO]Monitor Control: service <sndrec>, monitor <1>
[2017-05-02 17:07:41][1500][INFO]Monitor Control: service <SIPService>, monitor <1>
[2017-05-02 17:07:41][1500][INFO]Monitor Control: service <C_ChannelSvr>, monitor <1>
[2017-05-02 17:07:41][1500][INFO]Monitor Control: service <C_RadioSvr>, monitor <1>
[2017-05-02 17:07:52][1500][INFO]Monitor Control: service <C_Media>, monitor <0>
[2017-05-02 17:07:52][1500][INFO]Monitor Control: service <C_Proxy>, monitor <0>
[2017-05-02 17:07:52][1500][INFO]Monitor Control: service <C_Forwd>, monitor <0>
[2017-05-02 17:07:52][1500][INFO]Monitor Control: service <C_RTime>, monitor <0>
[2017-05-02 17:07:52][1500][INFO]Monitor Control: service <C_Task>, monitor <0>
[2017-05-02 17:07:52][1500][INFO]Monitor Control: service <C_SMerger>, monitor <0>
[2017-05-02 17:07:52][1500][INFO]Monitor Control: service <sndrec>, monitor <0>
[2017-05-02 17:07:52][1500][INFO]Monitor Control: service <SIPService>, monitor <0>
[2017-05-02 17:07:52][1500][INFO]Monitor Control: service <C_ChannelSvr>, monitor <0>
[2017-05-02 17:07:52][1500][INFO]Monitor Control: service <C_RadioSvr>, monitor <0>
[2017-05-02 17:07:59][1500][INFO]Monitor Control: service <C_Media>, monitor <1>
[2017-05-02 17:07:59][1500][INFO]Monitor Control: service <C_Proxy>, monitor <1>
[2017-05-02 17:07:59][1500][INFO]Monitor Control: service <C_Forwd>, monitor <1>
[2017-05-02 17:08:00][1500][INFO]Monitor Control: service <C_RTime>, monitor <1>
[2017-05-02 17:08:00][1500][INFO]Monitor Control: service <C_Task>, monitor <1>
[2017-05-02 17:08:00][1500][INFO]Monitor Control: service <C_SMerger>, monitor <1>
[2017-05-02 17:08:00][1500][INFO]Monitor Control: service <sndrec>, monitor <1>
[2017-05-02 17:08:00][1500][INFO]Monitor Control: service <SIPService>, monitor <1>
[2017-05-02 17:08:00][1500][INFO]Monitor Control: service <C_ChannelSvr>, monitor <1>
[2017-05-02 17:08:00][1500][INFO]Monitor Control: service <C_RadioSvr>, monitor <1>
[2017-05-03 08:57:42][1180][INFO]service start running: service <C_Media>, exitcode <0>
[2017-05-03 08:57:42][1180][INFO]service start running: service <C_Proxy>, exitcode <0>
[2017-05-03 08:57:42][1180][INFO]service start running: service <C_Forwd>, exitcode <0>
[2017-05-03 08:57:42][1180][INFO]service start running: service <C_RTime>, exitcode <0>
[2017-05-03 08:57:47][1180][INFO]service start running: service <C_Task>, exitcode <0>
[2017-05-03 12:35:26][1516][INFO]service start running: service <C_Media>, exitcode <0>
[2017-05-03 12:35:26][1516][INFO]service start running: service <C_Proxy>, exitcode <0>
[2017-05-03 12:35:26][1516][INFO]service start running: service <C_Forwd>, exitcode <0>
[2017-05-03 12:35:26][1516][INFO]service start running: service <C_RTime>, exitcode <0>
[2017-05-03 12:35:31][1516][INFO]service start running: service <C_Task>, exitcode <0>
[2017-05-03 12:59:21][1232][INFO]service start running: service <C_Media>, exitcode <0>
[2017-05-03 12:59:21][1232][INFO]service start running: service <C_Proxy>, exitcode <0>
[2017-05-03 12:59:21][1232][INFO]service start running: service <C_Forwd>, exitcode <0>
[2017-05-03 12:59:21][1232][INFO]service start running: service <C_RTime>, exitcode <0>
[2017-05-03 12:59:26][1232][INFO]service start running: service <C_Task>, exitcode <0>
[2017-05-04 12:26:46][1584][INFO]service start running: service <C_Media>, exitcode <0>
[2017-05-04 12:26:46][1584][INFO]service start running: service <C_Proxy>, exitcode <0>
[2017-05-04 12:26:46][1584][INFO]service start running: service <C_Forwd>, exitcode <0>
[2017-05-04 12:26:46][1584][INFO]service start running: service <C_RTime>, exitcode <0>
[2017-05-04 12:26:51][1584][INFO]service start running: service <C_Task>, exitcode <0>
[2017-05-04 13:09:14][1748][INFO]service start running: service <C_Media>, exitcode <0>
[2017-05-04 13:09:14][1748][INFO]service start running: service <C_Proxy>, exitcode <0>
[2017-05-04 13:09:14][1748][INFO]service start running: service <C_Forwd>, exitcode <0>
[2017-05-04 13:09:14][1748][INFO]service start running: service <C_RTime>, exitcode <0>
[2017-05-04 13:09:19][1748][INFO]service start running: service <C_Task>, exitcode <0>
[2017-05-04 13:10:52][1464][INFO]service start running: service <C_Media>, exitcode <0>
[2017-05-04 13:10:52][1464][INFO]service start running: service <C_Proxy>, exitcode <0>
[2017-05-04 13:10:52][1464][INFO]service start running: service <C_Forwd>, exitcode <0>
[2017-05-04 13:10:52][1464][INFO]service start running: service <C_RTime>, exitcode <0>
[2017-05-04 13:10:57][1464][INFO]service start running: service <C_Task>, exitcode <0>
[2017-05-05 08:59:06][888][INFO]service start running: service <C_Media>, exitcode <0>
[2017-05-05 08:59:06][888][INFO]service start running: service <C_Proxy>, exitcode <0>
[2017-05-05 08:59:06][888][INFO]service start running: service <C_Forwd>, exitcode <0>
[2017-05-05 08:59:06][888][INFO]service start running: service <C_RTime>, exitcode <0>
[2017-05-05 08:59:11][888][INFO]service start running: service <C_Task>, exitcode <0>
[2017-05-05 09:10:04][1176][INFO]service start running: service <C_Media>, exitcode <0>
[2017-05-05 09:10:04][1176][INFO]service start running: service <C_Proxy>, exitcode <0>
[2017-05-05 09:10:04][1176][INFO]service start running: service <C_Forwd>, exitcode <0>
[2017-05-05 09:10:04][1176][INFO]service start running: service <C_RTime>, exitcode <0>
[2017-05-05 09:10:09][1176][INFO]service start running: service <C_Task>, exitcode <0>
[2017-05-05 09:12:57][1764][INFO]service start running: service <C_Media>, exitcode <0>
[2017-05-05 09:12:57][1764][INFO]service start running: service <C_Proxy>, exitcode <0>
[2017-05-05 09:12:57][1764][INFO]service start running: service <C_Forwd>, exitcode <0>
[2017-05-05 09:12:57][1764][INFO]service start running: service <C_RTime>, exitcode <0>
[2017-05-05 09:13:02][1764][INFO]service start running: service <C_Task>, exitcode <0>
[2017-05-05 12:05:33][1596][INFO]service start running: service <C_Media>, exitcode <0>
[2017-05-05 12:05:33][1596][INFO]service start running: service <C_Proxy>, exitcode <0>
[2017-05-05 12:05:33][1596][INFO]service start running: service <C_Forwd>, exitcode <0>
[2017-05-05 12:05:33][1596][INFO]service start running: service <C_RTime>, exitcode <0>
[2017-05-05 12:05:38][1596][INFO]service start running: service <C_Task>, exitcode <0>
[2017-05-06 12:32:23][1748][INFO]service start running: service <C_Media>, exitcode <0>
[2017-05-06 12:32:23][1748][INFO]service start running: service <C_Proxy>, exitcode <0>
[2017-05-06 12:32:23][1748][INFO]service start running: service <C_Forwd>, exitcode <0>
[2017-05-06 12:32:23][1748][INFO]service start running: service <C_RTime>, exitcode <0>
[2017-05-06 12:32:28][1748][INFO]service start running: service <C_Task>, exitcode <0>
[2017-05-07 08:53:29][1792][INFO]service start running: service <C_Media>, exitcode <0>
[2017-05-07 08:53:29][1792][INFO]service start running: service <C_Proxy>, exitcode <0>
[2017-05-07 08:53:29][1792][INFO]service start running: service <C_Forwd>, exitcode <0>
[2017-05-07 08:53:29][1792][INFO]service start running: service <C_RTime>, exitcode <0>
[2017-05-07 08:53:34][1792][INFO]service start running: service <C_Task>, exitcode <0>
[2017-05-07 12:30:30][1760][INFO]service start running: service <C_Media>, exitcode <0>
[2017-05-07 12:30:30][1760][INFO]service start running: service <C_Proxy>, exitcode <0>
[2017-05-07 12:30:30][1760][INFO]service start running: service <C_Forwd>, exitcode <0>
[2017-05-07 12:30:30][1760][INFO]service start running: service <C_RTime>, exitcode <0>
[2017-05-07 12:30:36][1760][INFO]service start running: service <C_Task>, exitcode <0>
[2017-05-07 17:09:36][228][INFO]service start running: service <C_Media>, exitcode <0>
[2017-05-07 17:09:36][228][INFO]service start running: service <C_Proxy>, exitcode <0>
[2017-05-07 17:09:36][228][INFO]service start running: service <C_Forwd>, exitcode <0>
[2017-05-07 17:09:36][228][INFO]service start running: service <C_RTime>, exitcode <0>
[2017-05-07 17:09:41][228][INFO]service start running: service <C_Task>, exitcode <0>
[2017-05-08 12:26:11][1728][INFO]service start running: service <C_Media>, exitcode <0>
[2017-05-08 12:26:11][1728][INFO]service start running: service <C_Proxy>, exitcode <0>
[2017-05-08 12:26:11][1728][INFO]service start running: service <C_Forwd>, exitcode <0>
[2017-05-08 12:26:11][1728][INFO]service start running: service <C_RTime>, exitcode <0>
[2017-05-08 12:26:16][1728][INFO]service start running: service <C_Task>, exitcode <0>
[2017-05-09 16:58:49][1508][INFO]service start running: service <C_Media>, exitcode <0>
[2017-05-09 16:58:49][1508][INFO]service start running: service <C_Proxy>, exitcode <0>
[2017-05-09 16:58:49][1508][INFO]service start running: service <C_Forwd>, exitcode <0>
[2017-05-09 16:58:49][1508][INFO]service start running: service <C_RTime>, exitcode <0>
[2017-05-09 16:58:54][1508][INFO]service start running: service <C_Task>, exitcode <0>
[2017-05-09 17:00:34][1736][INFO]service start running: service <C_Media>, exitcode <0>
[2017-05-09 17:00:34][1736][INFO]service start running: service <C_Proxy>, exitcode <0>
[2017-05-09 17:00:34][1736][INFO]service start running: service <C_Forwd>, exitcode <0>
[2017-05-09 17:00:34][1736][INFO]service start running: service <C_RTime>, exitcode <0>
[2017-05-09 17:00:39][1736][INFO]service start running: service <C_Task>, exitcode <0>
[2017-05-10 12:29:32][1728][INFO]service start running: service <C_Media>, exitcode <0>
[2017-05-10 12:29:32][1728][INFO]service start running: service <C_Proxy>, exitcode <0>
[2017-05-10 12:29:32][1728][INFO]service start running: service <C_Forwd>, exitcode <0>
[2017-05-10 12:29:32][1728][INFO]service start running: service <C_RTime>, exitcode <0>
[2017-05-10 12:29:37][1728][INFO]service start running: service <C_Task>, exitcode <0>
[2017-05-11 12:06:23][1480][INFO]service start running: service <C_Media>, exitcode <0>
[2017-05-11 12:06:23][1480][INFO]service start running: service <C_Proxy>, exitcode <0>
[2017-05-11 12:06:23][1480][INFO]service start running: service <C_Forwd>, exitcode <0>
[2017-05-11 12:06:23][1480][INFO]service start running: service <C_RTime>, exitcode <0>
[2017-05-11 12:06:28][1480][INFO]service start running: service <C_Task>, exitcode <0>
[2017-05-11 16:50:55][1596][INFO]service start running: service <C_Media>, exitcode <0>
[2017-05-11 16:50:55][1596][INFO]service start running: service <C_Proxy>, exitcode <0>
[2017-05-11 16:50:55][1596][INFO]service start running: service <C_Forwd>, exitcode <0>
[2017-05-11 16:50:55][1596][INFO]service start running: service <C_RTime>, exitcode <0>
[2017-05-11 16:51:00][1596][INFO]service start running: service <C_Task>, exitcode <0>
[2017-05-15 12:35:08][1480][INFO]service start running: service <C_Media>, exitcode <0>
[2017-05-15 12:35:08][1480][INFO]service start running: service <C_Proxy>, exitcode <0>
[2017-05-15 12:35:08][1480][INFO]service start running: service <C_Forwd>, exitcode <0>
[2017-05-15 12:35:08][1480][INFO]service start running: service <C_RTime>, exitcode <0>
[2017-05-15 12:35:13][1480][INFO]service start running: service <C_Task>, exitcode <0>
[2017-05-16 17:03:31][1756][INFO]service start running: service <C_Media>, exitcode <0>
[2017-05-16 17:03:31][1756][INFO]service start running: service <C_Proxy>, exitcode <0>
[2017-05-16 17:03:31][1756][INFO]service start running: service <C_Forwd>, exitcode <0>
[2017-05-16 17:03:31][1756][INFO]service start running: service <C_RTime>, exitcode <0>
[2017-05-16 17:03:36][1756][INFO]service start running: service <C_Task>, exitcode <0>
[2017-05-17 12:31:42][1608][INFO]service start running: service <C_Media>, exitcode <0>
[2017-05-17 12:31:42][1608][INFO]service start running: service <C_Proxy>, exitcode <0>
[2017-05-17 12:31:42][1608][INFO]service start running: service <C_Forwd>, exitcode <0>
[2017-05-17 12:31:42][1608][INFO]service start running: service <C_RTime>, exitcode <0>
[2017-05-17 12:31:47][1608][INFO]service start running: service <C_Task>, exitcode <0>
[2017-05-18 17:06:24][404][INFO]service start running: service <C_Media>, exitcode <0>
[2017-05-18 17:06:25][404][INFO]service start running: service <C_Proxy>, exitcode <0>
[2017-05-18 17:06:25][404][INFO]service start running: service <C_Forwd>, exitcode <0>
[2017-05-18 17:06:25][404][INFO]service start running: service <C_RTime>, exitcode <0>
[2017-05-18 17:06:30][404][INFO]service start running: service <C_Task>, exitcode <0>
[2017-05-19 12:43:59][1728][INFO]service start running: service <C_Media>, exitcode <0>
[2017-05-19 12:43:59][1728][INFO]service start running: service <C_Proxy>, exitcode <0>
[2017-05-19 12:43:59][1728][INFO]service start running: service <C_Forwd>, exitcode <0>
[2017-05-19 12:43:59][1728][INFO]service start running: service <C_RTime>, exitcode <0>
[2017-05-19 12:44:05][1728][INFO]service start running: service <C_Task>, exitcode <0>
[2017-05-20 08:54:52][1756][INFO]service start running: service <C_Media>, exitcode <0>
[2017-05-20 08:54:52][1756][INFO]service start running: service <C_Proxy>, exitcode <0>
[2017-05-20 08:54:52][1756][INFO]service start running: service <C_Forwd>, exitcode <0>
[2017-05-20 08:54:52][1756][INFO]service start running: service <C_RTime>, exitcode <0>
[2017-05-20 08:54:57][1756][INFO]service start running: service <C_Task>, exitcode <0>
[2017-05-20 17:04:32][1608][INFO]service start running: service <C_Media>, exitcode <0>
[2017-05-20 17:04:32][1608][INFO]service start running: service <C_Proxy>, exitcode <0>
[2017-05-20 17:04:32][1608][INFO]service start running: service <C_Forwd>, exitcode <0>
[2017-05-20 17:04:32][1608][INFO]service start running: service <C_RTime>, exitcode <0>
[2017-05-20 17:04:37][1608][INFO]service start running: service <C_Task>, exitcode <0>
[2017-05-21 12:09:40][1488][INFO]service start running: service <C_Media>, exitcode <0>
[2017-05-21 12:09:40][1488][INFO]service start running: service <C_Proxy>, exitcode <0>
[2017-05-21 12:09:40][1488][INFO]service start running: service <C_Forwd>, exitcode <0>
[2017-05-21 12:09:40][1488][INFO]service start running: service <C_RTime>, exitcode <0>
[2017-05-21 12:09:46][1488][INFO]service start running: service <C_Task>, exitcode <0>
[2017-05-21 17:09:12][1744][INFO]service start running: service <C_Media>, exitcode <0>
[2017-05-21 17:09:12][1744][INFO]service start running: service <C_Proxy>, exitcode <0>
[2017-05-21 17:09:12][1744][INFO]service start running: service <C_Forwd>, exitcode <0>
[2017-05-21 17:09:12][1744][INFO]service start running: service <C_RTime>, exitcode <0>
[2017-05-21 17:09:17][1744][INFO]service start running: service <C_Task>, exitcode <0>
[2017-05-22 12:06:39][1728][INFO]service start running: service <C_Media>, exitcode <0>
[2017-05-22 12:06:39][1728][INFO]service start running: service <C_Proxy>, exitcode <0>
[2017-05-22 12:06:39][1728][INFO]service start running: service <C_Forwd>, exitcode <0>
[2017-05-22 12:06:39][1728][INFO]service start running: service <C_RTime>, exitcode <0>
[2017-05-22 12:06:44][1728][INFO]service start running: service <C_Task>, exitcode <0>
[2017-05-24 12:17:51][1720][INFO]service start running: service <C_Media>, exitcode <0>
[2017-05-24 12:17:51][1720][INFO]service start running: service <C_Proxy>, exitcode <0>
[2017-05-24 12:17:51][1720][INFO]service start running: service <C_Forwd>, exitcode <0>
[2017-05-24 12:17:51][1720][INFO]service start running: service <C_RTime>, exitcode <0>
[2017-05-24 12:17:56][1720][INFO]service start running: service <C_Task>, exitcode <0>
[2017-05-31 12:08:12][1496][INFO]service start running: service <C_Media>, exitcode <0>
[2017-05-31 12:08:12][1496][INFO]service start running: service <C_Proxy>, exitcode <0>
[2017-05-31 12:08:12][1496][INFO]service start running: service <C_Forwd>, exitcode <0>
[2017-05-31 12:08:12][1496][INFO]service start running: service <C_RTime>, exitcode <0>
[2017-05-31 12:08:17][1496][INFO]service start running: service <C_Task>, exitcode <0>
[2017-06-01 12:09:51][1452][INFO]service start running: service <C_Media>, exitcode <0>
[2017-06-01 12:09:51][1452][INFO]service start running: service <C_Proxy>, exitcode <0>
[2017-06-01 12:09:51][1452][INFO]service start running: service <C_Forwd>, exitcode <0>
[2017-06-01 12:09:51][1452][INFO]service start running: service <C_RTime>, exitcode <0>
[2017-06-01 12:09:56][1452][INFO]service start running: service <C_Task>, exitcode <0>
[2017-06-02 12:44:51][1752][INFO]service start running: service <C_Media>, exitcode <0>
[2017-06-02 12:44:51][1752][INFO]service start running: service <C_Proxy>, exitcode <0>
[2017-06-02 12:44:51][1752][INFO]service start running: service <C_Forwd>, exitcode <0>
[2017-06-02 12:44:51][1752][INFO]service start running: service <C_RTime>, exitcode <0>
[2017-06-02 12:44:56][1752][INFO]service start running: service <C_Task>, exitcode <0>
[2017-06-03 12:26:31][1760][INFO]service start running: service <C_Media>, exitcode <0>
[2017-06-03 12:26:31][1760][INFO]service start running: service <C_Proxy>, exitcode <0>
[2017-06-03 12:26:31][1760][INFO]service start running: service <C_Forwd>, exitcode <0>
[2017-06-03 12:26:31][1760][INFO]service start running: service <C_RTime>, exitcode <0>
[2017-06-03 12:26:36][1760][INFO]service start running: service <C_Task>, exitcode <0>
[2017-06-04 13:28:42][1740][INFO]service start running: service <C_Media>, exitcode <0>
[2017-06-04 13:28:42][1740][INFO]service start running: service <C_Proxy>, exitcode <0>
[2017-06-04 13:28:42][1740][INFO]service start running: service <C_Forwd>, exitcode <0>
[2017-06-04 13:28:42][1740][INFO]service start running: service <C_RTime>, exitcode <0>
[2017-06-04 13:28:47][1740][INFO]service start running: service <C_Task>, exitcode <0>
[2017-06-11 12:05:27][1484][INFO]service start running: service <C_Media>, exitcode <0>
[2017-06-11 12:05:27][1484][INFO]service start running: service <C_Proxy>, exitcode <0>
[2017-06-11 12:05:27][1484][INFO]service start running: service <C_Forwd>, exitcode <0>
[2017-06-11 12:05:27][1484][INFO]service start running: service <C_RTime>, exitcode <0>
[2017-06-11 12:05:32][1484][INFO]service start running: service <C_Task>, exitcode <0>
[2017-06-12 12:05:27][404][INFO]service start running: service <C_Media>, exitcode <0>
[2017-06-12 12:05:27][404][INFO]service start running: service <C_Proxy>, exitcode <0>
[2017-06-12 12:05:27][404][INFO]service start running: service <C_Forwd>, exitcode <0>
[2017-06-12 12:05:27][404][INFO]service start running: service <C_RTime>, exitcode <0>
[2017-06-12 12:05:32][404][INFO]service start running: service <C_Task>, exitcode <0>
[2017-06-13 17:12:26][1500][INFO]service start running: service <C_Media>, exitcode <0>
[2017-06-13 17:12:26][1500][INFO]service start running: service <C_Proxy>, exitcode <0>
[2017-06-13 17:12:26][1500][INFO]service start running: service <C_Forwd>, exitcode <0>
[2017-06-13 17:12:26][1500][INFO]service start running: service <C_RTime>, exitcode <0>
[2017-06-13 17:12:31][1500][INFO]service start running: service <C_Task>, exitcode <0>
[2017-06-14 12:09:21][1748][INFO]service start running: service <C_Media>, exitcode <0>
[2017-06-14 12:09:21][1748][INFO]service start running: service <C_Proxy>, exitcode <0>
[2017-06-14 12:09:21][1748][INFO]service start running: service <C_Forwd>, exitcode <0>
[2017-06-14 12:09:21][1748][INFO]service start running: service <C_RTime>, exitcode <0>
[2017-06-14 12:09:26][1748][INFO]service start running: service <C_Task>, exitcode <0>
[2017-06-15 12:07:35][1748][INFO]service start running: service <C_Media>, exitcode <0>
[2017-06-15 12:07:35][1748][INFO]service start running: service <C_Proxy>, exitcode <0>
[2017-06-15 12:07:35][1748][INFO]service start running: service <C_Forwd>, exitcode <0>
[2017-06-15 12:07:35][1748][INFO]service start running: service <C_RTime>, exitcode <0>
[2017-06-15 12:07:40][1748][INFO]service start running: service <C_Task>, exitcode <0>
[2017-06-19 12:25:10][1728][INFO]service start running: service <C_Media>, exitcode <0>
[2017-06-19 12:25:10][1728][INFO]service start running: service <C_Proxy>, exitcode <0>
[2017-06-19 12:25:10][1728][INFO]service start running: service <C_Forwd>, exitcode <0>
[2017-06-19 12:25:10][1728][INFO]service start running: service <C_RTime>, exitcode <0>
[2017-06-19 12:25:15][1728][INFO]service start running: service <C_Task>, exitcode <0>
[2017-06-20 17:07:19][1728][INFO]service start running: service <C_Media>, exitcode <0>
[2017-06-20 17:07:19][1728][INFO]service start running: service <C_Proxy>, exitcode <0>
[2017-06-20 17:07:19][1728][INFO]service start running: service <C_Forwd>, exitcode <0>
[2017-06-20 17:07:19][1728][INFO]service start running: service <C_RTime>, exitcode <0>
[2017-06-20 17:07:24][1728][INFO]service start running: service <C_Task>, exitcode <0>
[2017-06-21 12:33:39][1780][INFO]service start running: service <C_Media>, exitcode <0>
[2017-06-21 12:33:39][1780][INFO]service start running: service <C_Proxy>, exitcode <0>
[2017-06-21 12:33:39][1780][INFO]service start running: service <C_Forwd>, exitcode <0>
[2017-06-21 12:33:39][1780][INFO]service start running: service <C_RTime>, exitcode <0>
[2017-06-21 12:33:44][1780][INFO]service start running: service <C_Task>, exitcode <0>
[2017-06-22 17:10:21][1732][INFO]service start running: service <C_Media>, exitcode <0>
[2017-06-22 17:10:21][1732][INFO]service start running: service <C_Proxy>, exitcode <0>
[2017-06-22 17:10:21][1732][INFO]service start running: service <C_Forwd>, exitcode <0>
[2017-06-22 17:10:21][1732][INFO]service start running: service <C_RTime>, exitcode <0>
[2017-06-22 17:10:26][1732][INFO]service start running: service <C_Task>, exitcode <0>
[2017-06-26 12:04:11][1592][INFO]service start running: service <C_Media>, exitcode <0>
[2017-06-26 12:04:11][1592][INFO]service start running: service <C_Proxy>, exitcode <0>
[2017-06-26 12:04:11][1592][INFO]service start running: service <C_Forwd>, exitcode <0>
[2017-06-26 12:04:11][1592][INFO]service start running: service <C_RTime>, exitcode <0>
[2017-06-26 12:04:16][1592][INFO]service start running: service <C_Task>, exitcode <0>
[2017-06-27 12:31:12][1732][INFO]service start running: service <C_Media>, exitcode <0>
[2017-06-27 12:31:12][1732][INFO]service start running: service <C_Proxy>, exitcode <0>
[2017-06-27 12:31:12][1732][INFO]service start running: service <C_Forwd>, exitcode <0>
[2017-06-27 12:31:12][1732][INFO]service start running: service <C_RTime>, exitcode <0>
[2017-06-27 12:31:17][1732][INFO]service start running: service <C_Task>, exitcode <0>
[2017-06-28 12:49:01][1476][INFO]service start running: service <C_Media>, exitcode <0>
[2017-06-28 12:49:01][1476][INFO]service start running: service <C_Proxy>, exitcode <0>
[2017-06-28 12:49:01][1476][INFO]service start running: service <C_Forwd>, exitcode <0>
[2017-06-28 12:49:01][1476][INFO]service start running: service <C_RTime>, exitcode <0>
[2017-06-28 12:49:06][1476][INFO]service start running: service <C_Task>, exitcode <0>
[2017-06-29 12:10:03][1780][INFO]service start running: service <C_Media>, exitcode <0>
[2017-06-29 12:10:03][1780][INFO]service start running: service <C_Proxy>, exitcode <0>
[2017-06-29 12:10:03][1780][INFO]service start running: service <C_Forwd>, exitcode <0>
[2017-06-29 12:10:03][1780][INFO]service start running: service <C_RTime>, exitcode <0>
[2017-06-29 12:10:08][1780][INFO]service start running: service <C_Task>, exitcode <0>
[2017-06-29 12:12:07][1764][INFO]service start running: service <C_Media>, exitcode <0>
[2017-06-29 12:12:07][1764][INFO]service start running: service <C_Proxy>, exitcode <0>
[2017-06-29 12:12:07][1764][INFO]service start running: service <C_Forwd>, exitcode <0>
[2017-06-29 12:12:07][1764][INFO]service start running: service <C_RTime>, exitcode <0>
[2017-06-29 12:12:12][1764][INFO]service start running: service <C_Task>, exitcode <0>
[2017-06-30 12:49:13][1764][INFO]service start running: service <C_Media>, exitcode <0>
[2017-06-30 12:49:13][1764][INFO]service start running: service <C_Proxy>, exitcode <0>
[2017-06-30 12:49:13][1764][INFO]service start running: service <C_Forwd>, exitcode <0>
[2017-06-30 12:49:13][1764][INFO]service start running: service <C_RTime>, exitcode <0>
[2017-06-30 12:49:18][1764][INFO]service start running: service <C_Task>, exitcode <0>
[2017-06-30 17:09:18][1448][INFO]service start running: service <C_Media>, exitcode <0>
[2017-06-30 17:09:18][1448][INFO]service start running: service <C_Proxy>, exitcode <0>
[2017-06-30 17:09:18][1448][INFO]service start running: service <C_Forwd>, exitcode <0>
[2017-06-30 17:09:18][1448][INFO]service start running: service <C_RTime>, exitcode <0>
[2017-06-30 17:09:23][1448][INFO]service start running: service <C_Task>, exitcode <0>
[2017-07-01 07:30:40][1472][INFO]service start running: service <C_Media>, exitcode <0>
[2017-07-01 07:30:40][1472][INFO]service start running: service <C_Proxy>, exitcode <0>
[2017-07-01 07:30:40][1472][INFO]service start running: service <C_Forwd>, exitcode <0>
[2017-07-01 07:30:40][1472][INFO]service start running: service <C_RTime>, exitcode <0>
[2017-07-01 07:30:45][1472][INFO]service start running: service <C_Task>, exitcode <0>
[2017-07-01 08:51:25][1752][INFO]service start running: service <C_Media>, exitcode <0>
[2017-07-01 08:51:25][1752][INFO]service start running: service <C_Proxy>, exitcode <0>
[2017-07-01 08:51:25][1752][INFO]service start running: service <C_Forwd>, exitcode <0>
[2017-07-01 08:51:25][1752][INFO]service start running: service <C_RTime>, exitcode <0>
[2017-07-01 08:51:30][1752][INFO]service start running: service <C_Task>, exitcode <0>
[2017-07-02 17:02:44][732][INFO]service start running: service <C_Media>, exitcode <0>
[2017-07-02 17:02:44][732][INFO]service start running: service <C_Proxy>, exitcode <0>
[2017-07-02 17:02:44][732][INFO]service start running: service <C_Forwd>, exitcode <0>
[2017-07-02 17:02:44][732][INFO]service start running: service <C_RTime>, exitcode <0>
[2017-07-02 17:02:49][732][INFO]service start running: service <C_Task>, exitcode <0>
[2017-07-03 12:07:02][1744][INFO]service start running: service <C_Media>, exitcode <0>
[2017-07-03 12:07:02][1744][INFO]service start running: service <C_Proxy>, exitcode <0>
[2017-07-03 12:07:02][1744][INFO]service start running: service <C_Forwd>, exitcode <0>
[2017-07-03 12:07:02][1744][INFO]service start running: service <C_RTime>, exitcode <0>
[2017-07-03 12:07:07][1744][INFO]service start running: service <C_Task>, exitcode <0>
[2017-08-28 12:18:53][1388][INFO]service start running: service <C_Media>, exitcode <0>
[2017-08-28 12:18:53][1388][INFO]service start running: service <C_Proxy>, exitcode <0>
[2017-08-28 12:18:53][1388][INFO]service start running: service <C_Forwd>, exitcode <0>
[2017-08-28 12:18:53][1388][INFO]service start running: service <C_RTime>, exitcode <0>
[2017-08-28 12:18:58][1388][INFO]service start running: service <C_Task>, exitcode <0>
[2017-08-29 12:46:56][1752][INFO]service start running: service <C_Media>, exitcode <0>
[2017-08-29 12:46:56][1752][INFO]service start running: service <C_Proxy>, exitcode <0>
[2017-08-29 12:46:56][1752][INFO]service start running: service <C_Forwd>, exitcode <0>
[2017-08-29 12:46:56][1752][INFO]service start running: service <C_RTime>, exitcode <0>
[2017-08-29 12:47:01][1752][INFO]service start running: service <C_Task>, exitcode <0>
[2017-08-29 16:04:37][404][INFO]service start running: service <C_Media>, exitcode <0>
[2017-08-29 16:04:37][404][INFO]service start running: service <C_Proxy>, exitcode <0>
[2017-08-29 16:04:37][404][INFO]service start running: service <C_Forwd>, exitcode <0>
[2017-08-29 16:04:37][404][INFO]service start running: service <C_RTime>, exitcode <0>
[2017-08-29 16:04:43][404][INFO]service start running: service <C_Task>, exitcode <0>
[2017-08-30 12:38:41][1176][INFO]service start running: service <C_Media>, exitcode <0>
[2017-08-30 12:38:41][1176][INFO]service start running: service <C_Proxy>, exitcode <0>
[2017-08-30 12:38:41][1176][INFO]service start running: service <C_Forwd>, exitcode <0>
[2017-08-30 12:38:41][1176][INFO]service start running: service <C_RTime>, exitcode <0>
[2017-08-30 12:38:46][1176][INFO]service start running: service <C_Task>, exitcode <0>
[2017-08-31 12:36:03][1536][INFO]service start running: service <C_Media>, exitcode <0>
[2017-08-31 12:36:03][1536][INFO]service start running: service <C_Proxy>, exitcode <0>
[2017-08-31 12:36:03][1536][INFO]service start running: service <C_Forwd>, exitcode <0>
[2017-08-31 12:36:03][1536][INFO]service start running: service <C_RTime>, exitcode <0>
[2017-08-31 12:36:08][1536][INFO]service start running: service <C_Task>, exitcode <0>
[2017-09-01 12:53:16][328][INFO]service start running: service <C_Media>, exitcode <0>
[2017-09-01 12:53:16][328][INFO]service start running: service <C_Proxy>, exitcode <0>
[2017-09-01 12:53:16][328][INFO]service start running: service <C_Forwd>, exitcode <0>
[2017-09-01 12:53:16][328][INFO]service start running: service <C_RTime>, exitcode <0>
[2017-09-01 12:53:21][328][INFO]service start running: service <C_Task>, exitcode <0>
[2017-09-04 12:27:35][1736][INFO]service start running: service <C_Media>, exitcode <0>
[2017-09-04 12:27:35][1736][INFO]service start running: service <C_Proxy>, exitcode <0>
[2017-09-04 12:27:35][1736][INFO]service start running: service <C_Forwd>, exitcode <0>
[2017-09-04 12:27:35][1736][INFO]service start running: service <C_RTime>, exitcode <0>
[2017-09-04 12:27:40][1736][INFO]service start running: service <C_Task>, exitcode <0>
[2017-09-05 12:10:53][404][INFO]service start running: service <C_Media>, exitcode <0>
[2017-09-05 12:10:53][404][INFO]service start running: service <C_Proxy>, exitcode <0>
[2017-09-05 12:10:53][404][INFO]service start running: service <C_Forwd>, exitcode <0>
[2017-09-05 12:10:53][404][INFO]service start running: service <C_RTime>, exitcode <0>
[2017-09-05 12:10:58][404][INFO]service start running: service <C_Task>, exitcode <0>
[2017-09-06 12:05:14][1464][INFO]service start running: service <C_Media>, exitcode <0>
[2017-09-06 12:05:14][1464][INFO]service start running: service <C_Proxy>, exitcode <0>
[2017-09-06 12:05:14][1464][INFO]service start running: service <C_Forwd>, exitcode <0>
[2017-09-06 12:05:14][1464][INFO]service start running: service <C_RTime>, exitcode <0>
[2017-09-06 12:05:19][1464][INFO]service start running: service <C_Task>, exitcode <0>
[2017-09-07 12:07:54][1812][INFO]service start running: service <C_Media>, exitcode <0>
[2017-09-07 12:07:54][1812][INFO]service start running: service <C_Proxy>, exitcode <0>
[2017-09-07 12:07:54][1812][INFO]service start running: service <C_Forwd>, exitcode <0>
[2017-09-07 12:07:54][1812][INFO]service start running: service <C_RTime>, exitcode <0>
[2017-09-07 12:07:59][1812][INFO]service start running: service <C_Task>, exitcode <0>
[2017-09-07 17:52:01][616][INFO]service start running: service <C_Media>, exitcode <0>
[2017-09-07 17:52:01][616][INFO]service start running: service <C_Proxy>, exitcode <0>
[2017-09-07 17:52:01][616][INFO]service start running: service <C_Forwd>, exitcode <0>
[2017-09-07 17:52:01][616][INFO]service start running: service <C_RTime>, exitcode <0>
[2017-09-07 17:52:06][616][INFO]service start running: service <C_Task>, exitcode <0>
[2017-09-08 12:37:19][1752][INFO]service start running: service <C_Media>, exitcode <0>
[2017-09-08 12:37:19][1752][INFO]service start running: service <C_Proxy>, exitcode <0>
[2017-09-08 12:37:19][1752][INFO]service start running: service <C_Forwd>, exitcode <0>
[2017-09-08 12:37:19][1752][INFO]service start running: service <C_RTime>, exitcode <0>
[2017-09-08 12:37:25][1752][INFO]service start running: service <C_Task>, exitcode <0>
[2017-09-09 12:23:34][1748][INFO]service start running: service <C_Media>, exitcode <0>
[2017-09-09 12:23:34][1748][INFO]service start running: service <C_Proxy>, exitcode <0>
[2017-09-09 12:23:34][1748][INFO]service start running: service <C_Forwd>, exitcode <0>
[2017-09-09 12:23:34][1748][INFO]service start running: service <C_RTime>, exitcode <0>
[2017-09-09 12:23:40][1748][INFO]service start running: service <C_Task>, exitcode <0>
[2017-09-11 12:04:49][1584][INFO]service start running: service <C_Media>, exitcode <0>
[2017-09-11 12:04:49][1584][INFO]service start running: service <C_Proxy>, exitcode <0>
[2017-09-11 12:04:49][1584][INFO]service start running: service <C_Forwd>, exitcode <0>
[2017-09-11 12:04:49][1584][INFO]service start running: service <C_RTime>, exitcode <0>
[2017-09-11 12:04:55][1584][INFO]service start running: service <C_Task>, exitcode <0>
[2017-09-12 17:00:39][1752][INFO]service start running: service <C_Media>, exitcode <0>
[2017-09-12 17:00:39][1752][INFO]service start running: service <C_Proxy>, exitcode <0>
[2017-09-12 17:00:39][1752][INFO]service start running: service <C_Forwd>, exitcode <0>
[2017-09-12 17:00:39][1752][INFO]service start running: service <C_RTime>, exitcode <0>
[2017-09-12 17:00:44][1752][INFO]service start running: service <C_Task>, exitcode <0>
[2017-09-13 12:53:13][1816][INFO]service start running: service <C_Media>, exitcode <0>
[2017-09-13 12:53:13][1816][INFO]service start running: service <C_Proxy>, exitcode <0>
[2017-09-13 12:53:13][1816][INFO]service start running: service <C_Forwd>, exitcode <0>
[2017-09-13 12:53:13][1816][INFO]service start running: service <C_RTime>, exitcode <0>
[2017-09-13 12:53:19][1816][INFO]service start running: service <C_Task>, exitcode <0>
[2017-09-14 16:07:07][1696][INFO]service start running: service <C_Media>, exitcode <0>
[2017-09-14 16:07:07][1696][INFO]service start running: service <C_Proxy>, exitcode <0>
[2017-09-14 16:07:07][1696][INFO]service start running: service <C_Forwd>, exitcode <0>
[2017-09-14 16:07:07][1696][INFO]service start running: service <C_RTime>, exitcode <0>
[2017-09-14 16:07:12][1696][INFO]service start running: service <C_Task>, exitcode <0>
[2017-09-17 17:42:32][1732][INFO]service start running: service <C_Media>, exitcode <0>
[2017-09-17 17:42:32][1732][INFO]service start running: service <C_Proxy>, exitcode <0>
[2017-09-17 17:42:32][1732][INFO]service start running: service <C_Forwd>, exitcode <0>
[2017-09-17 17:42:32][1732][INFO]service start running: service <C_RTime>, exitcode <0>
[2017-09-17 17:42:38][1732][INFO]service start running: service <C_Task>, exitcode <0>
[2017-09-18 12:27:44][1492][INFO]service start running: service <C_Media>, exitcode <0>
[2017-09-18 12:27:44][1492][INFO]service start running: service <C_Proxy>, exitcode <0>
[2017-09-18 12:27:44][1492][INFO]service start running: service <C_Forwd>, exitcode <0>
[2017-09-18 12:27:44][1492][INFO]service start running: service <C_RTime>, exitcode <0>
[2017-09-18 12:27:49][1492][INFO]service start running: service <C_Task>, exitcode <0>
[2017-09-19 12:51:15][1768][INFO]service start running: service <C_Media>, exitcode <0>
[2017-09-19 12:51:15][1768][INFO]service start running: service <C_Proxy>, exitcode <0>
[2017-09-19 12:51:15][1768][INFO]service start running: service <C_Forwd>, exitcode <0>
[2017-09-19 12:51:15][1768][INFO]service start running: service <C_RTime>, exitcode <0>
[2017-09-19 12:51:20][1768][INFO]service start running: service <C_Task>, exitcode <0>
[2017-09-19 16:07:46][1772][INFO]service start running: service <C_Media>, exitcode <0>
[2017-09-19 16:07:46][1772][INFO]service start running: service <C_Proxy>, exitcode <0>
[2017-09-19 16:07:46][1772][INFO]service start running: service <C_Forwd>, exitcode <0>
[2017-09-19 16:07:46][1772][INFO]service start running: service <C_RTime>, exitcode <0>
[2017-09-19 16:07:51][1772][INFO]service start running: service <C_Task>, exitcode <0>
[2017-09-20 06:17:19][1612][INFO]service start running: service <C_Media>, exitcode <0>
[2017-09-20 06:17:19][1612][INFO]service start running: service <C_Proxy>, exitcode <0>
[2017-09-20 06:17:19][1612][INFO]service start running: service <C_Forwd>, exitcode <0>
[2017-09-20 06:17:19][1612][INFO]service start running: service <C_RTime>, exitcode <0>
[2017-09-20 06:17:25][1612][INFO]service start running: service <C_Task>, exitcode <0>
[2017-09-20 12:40:07][1812][INFO]service start running: service <C_Media>, exitcode <0>
[2017-09-20 12:40:07][1812][INFO]service start running: service <C_Proxy>, exitcode <0>
[2017-09-20 12:40:07][1812][INFO]service start running: service <C_Forwd>, exitcode <0>
[2017-09-20 12:40:07][1812][INFO]service start running: service <C_RTime>, exitcode <0>
[2017-09-20 12:40:12][1812][INFO]service start running: service <C_Task>, exitcode <0>
[2017-09-21 12:30:15][1732][INFO]service start running: service <C_Media>, exitcode <0>
[2017-09-21 12:30:15][1732][INFO]service start running: service <C_Proxy>, exitcode <0>
[2017-09-21 12:30:15][1732][INFO]service start running: service <C_Forwd>, exitcode <0>
[2017-09-21 12:30:15][1732][INFO]service start running: service <C_RTime>, exitcode <0>
[2017-09-21 12:30:21][1732][INFO]service start running: service <C_Task>, exitcode <0>
[2017-09-22 12:43:04][1736][INFO]service start running: service <C_Media>, exitcode <0>
[2017-09-22 12:43:04][1736][INFO]service start running: service <C_Proxy>, exitcode <0>
[2017-09-22 12:43:04][1736][INFO]service start running: service <C_Forwd>, exitcode <0>
[2017-09-22 12:43:04][1736][INFO]service start running: service <C_RTime>, exitcode <0>
[2017-09-22 12:43:09][1736][INFO]service start running: service <C_Task>, exitcode <0>
[2017-09-23 17:03:56][1612][INFO]service start running: service <C_Media>, exitcode <0>
[2017-09-23 17:03:56][1612][INFO]service start running: service <C_Proxy>, exitcode <0>
[2017-09-23 17:03:56][1612][INFO]service start running: service <C_Forwd>, exitcode <0>
[2017-09-23 17:03:56][1612][INFO]service start running: service <C_RTime>, exitcode <0>
[2017-09-23 17:04:01][1612][INFO]service start running: service <C_Task>, exitcode <0>
[2017-09-25 12:33:45][1732][INFO]service start running: service <C_Media>, exitcode <0>
[2017-09-25 12:33:45][1732][INFO]service start running: service <C_Proxy>, exitcode <0>
[2017-09-25 12:33:45][1732][INFO]service start running: service <C_Forwd>, exitcode <0>
[2017-09-25 12:33:45][1732][INFO]service start running: service <C_RTime>, exitcode <0>
[2017-09-25 12:33:50][1732][INFO]service start running: service <C_Task>, exitcode <0>
[2017-09-26 16:07:12][1732][INFO]service start running: service <C_Media>, exitcode <0>
[2017-09-26 16:07:12][1732][INFO]service start running: service <C_Proxy>, exitcode <0>
[2017-09-26 16:07:12][1732][INFO]service start running: service <C_Forwd>, exitcode <0>
[2017-09-26 16:07:12][1732][INFO]service start running: service <C_RTime>, exitcode <0>
[2017-09-26 16:07:17][1732][INFO]service start running: service <C_Task>, exitcode <0>
[2017-09-28 13:16:16][816][INFO]service start running: service <C_Media>, exitcode <0>
[2017-09-28 13:16:16][816][INFO]service start running: service <C_Proxy>, exitcode <0>
[2017-09-28 13:16:16][816][INFO]service start running: service <C_Forwd>, exitcode <0>
[2017-09-28 13:16:16][816][INFO]service start running: service <C_RTime>, exitcode <0>
[2017-09-28 13:16:21][816][INFO]service start running: service <C_Task>, exitcode <0>
[2017-09-29 12:06:47][1748][INFO]service start running: service <C_Media>, exitcode <0>
[2017-09-29 12:06:47][1748][INFO]service start running: service <C_Proxy>, exitcode <0>
[2017-09-29 12:06:47][1748][INFO]service start running: service <C_Forwd>, exitcode <0>
[2017-09-29 12:06:47][1748][INFO]service start running: service <C_RTime>, exitcode <0>
[2017-09-29 12:06:53][1748][INFO]service start running: service <C_Task>, exitcode <0>
[2017-10-09 12:28:16][1728][INFO]service start running: service <C_Media>, exitcode <0>
[2017-10-09 12:28:16][1728][INFO]service start running: service <C_Proxy>, exitcode <0>
[2017-10-09 12:28:16][1728][INFO]service start running: service <C_Forwd>, exitcode <0>
[2017-10-09 12:28:16][1728][INFO]service start running: service <C_RTime>, exitcode <0>
[2017-10-09 12:28:21][1728][INFO]service start running: service <C_Task>, exitcode <0>
[2017-10-10 15:39:30][1688][INFO]service start running: service <C_Media>, exitcode <0>
[2017-10-10 15:39:30][1688][INFO]service start running: service <C_Proxy>, exitcode <0>
[2017-10-10 15:39:30][1688][INFO]service start running: service <C_Forwd>, exitcode <0>
[2017-10-10 15:39:30][1688][INFO]service start running: service <C_RTime>, exitcode <0>
[2017-10-10 15:39:36][1688][INFO]service start running: service <C_Task>, exitcode <0>
[2017-10-11 12:52:54][1736][INFO]service start running: service <C_Media>, exitcode <0>
[2017-10-11 12:52:54][1736][INFO]service start running: service <C_Proxy>, exitcode <0>
[2017-10-11 12:52:54][1736][INFO]service start running: service <C_Forwd>, exitcode <0>
[2017-10-11 12:52:54][1736][INFO]service start running: service <C_RTime>, exitcode <0>
[2017-10-11 12:52:59][1736][INFO]service start running: service <C_Task>, exitcode <0>
[2017-10-12 12:29:07][1756][INFO]service start running: service <C_Media>, exitcode <0>
[2017-10-12 12:29:07][1756][INFO]service start running: service <C_Proxy>, exitcode <0>
[2017-10-12 12:29:07][1756][INFO]service start running: service <C_Forwd>, exitcode <0>
[2017-10-12 12:29:07][1756][INFO]service start running: service <C_RTime>, exitcode <0>
[2017-10-12 12:29:12][1756][INFO]service start running: service <C_Task>, exitcode <0>
[2017-10-13 16:28:43][1752][INFO]service start running: service <C_Media>, exitcode <0>
[2017-10-13 16:28:43][1752][INFO]service start running: service <C_Proxy>, exitcode <0>
[2017-10-13 16:28:43][1752][INFO]service start running: service <C_Forwd>, exitcode <0>
[2017-10-13 16:28:43][1752][INFO]service start running: service <C_RTime>, exitcode <0>
[2017-10-13 16:28:48][1752][INFO]service start running: service <C_Task>, exitcode <0>
[2017-10-14 12:21:23][1772][INFO]service start running: service <C_Media>, exitcode <0>
[2017-10-14 12:21:23][1772][INFO]service start running: service <C_Proxy>, exitcode <0>
[2017-10-14 12:21:23][1772][INFO]service start running: service <C_Forwd>, exitcode <0>
[2017-10-14 12:21:23][1772][INFO]service start running: service <C_RTime>, exitcode <0>
[2017-10-14 12:21:28][1772][INFO]service start running: service <C_Task>, exitcode <0>
[2017-10-15 16:54:33][1764][INFO]service start running: service <C_Media>, exitcode <0>
[2017-10-15 16:54:33][1764][INFO]service start running: service <C_Proxy>, exitcode <0>
[2017-10-15 16:54:33][1764][INFO]service start running: service <C_Forwd>, exitcode <0>
[2017-10-15 16:54:33][1764][INFO]service start running: service <C_RTime>, exitcode <0>
[2017-10-15 16:54:38][1764][INFO]service start running: service <C_Task>, exitcode <0>
[2017-10-16 12:23:02][1512][INFO]service start running: service <C_Media>, exitcode <0>
[2017-10-16 12:23:02][1512][INFO]service start running: service <C_Proxy>, exitcode <0>
[2017-10-16 12:23:02][1512][INFO]service start running: service <C_Forwd>, exitcode <0>
[2017-10-16 12:23:02][1512][INFO]service start running: service <C_RTime>, exitcode <0>
[2017-10-16 12:23:08][1512][INFO]service start running: service <C_Task>, exitcode <0>
[2017-10-17 15:40:14][1756][INFO]service start running: service <C_Media>, exitcode <0>
[2017-10-17 15:40:14][1756][INFO]service start running: service <C_Proxy>, exitcode <0>
[2017-10-17 15:40:14][1756][INFO]service start running: service <C_Forwd>, exitcode <0>
[2017-10-17 15:40:14][1756][INFO]service start running: service <C_RTime>, exitcode <0>
[2017-10-17 15:40:19][1756][INFO]service start running: service <C_Task>, exitcode <0>
[2017-10-18 12:07:03][1608][INFO]service start running: service <C_Media>, exitcode <0>
[2017-10-18 12:07:03][1608][INFO]service start running: service <C_Proxy>, exitcode <0>
[2017-10-18 12:07:03][1608][INFO]service start running: service <C_Forwd>, exitcode <0>
[2017-10-18 12:07:03][1608][INFO]service start running: service <C_RTime>, exitcode <0>
[2017-10-18 12:07:08][1608][INFO]service start running: service <C_Task>, exitcode <0>
[2017-10-19 10:03:31][1752][INFO]service start running: service <C_Media>, exitcode <0>
[2017-10-19 10:03:31][1752][INFO]service start running: service <C_Proxy>, exitcode <0>
[2017-10-19 10:03:31][1752][INFO]service start running: service <C_Forwd>, exitcode <0>
[2017-10-19 10:03:31][1752][INFO]service start running: service <C_RTime>, exitcode <0>
[2017-10-19 10:03:36][1752][INFO]service start running: service <C_Task>, exitcode <0>
[2017-10-19 13:07:44][612][INFO]service start running: service <C_Media>, exitcode <0>
[2017-10-19 13:07:44][612][INFO]service start running: service <C_Proxy>, exitcode <0>
[2017-10-19 13:07:44][612][INFO]service start running: service <C_Forwd>, exitcode <0>
[2017-10-19 13:07:44][612][INFO]service start running: service <C_RTime>, exitcode <0>
[2017-10-19 13:07:49][612][INFO]service start running: service <C_Task>, exitcode <0>
[2017-10-19 15:56:34][1492][INFO]service start running: service <C_Media>, exitcode <0>
[2017-10-19 15:56:34][1492][INFO]service start running: service <C_Proxy>, exitcode <0>
[2017-10-19 15:56:34][1492][INFO]service start running: service <C_Forwd>, exitcode <0>
[2017-10-19 15:56:34][1492][INFO]service start running: service <C_RTime>, exitcode <0>
[2017-10-19 15:56:39][1492][INFO]service start running: service <C_Task>, exitcode <0>
[2017-10-20 12:44:10][1512][INFO]service start running: service <C_Media>, exitcode <0>
[2017-10-20 12:44:10][1512][INFO]service start running: service <C_Proxy>, exitcode <0>
[2017-10-20 12:44:10][1512][INFO]service start running: service <C_Forwd>, exitcode <0>
[2017-10-20 12:44:10][1512][INFO]service start running: service <C_RTime>, exitcode <0>
[2017-10-20 12:44:15][1512][INFO]service start running: service <C_Task>, exitcode <0>
[2017-10-22 21:33:52][1756][INFO]service start running: service <C_Media>, exitcode <0>
[2017-10-22 21:33:52][1756][INFO]service start running: service <C_Proxy>, exitcode <0>
[2017-10-22 21:33:52][1756][INFO]service start running: service <C_Forwd>, exitcode <0>
[2017-10-22 21:33:52][1756][INFO]service start running: service <C_RTime>, exitcode <0>
[2017-10-22 21:33:57][1756][INFO]service start running: service <C_Task>, exitcode <0>
[2017-10-23 12:36:23][1732][INFO]service start running: service <C_Media>, exitcode <0>
[2017-10-23 12:36:23][1732][INFO]service start running: service <C_Proxy>, exitcode <0>
[2017-10-23 12:36:23][1732][INFO]service start running: service <C_Forwd>, exitcode <0>
[2017-10-23 12:36:23][1732][INFO]service start running: service <C_RTime>, exitcode <0>
[2017-10-23 12:36:28][1732][INFO]service start running: service <C_Task>, exitcode <0>
[2017-10-24 15:34:36][1740][INFO]service start running: service <C_Media>, exitcode <0>
[2017-10-24 15:34:36][1740][INFO]service start running: service <C_Proxy>, exitcode <0>
[2017-10-24 15:34:36][1740][INFO]service start running: service <C_Forwd>, exitcode <0>
[2017-10-24 15:34:36][1740][INFO]service start running: service <C_RTime>, exitcode <0>
[2017-10-24 15:34:41][1740][INFO]service start running: service <C_Task>, exitcode <0>
[2017-10-25 13:33:40][1764][INFO]service start running: service <C_Media>, exitcode <0>
[2017-10-25 13:33:40][1764][INFO]service start running: service <C_Proxy>, exitcode <0>
[2017-10-25 13:33:40][1764][INFO]service start running: service <C_Forwd>, exitcode <0>
[2017-10-25 13:33:40][1764][INFO]service start running: service <C_RTime>, exitcode <0>
[2017-10-25 13:33:45][1764][INFO]service start running: service <C_Task>, exitcode <0>
[2017-10-26 12:21:59][1468][INFO]service start running: service <C_Media>, exitcode <0>
[2017-10-26 12:21:59][1468][INFO]service start running: service <C_Proxy>, exitcode <0>
[2017-10-26 12:21:59][1468][INFO]service start running: service <C_Forwd>, exitcode <0>
[2017-10-26 12:21:59][1468][INFO]service start running: service <C_RTime>, exitcode <0>
[2017-10-26 12:22:04][1468][INFO]service start running: service <C_Task>, exitcode <0>
[2017-10-27 12:26:46][1596][INFO]service start running: service <C_Media>, exitcode <0>
[2017-10-27 12:26:46][1596][INFO]service start running: service <C_Proxy>, exitcode <0>
[2017-10-27 12:26:46][1596][INFO]service start running: service <C_Forwd>, exitcode <0>
[2017-10-27 12:26:46][1596][INFO]service start running: service <C_RTime>, exitcode <0>
[2017-10-27 12:26:51][1596][INFO]service start running: service <C_Task>, exitcode <0>
[2017-10-27 12:28:27][1480][INFO]service start running: service <C_Media>, exitcode <0>
[2017-10-27 12:28:27][1480][INFO]service start running: service <C_Proxy>, exitcode <0>
[2017-10-27 12:28:27][1480][INFO]service start running: service <C_Forwd>, exitcode <0>
[2017-10-27 12:28:27][1480][INFO]service start running: service <C_RTime>, exitcode <0>
[2017-10-27 12:28:32][1480][INFO]service start running: service <C_Task>, exitcode <0>
[2017-10-27 12:30:01][824][INFO]service start running: service <C_Media>, exitcode <0>
[2017-10-27 12:30:01][824][INFO]service start running: service <C_Proxy>, exitcode <0>
[2017-10-27 12:30:01][824][INFO]service start running: service <C_Forwd>, exitcode <0>
[2017-10-27 12:30:01][824][INFO]service start running: service <C_RTime>, exitcode <0>
[2017-10-27 12:30:06][824][INFO]service start running: service <C_Task>, exitcode <0>
[2017-10-28 12:25:44][680][INFO]service start running: service <C_Media>, exitcode <0>
[2017-10-28 12:25:44][680][INFO]service start running: service <C_Proxy>, exitcode <0>
[2017-10-28 12:25:44][680][INFO]service start running: service <C_Forwd>, exitcode <0>
[2017-10-28 12:25:44][680][INFO]service start running: service <C_RTime>, exitcode <0>
[2017-10-28 12:25:49][680][INFO]service start running: service <C_Task>, exitcode <0>
[2017-10-29 07:04:57][1648][INFO]service start running: service <C_Media>, exitcode <0>
[2017-10-29 07:04:57][1648][INFO]service start running: service <C_Proxy>, exitcode <0>
[2017-10-29 07:04:57][1648][INFO]service start running: service <C_Forwd>, exitcode <0>
[2017-10-29 07:04:57][1648][INFO]service start running: service <C_RTime>, exitcode <0>
[2017-10-29 07:05:02][1648][INFO]service stopped: service <C_Task>, exitcode <1>
[2017-10-29 07:05:02][1648][INFO]rise service: service <C_Task>, exitcode <1>
[2017-10-29 07:05:10][1648][INFO]service start running: service <C_Task>, exitcode <0>
[2017-10-30 12:28:53][1536][INFO]service start running: service <C_Media>, exitcode <0>
[2017-10-30 12:28:53][1536][INFO]service start running: service <C_Proxy>, exitcode <0>
[2017-10-30 12:28:53][1536][INFO]service start running: service <C_Forwd>, exitcode <0>
[2017-10-30 12:28:53][1536][INFO]service start running: service <C_RTime>, exitcode <0>
[2017-10-30 12:28:58][1536][INFO]service start running: service <C_Task>, exitcode <0>
[2017-10-31 15:35:52][484][INFO]service start running: service <C_Media>, exitcode <0>
[2017-10-31 15:35:52][484][INFO]service start running: service <C_Proxy>, exitcode <0>
[2017-10-31 15:35:52][484][INFO]service start running: service <C_Forwd>, exitcode <0>
[2017-10-31 15:35:52][484][INFO]service start running: service <C_RTime>, exitcode <0>
[2017-10-31 15:35:57][484][INFO]service start running: service <C_Task>, exitcode <0>
[2017-11-01 12:06:19][676][INFO]service start running: service <C_Media>, exitcode <0>
[2017-11-01 12:06:19][676][INFO]service start running: service <C_Proxy>, exitcode <0>
[2017-11-01 12:06:19][676][INFO]service start running: service <C_Forwd>, exitcode <0>
[2017-11-01 12:06:19][676][INFO]service start running: service <C_RTime>, exitcode <0>
[2017-11-01 12:06:24][676][INFO]service start running: service <C_Task>, exitcode <0>
[2017-11-02 12:03:46][1760][INFO]service start running: service <C_Media>, exitcode <0>
[2017-11-02 12:03:46][1760][INFO]service start running: service <C_Proxy>, exitcode <0>
[2017-11-02 12:03:46][1760][INFO]service start running: service <C_Forwd>, exitcode <0>
[2017-11-02 12:03:46][1760][INFO]service start running: service <C_RTime>, exitcode <0>
[2017-11-02 12:03:51][1760][INFO]service start running: service <C_Task>, exitcode <0>
[2017-11-06 12:22:42][1756][INFO]service start running: service <C_Media>, exitcode <0>
[2017-11-06 12:22:42][1756][INFO]service start running: service <C_Proxy>, exitcode <0>
[2017-11-06 12:22:42][1756][INFO]service start running: service <C_Forwd>, exitcode <0>
[2017-11-06 12:22:42][1756][INFO]service start running: service <C_RTime>, exitcode <0>
[2017-11-06 12:22:47][1756][INFO]service start running: service <C_Task>, exitcode <0>
[2017-11-07 12:38:25][1736][INFO]service start running: service <C_Media>, exitcode <0>
[2017-11-07 12:38:25][1736][INFO]service start running: service <C_Proxy>, exitcode <0>
[2017-11-07 12:38:25][1736][INFO]service start running: service <C_Forwd>, exitcode <0>
[2017-11-07 12:38:25][1736][INFO]service start running: service <C_RTime>, exitcode <0>
[2017-11-07 12:38:31][1736][INFO]service start running: service <C_Task>, exitcode <0>
[2017-11-07 15:38:01][1460][INFO]service start running: service <C_Media>, exitcode <0>
[2017-11-07 15:38:01][1460][INFO]service start running: service <C_Proxy>, exitcode <0>
[2017-11-07 15:38:01][1460][INFO]service start running: service <C_Forwd>, exitcode <0>
[2017-11-07 15:38:01][1460][INFO]service start running: service <C_RTime>, exitcode <0>
[2017-11-07 15:38:06][1460][INFO]service start running: service <C_Task>, exitcode <0>
[2017-11-09 16:24:16][1808][INFO]service start running: service <C_Media>, exitcode <0>
[2017-11-09 16:24:16][1808][INFO]service start running: service <C_Proxy>, exitcode <0>
[2017-11-09 16:24:16][1808][INFO]service start running: service <C_Forwd>, exitcode <0>
[2017-11-09 16:24:16][1808][INFO]service start running: service <C_RTime>, exitcode <0>
[2017-11-09 16:24:21][1808][INFO]service start running: service <C_Task>, exitcode <0>
[2017-11-10 12:19:47][1500][INFO]service start running: service <C_Media>, exitcode <0>
[2017-11-10 12:19:47][1500][INFO]service start running: service <C_Proxy>, exitcode <0>
[2017-11-10 12:19:47][1500][INFO]service start running: service <C_Forwd>, exitcode <0>
[2017-11-10 12:19:47][1500][INFO]service start running: service <C_RTime>, exitcode <0>
[2017-11-10 12:19:53][1500][INFO]service start running: service <C_Task>, exitcode <0>
[2017-11-11 16:44:54][1740][INFO]service start running: service <C_Media>, exitcode <0>
[2017-11-11 16:44:54][1740][INFO]service start running: service <C_Proxy>, exitcode <0>
[2017-11-11 16:44:54][1740][INFO]service start running: service <C_Forwd>, exitcode <0>
[2017-11-11 16:44:54][1740][INFO]service start running: service <C_RTime>, exitcode <0>
[2017-11-11 16:44:59][1740][INFO]service start running: service <C_Task>, exitcode <0>
[2017-11-12 12:27:11][680][INFO]service start running: service <C_Media>, exitcode <0>
[2017-11-12 12:27:11][680][INFO]service start running: service <C_Proxy>, exitcode <0>
[2017-11-12 12:27:11][680][INFO]service start running: service <C_Forwd>, exitcode <0>
[2017-11-12 12:27:11][680][INFO]service start running: service <C_RTime>, exitcode <0>
[2017-11-12 12:27:16][680][INFO]service start running: service <C_Task>, exitcode <0>
[2017-11-14 12:50:13][1760][INFO]service start running: service <C_Media>, exitcode <0>
[2017-11-14 12:50:13][1760][INFO]service start running: service <C_Proxy>, exitcode <0>
[2017-11-14 12:50:13][1760][INFO]service start running: service <C_Forwd>, exitcode <0>
[2017-11-14 12:50:13][1760][INFO]service start running: service <C_RTime>, exitcode <0>
[2017-11-14 12:50:18][1760][INFO]service start running: service <C_Task>, exitcode <0>
[2017-11-14 15:38:14][328][INFO]service start running: service <C_Media>, exitcode <0>
[2017-11-14 15:38:14][328][INFO]service start running: service <C_Proxy>, exitcode <0>
[2017-11-14 15:38:14][328][INFO]service start running: service <C_Forwd>, exitcode <0>
[2017-11-14 15:38:14][328][INFO]service start running: service <C_RTime>, exitcode <0>
[2017-11-14 15:38:19][328][INFO]service start running: service <C_Task>, exitcode <0>
[2017-11-15 12:31:45][1732][INFO]service start running: service <C_Media>, exitcode <0>
[2017-11-15 12:31:45][1732][INFO]service start running: service <C_Proxy>, exitcode <0>
[2017-11-15 12:31:45][1732][INFO]service start running: service <C_Forwd>, exitcode <0>
[2017-11-15 12:31:45][1732][INFO]service start running: service <C_RTime>, exitcode <0>
[2017-11-15 12:31:50][1732][INFO]service start running: service <C_Task>, exitcode <0>
[2017-11-16 15:40:52][1608][INFO]service start running: service <C_Media>, exitcode <0>
[2017-11-16 15:40:52][1608][INFO]service start running: service <C_Proxy>, exitcode <0>
[2017-11-16 15:40:52][1608][INFO]service start running: service <C_Forwd>, exitcode <0>
[2017-11-16 15:40:52][1608][INFO]service start running: service <C_RTime>, exitcode <0>
[2017-11-16 15:40:57][1608][INFO]service start running: service <C_Task>, exitcode <0>
[2017-11-20 12:46:04][1748][INFO]service start running: service <C_Media>, exitcode <0>
[2017-11-20 12:46:04][1748][INFO]service start running: service <C_Proxy>, exitcode <0>
[2017-11-20 12:46:04][1748][INFO]service start running: service <C_Forwd>, exitcode <0>
[2017-11-20 12:46:04][1748][INFO]service start running: service <C_RTime>, exitcode <0>
[2017-11-20 12:46:09][1748][INFO]service start running: service <C_Task>, exitcode <0>
[2017-11-21 15:41:51][1828][INFO]service start running: service <C_Media>, exitcode <0>
[2017-11-21 15:41:51][1828][INFO]service start running: service <C_Proxy>, exitcode <0>
[2017-11-21 15:41:51][1828][INFO]service start running: service <C_Forwd>, exitcode <0>
[2017-11-21 15:41:51][1828][INFO]service start running: service <C_RTime>, exitcode <0>
[2017-11-21 15:41:56][1828][INFO]service start running: service <C_Task>, exitcode <0>
[2017-11-22 12:09:22][1496][INFO]service start running: service <C_Media>, exitcode <0>
[2017-11-22 12:09:22][1496][INFO]service start running: service <C_Proxy>, exitcode <0>
[2017-11-22 12:09:22][1496][INFO]service start running: service <C_Forwd>, exitcode <0>
[2017-11-22 12:09:22][1496][INFO]service start running: service <C_RTime>, exitcode <0>
[2017-11-22 12:09:27][1496][INFO]service start running: service <C_Task>, exitcode <0>
[2017-11-23 12:07:56][1756][INFO]service start running: service <C_Media>, exitcode <0>
[2017-11-23 12:07:56][1756][INFO]service start running: service <C_Proxy>, exitcode <0>
[2017-11-23 12:07:56][1756][INFO]service start running: service <C_Forwd>, exitcode <0>
[2017-11-23 12:07:56][1756][INFO]service start running: service <C_RTime>, exitcode <0>
[2017-11-23 12:08:01][1756][INFO]service start running: service <C_Task>, exitcode <0>
[2017-11-24 12:42:43][1840][INFO]service start running: service <C_Media>, exitcode <0>
[2017-11-24 12:42:43][1840][INFO]service start running: service <C_Proxy>, exitcode <0>
[2017-11-24 12:42:43][1840][INFO]service start running: service <C_Forwd>, exitcode <0>
[2017-11-24 12:42:43][1840][INFO]service start running: service <C_RTime>, exitcode <0>
[2017-11-24 12:42:48][1840][INFO]service start running: service <C_Task>, exitcode <0>
[2017-11-24 21:26:48][1460][INFO]service start running: service <C_Media>, exitcode <0>
[2017-11-24 21:26:48][1460][INFO]service start running: service <C_Proxy>, exitcode <0>
[2017-11-24 21:26:48][1460][INFO]service start running: service <C_Forwd>, exitcode <0>
[2017-11-24 21:26:48][1460][INFO]service start running: service <C_RTime>, exitcode <0>
[2017-11-24 21:26:53][1460][INFO]service start running: service <C_Task>, exitcode <0>
[2017-11-25 12:18:40][1760][INFO]service start running: service <C_Media>, exitcode <0>
[2017-11-25 12:18:40][1760][INFO]service start running: service <C_Proxy>, exitcode <0>
[2017-11-25 12:18:40][1760][INFO]service start running: service <C_Forwd>, exitcode <0>
[2017-11-25 12:18:40][1760][INFO]service start running: service <C_RTime>, exitcode <0>
[2017-11-25 12:18:45][1760][INFO]service start running: service <C_Task>, exitcode <0>
[2017-11-26 12:26:07][1608][INFO]service start running: service <C_Media>, exitcode <0>
[2017-11-26 12:26:07][1608][INFO]service start running: service <C_Proxy>, exitcode <0>
[2017-11-26 12:26:07][1608][INFO]service start running: service <C_Forwd>, exitcode <0>
[2017-11-26 12:26:07][1608][INFO]service start running: service <C_RTime>, exitcode <0>
[2017-11-26 12:26:12][1608][INFO]service start running: service <C_Task>, exitcode <0>
[2017-11-27 12:35:11][1744][INFO]service start running: service <C_Media>, exitcode <0>
[2017-11-27 12:35:11][1744][INFO]service start running: service <C_Proxy>, exitcode <0>
[2017-11-27 12:35:11][1744][INFO]service start running: service <C_Forwd>, exitcode <0>
[2017-11-27 12:35:11][1744][INFO]service start running: service <C_RTime>, exitcode <0>
[2017-11-27 12:35:16][1744][INFO]service start running: service <C_Task>, exitcode <0>
[2017-11-28 15:38:37][1540][INFO]service start running: service <C_Media>, exitcode <0>
[2017-11-28 15:38:37][1540][INFO]service start running: service <C_Proxy>, exitcode <0>
[2017-11-28 15:38:37][1540][INFO]service start running: service <C_Forwd>, exitcode <0>
[2017-11-28 15:38:37][1540][INFO]service start running: service <C_RTime>, exitcode <0>
[2017-11-28 15:38:42][1540][INFO]service start running: service <C_Task>, exitcode <0>
[2017-11-29 12:18:48][1496][INFO]service start running: service <C_Media>, exitcode <0>
[2017-11-29 12:18:48][1496][INFO]service start running: service <C_Proxy>, exitcode <0>
[2017-11-29 12:18:48][1496][INFO]service start running: service <C_Forwd>, exitcode <0>
[2017-11-29 12:18:48][1496][INFO]service start running: service <C_RTime>, exitcode <0>
[2017-11-29 12:18:53][1496][INFO]service start running: service <C_Task>, exitcode <0>
[2017-11-29 18:53:59][1756][INFO]service start running: service <C_Media>, exitcode <0>
[2017-11-29 18:53:59][1756][INFO]service start running: service <C_Proxy>, exitcode <0>
[2017-11-29 18:53:59][1756][INFO]service start running: service <C_Forwd>, exitcode <0>
[2017-11-29 18:53:59][1756][INFO]service start running: service <C_RTime>, exitcode <0>
[2017-11-29 18:54:04][1756][INFO]service start running: service <C_Task>, exitcode <0>
[2017-11-30 12:42:59][1736][INFO]service start running: service <C_Media>, exitcode <0>
[2017-11-30 12:42:59][1736][INFO]service start running: service <C_Proxy>, exitcode <0>
[2017-11-30 12:42:59][1736][INFO]service start running: service <C_Forwd>, exitcode <0>
[2017-11-30 12:42:59][1736][INFO]service start running: service <C_RTime>, exitcode <0>
[2017-11-30 12:43:04][1736][INFO]service start running: service <C_Task>, exitcode <0>
[2017-12-04 12:20:47][1764][INFO]service start running: service <C_Media>, exitcode <0>
[2017-12-04 12:20:47][1764][INFO]service start running: service <C_Proxy>, exitcode <0>
[2017-12-04 12:20:47][1764][INFO]service start running: service <C_Forwd>, exitcode <0>
[2017-12-04 12:20:47][1764][INFO]service start running: service <C_RTime>, exitcode <0>
[2017-12-04 12:20:52][1764][INFO]service start running: service <C_Task>, exitcode <0>
[2017-12-05 12:32:32][1752][INFO]service start running: service <C_Media>, exitcode <0>
[2017-12-05 12:32:32][1752][INFO]service start running: service <C_Proxy>, exitcode <0>
[2017-12-05 12:32:32][1752][INFO]service start running: service <C_Forwd>, exitcode <0>
[2017-12-05 12:32:32][1752][INFO]service start running: service <C_RTime>, exitcode <0>
[2017-12-05 12:32:37][1752][INFO]service start running: service <C_Task>, exitcode <0>
[2017-12-05 15:38:08][1504][INFO]service start running: service <C_Media>, exitcode <0>
[2017-12-05 15:38:08][1504][INFO]service start running: service <C_Proxy>, exitcode <0>
[2017-12-05 15:38:08][1504][INFO]service start running: service <C_Forwd>, exitcode <0>
[2017-12-05 15:38:08][1504][INFO]service start running: service <C_RTime>, exitcode <0>
[2017-12-05 15:38:13][1504][INFO]service start running: service <C_Task>, exitcode <0>
[2017-12-06 12:09:20][2240][INFO]service start running: service <C_Media>, exitcode <0>
[2017-12-06 12:09:20][2240][INFO]service start running: service <C_Proxy>, exitcode <0>
[2017-12-06 12:09:20][2240][INFO]service start running: service <C_Forwd>, exitcode <0>
[2017-12-06 12:09:20][2240][INFO]service start running: service <C_RTime>, exitcode <0>
[2017-12-06 12:09:25][2240][INFO]service start running: service <C_Task>, exitcode <0>
[2017-12-07 12:07:16][732][INFO]service start running: service <C_Media>, exitcode <0>
[2017-12-07 12:07:16][732][INFO]service start running: service <C_Proxy>, exitcode <0>
[2017-12-07 12:07:16][732][INFO]service start running: service <C_Forwd>, exitcode <0>
[2017-12-07 12:07:16][732][INFO]service start running: service <C_RTime>, exitcode <0>
[2017-12-07 12:07:21][732][INFO]service start running: service <C_Task>, exitcode <0>
[2017-12-08 12:44:57][1476][INFO]service start running: service <C_Media>, exitcode <0>
[2017-12-08 12:44:57][1476][INFO]service start running: service <C_Proxy>, exitcode <0>
[2017-12-08 12:44:57][1476][INFO]service start running: service <C_Forwd>, exitcode <0>
[2017-12-08 12:44:57][1476][INFO]service start running: service <C_RTime>, exitcode <0>
[2017-12-08 12:45:02][1476][INFO]service start running: service <C_Task>, exitcode <0>
[2017-12-09 12:32:19][1492][INFO]service start running: service <C_Media>, exitcode <0>
[2017-12-09 12:32:19][1492][INFO]service start running: service <C_Proxy>, exitcode <0>
[2017-12-09 12:32:19][1492][INFO]service start running: service <C_Forwd>, exitcode <0>
[2017-12-09 12:32:19][1492][INFO]service start running: service <C_RTime>, exitcode <0>
[2017-12-09 12:32:24][1492][INFO]service start running: service <C_Task>, exitcode <0>
[2017-12-11 12:48:17][1644][INFO]service start running: service <C_Media>, exitcode <0>
[2017-12-11 12:48:17][1644][INFO]service start running: service <C_Proxy>, exitcode <0>
[2017-12-11 12:48:17][1644][INFO]service start running: service <C_Forwd>, exitcode <0>
[2017-12-11 12:48:17][1644][INFO]service start running: service <C_RTime>, exitcode <0>
[2017-12-11 12:48:22][1644][INFO]service start running: service <C_Task>, exitcode <0>
[2017-12-13 12:00:16][1392][INFO]service start running: service <C_Media>, exitcode <0>
[2017-12-13 12:00:16][1392][INFO]service start running: service <C_Proxy>, exitcode <0>
[2017-12-13 12:00:16][1392][INFO]service start running: service <C_Forwd>, exitcode <0>
[2017-12-13 12:00:16][1392][INFO]service start running: service <C_RTime>, exitcode <0>
[2017-12-13 12:00:21][1392][INFO]service start running: service <C_Task>, exitcode <0>
[2017-12-14 12:44:02][1760][INFO]service start running: service <C_Media>, exitcode <0>
[2017-12-14 12:44:02][1760][INFO]service start running: service <C_Proxy>, exitcode <0>
[2017-12-14 12:44:02][1760][INFO]service start running: service <C_Forwd>, exitcode <0>
[2017-12-14 12:44:02][1760][INFO]service start running: service <C_RTime>, exitcode <0>
[2017-12-14 12:44:07][1760][INFO]service start running: service <C_Task>, exitcode <0>
[2017-12-19 10:11:07][240][INFO]service start running: service <C_Media>, exitcode <0>
[2017-12-19 10:11:07][240][INFO]service start running: service <C_Proxy>, exitcode <0>
[2017-12-19 10:11:07][240][INFO]service start running: service <C_Forwd>, exitcode <0>
[2017-12-19 10:11:07][240][INFO]service start running: service <C_RTime>, exitcode <0>
[2017-12-19 10:11:12][240][INFO]service start running: service <C_Task>, exitcode <0>
[2017-12-19 13:42:29][1748][INFO]service start running: service <C_Media>, exitcode <0>
[2017-12-19 13:42:29][1748][INFO]service start running: service <C_Proxy>, exitcode <0>
[2017-12-19 13:42:29][1748][INFO]service start running: service <C_Forwd>, exitcode <0>
[2017-12-19 13:42:29][1748][INFO]service start running: service <C_RTime>, exitcode <0>
[2017-12-19 13:42:34][1748][INFO]service start running: service <C_Task>, exitcode <0>
[2017-12-20 12:17:13][1748][INFO]service start running: service <C_Media>, exitcode <0>
[2017-12-20 12:17:13][1748][INFO]service start running: service <C_Proxy>, exitcode <0>
[2017-12-20 12:17:13][1748][INFO]service start running: service <C_Forwd>, exitcode <0>
[2017-12-20 12:17:13][1748][INFO]service start running: service <C_RTime>, exitcode <0>
[2017-12-20 12:17:18][1748][INFO]service start running: service <C_Task>, exitcode <0>
[2017-12-21 12:40:36][1752][INFO]service start running: service <C_Media>, exitcode <0>
[2017-12-21 12:40:36][1752][INFO]service start running: service <C_Proxy>, exitcode <0>
[2017-12-21 12:40:36][1752][INFO]service start running: service <C_Forwd>, exitcode <0>
[2017-12-21 12:40:36][1752][INFO]service start running: service <C_RTime>, exitcode <0>
[2017-12-21 12:40:41][1752][INFO]service start running: service <C_Task>, exitcode <0>
[2017-12-22 12:53:17][1500][INFO]service start running: service <C_Media>, exitcode <0>
[2017-12-22 12:53:17][1500][INFO]service start running: service <C_Proxy>, exitcode <0>
[2017-12-22 12:53:17][1500][INFO]service start running: service <C_Forwd>, exitcode <0>
[2017-12-22 12:53:17][1500][INFO]service start running: service <C_RTime>, exitcode <0>
[2017-12-22 12:53:22][1500][INFO]service start running: service <C_Task>, exitcode <0>
[2017-12-23 16:34:58][1752][INFO]service start running: service <C_Media>, exitcode <0>
[2017-12-23 16:34:58][1752][INFO]service start running: service <C_Proxy>, exitcode <0>
[2017-12-23 16:34:58][1752][INFO]service start running: service <C_Forwd>, exitcode <0>
[2017-12-23 16:34:58][1752][INFO]service start running: service <C_RTime>, exitcode <0>
[2017-12-23 16:35:03][1752][INFO]service start running: service <C_Task>, exitcode <0>
[2017-12-24 12:58:01][1744][INFO]service start running: service <C_Media>, exitcode <0>
[2017-12-24 12:58:01][1744][INFO]service start running: service <C_Proxy>, exitcode <0>
[2017-12-24 12:58:01][1744][INFO]service start running: service <C_Forwd>, exitcode <0>
[2017-12-24 12:58:01][1744][INFO]service start running: service <C_RTime>, exitcode <0>
[2017-12-24 12:58:06][1744][INFO]service start running: service <C_Task>, exitcode <0>
[2017-12-25 12:26:29][1784][INFO]service start running: service <C_Media>, exitcode <0>
[2017-12-25 12:26:29][1784][INFO]service start running: service <C_Proxy>, exitcode <0>
[2017-12-25 12:26:29][1784][INFO]service start running: service <C_Forwd>, exitcode <0>
[2017-12-25 12:26:29][1784][INFO]service start running: service <C_RTime>, exitcode <0>
[2017-12-25 12:26:34][1784][INFO]service start running: service <C_Task>, exitcode <0>
[2017-12-26 09:53:50][1760][INFO]service start running: service <C_Media>, exitcode <0>
[2017-12-26 09:53:50][1760][INFO]service start running: service <C_Proxy>, exitcode <0>
[2017-12-26 09:53:50][1760][INFO]service start running: service <C_Forwd>, exitcode <0>
[2017-12-26 09:53:50][1760][INFO]service start running: service <C_RTime>, exitcode <0>
[2017-12-26 09:53:55][1760][INFO]service start running: service <C_Task>, exitcode <0>
[2017-12-27 12:09:01][888][INFO]service start running: service <C_Media>, exitcode <0>
[2017-12-27 12:09:01][888][INFO]service start running: service <C_Proxy>, exitcode <0>
[2017-12-27 12:09:01][888][INFO]service start running: service <C_Forwd>, exitcode <0>
[2017-12-27 12:09:01][888][INFO]service start running: service <C_RTime>, exitcode <0>
[2017-12-27 12:09:06][888][INFO]service start running: service <C_Task>, exitcode <0>
[2017-12-28 12:59:24][820][INFO]service start running: service <C_Media>, exitcode <0>
[2017-12-28 12:59:24][820][INFO]service start running: service <C_Proxy>, exitcode <0>
[2017-12-28 12:59:24][820][INFO]service start running: service <C_Forwd>, exitcode <0>
[2017-12-28 12:59:24][820][INFO]service start running: service <C_RTime>, exitcode <0>
[2017-12-28 12:59:29][820][INFO]service start running: service <C_Task>, exitcode <0>
[2018-01-02 09:55:53][1740][INFO]service start running: service <C_Media>, exitcode <0>
[2018-01-02 09:55:53][1740][INFO]service start running: service <C_Proxy>, exitcode <0>
[2018-01-02 09:55:53][1740][INFO]service start running: service <C_Forwd>, exitcode <0>
[2018-01-02 09:55:53][1740][INFO]service start running: service <C_RTime>, exitcode <0>
[2018-01-02 09:55:58][1740][INFO]service start running: service <C_Task>, exitcode <0>
[2018-01-03 12:59:40][1728][INFO]service start running: service <C_Media>, exitcode <0>
[2018-01-03 12:59:40][1728][INFO]service start running: service <C_Proxy>, exitcode <0>
[2018-01-03 12:59:40][1728][INFO]service start running: service <C_Forwd>, exitcode <0>
[2018-01-03 12:59:40][1728][INFO]service start running: service <C_RTime>, exitcode <0>
[2018-01-03 12:59:45][1728][INFO]service start running: service <C_Task>, exitcode <0>
[2018-01-04 12:08:21][1756][INFO]service start running: service <C_Media>, exitcode <0>
[2018-01-04 12:08:21][1756][INFO]service start running: service <C_Proxy>, exitcode <0>
[2018-01-04 12:08:21][1756][INFO]service start running: service <C_Forwd>, exitcode <0>
[2018-01-04 12:08:21][1756][INFO]service start running: service <C_RTime>, exitcode <0>
[2018-01-04 12:08:26][1756][INFO]service start running: service <C_Task>, exitcode <0>
[2018-01-06 07:36:42][1476][INFO]service start running: service <C_Media>, exitcode <0>
[2018-01-06 07:36:42][1476][INFO]service start running: service <C_Proxy>, exitcode <0>
[2018-01-06 07:36:42][1476][INFO]service start running: service <C_Forwd>, exitcode <0>
[2018-01-06 07:36:42][1476][INFO]service start running: service <C_RTime>, exitcode <0>
[2018-01-06 07:36:47][1476][INFO]service start running: service <C_Task>, exitcode <0>
[2018-01-07 12:57:21][1756][INFO]service start running: service <C_Media>, exitcode <0>
[2018-01-07 12:57:21][1756][INFO]service start running: service <C_Proxy>, exitcode <0>
[2018-01-07 12:57:21][1756][INFO]service start running: service <C_Forwd>, exitcode <0>
[2018-01-07 12:57:21][1756][INFO]service start running: service <C_RTime>, exitcode <0>
[2018-01-07 12:57:26][1756][INFO]service start running: service <C_Task>, exitcode <0>
[2018-01-08 12:20:41][1608][INFO]service start running: service <C_Media>, exitcode <0>
[2018-01-08 12:20:41][1608][INFO]service start running: service <C_Proxy>, exitcode <0>
[2018-01-08 12:20:41][1608][INFO]service start running: service <C_Forwd>, exitcode <0>
[2018-01-08 12:20:41][1608][INFO]service start running: service <C_RTime>, exitcode <0>
[2018-01-08 12:20:46][1608][INFO]service start running: service <C_Task>, exitcode <0>
[2018-01-09 12:09:22][1640][INFO]service start running: service <C_Media>, exitcode <0>
[2018-01-09 12:09:22][1640][INFO]service start running: service <C_Proxy>, exitcode <0>
[2018-01-09 12:09:22][1640][INFO]service start running: service <C_Forwd>, exitcode <0>
[2018-01-09 12:09:22][1640][INFO]service start running: service <C_RTime>, exitcode <0>
[2018-01-09 12:09:27][1640][INFO]service start running: service <C_Task>, exitcode <0>
[2018-01-10 12:11:29][1748][INFO]service start running: service <C_Media>, exitcode <0>
[2018-01-10 12:11:29][1748][INFO]service start running: service <C_Proxy>, exitcode <0>
[2018-01-10 12:11:29][1748][INFO]service start running: service <C_Forwd>, exitcode <0>
[2018-01-10 12:11:29][1748][INFO]service start running: service <C_RTime>, exitcode <0>
[2018-01-10 12:11:34][1748][INFO]service start running: service <C_Task>, exitcode <0>
[2018-01-11 12:40:45][1744][INFO]service start running: service <C_Media>, exitcode <0>
[2018-01-11 12:40:45][1744][INFO]service start running: service <C_Proxy>, exitcode <0>
[2018-01-11 12:40:45][1744][INFO]service start running: service <C_Forwd>, exitcode <0>
[2018-01-11 12:40:45][1744][INFO]service start running: service <C_RTime>, exitcode <0>
[2018-01-11 12:40:50][1744][INFO]service start running: service <C_Task>, exitcode <0>
[2018-01-15 12:33:34][1756][INFO]service start running: service <C_Media>, exitcode <0>
[2018-01-15 12:33:34][1756][INFO]service start running: service <C_Proxy>, exitcode <0>
[2018-01-15 12:33:34][1756][INFO]service start running: service <C_Forwd>, exitcode <0>
[2018-01-15 12:33:34][1756][INFO]service start running: service <C_RTime>, exitcode <0>
[2018-01-15 12:33:39][1756][INFO]service start running: service <C_Task>, exitcode <0>
[2018-01-16 09:54:43][1644][INFO]service start running: service <C_Media>, exitcode <0>
[2018-01-16 09:54:43][1644][INFO]service start running: service <C_Proxy>, exitcode <0>
[2018-01-16 09:54:43][1644][INFO]service start running: service <C_Forwd>, exitcode <0>
[2018-01-16 09:54:43][1644][INFO]service start running: service <C_RTime>, exitcode <0>
[2018-01-16 09:54:48][1644][INFO]service start running: service <C_Task>, exitcode <0>
[2018-01-17 12:33:13][1728][INFO]service start running: service <C_Media>, exitcode <0>
[2018-01-17 12:33:13][1728][INFO]service start running: service <C_Proxy>, exitcode <0>
[2018-01-17 12:33:13][1728][INFO]service start running: service <C_Forwd>, exitcode <0>
[2018-01-17 12:33:13][1728][INFO]service start running: service <C_RTime>, exitcode <0>
[2018-01-17 12:33:18][1728][INFO]service start running: service <C_Task>, exitcode <0>
[2018-01-18 15:35:35][1748][INFO]service start running: service <C_Media>, exitcode <0>
[2018-01-18 15:35:35][1748][INFO]service start running: service <C_Proxy>, exitcode <0>
[2018-01-18 15:35:35][1748][INFO]service start running: service <C_Forwd>, exitcode <0>
[2018-01-18 15:35:35][1748][INFO]service start running: service <C_RTime>, exitcode <0>
[2018-01-18 15:35:40][1748][INFO]service start running: service <C_Task>, exitcode <0>
[2018-01-19 12:36:18][1744][INFO]service start running: service <C_Media>, exitcode <0>
[2018-01-19 12:36:18][1744][INFO]service start running: service <C_Proxy>, exitcode <0>
[2018-01-19 12:36:18][1744][INFO]service start running: service <C_Forwd>, exitcode <0>
[2018-01-19 12:36:18][1744][INFO]service start running: service <C_RTime>, exitcode <0>
[2018-01-19 12:36:23][1744][INFO]service start running: service <C_Task>, exitcode <0>
[2018-01-20 09:55:39][1768][INFO]service start running: service <C_Media>, exitcode <0>
[2018-01-20 09:55:39][1768][INFO]service start running: service <C_Proxy>, exitcode <0>
[2018-01-20 09:55:39][1768][INFO]service start running: service <C_Forwd>, exitcode <0>
[2018-01-20 09:55:39][1768][INFO]service start running: service <C_RTime>, exitcode <0>
[2018-01-20 09:55:44][1768][INFO]service start running: service <C_Task>, exitcode <0>
[2018-01-20 21:25:32][1844][INFO]service start running: service <C_Media>, exitcode <0>
[2018-01-20 21:25:32][1844][INFO]service start running: service <C_Proxy>, exitcode <0>
[2018-01-20 21:25:32][1844][INFO]service start running: service <C_Forwd>, exitcode <0>
[2018-01-20 21:25:32][1844][INFO]service start running: service <C_RTime>, exitcode <0>
[2018-01-20 21:25:37][1844][INFO]service start running: service <C_Task>, exitcode <0>
[2018-01-21 10:01:49][1756][INFO]service start running: service <C_Media>, exitcode <0>
[2018-01-21 10:01:49][1756][INFO]service start running: service <C_Proxy>, exitcode <0>
[2018-01-21 10:01:49][1756][INFO]service start running: service <C_Forwd>, exitcode <0>
[2018-01-21 10:01:49][1756][INFO]service start running: service <C_RTime>, exitcode <0>
[2018-01-21 10:01:54][1756][INFO]service start running: service <C_Task>, exitcode <0>
[2018-01-21 16:52:28][1632][INFO]service start running: service <C_Media>, exitcode <0>
[2018-01-21 16:52:28][1632][INFO]service start running: service <C_Proxy>, exitcode <0>
[2018-01-21 16:52:28][1632][INFO]service start running: service <C_Forwd>, exitcode <0>
[2018-01-21 16:52:28][1632][INFO]service start running: service <C_RTime>, exitcode <0>
[2018-01-21 16:52:33][1632][INFO]service start running: service <C_Task>, exitcode <0>
[2018-01-22 12:35:41][1300][INFO]service start running: service <C_Media>, exitcode <0>
[2018-01-22 12:35:41][1300][INFO]service start running: service <C_Proxy>, exitcode <0>
[2018-01-22 12:35:41][1300][INFO]service start running: service <C_Forwd>, exitcode <0>
[2018-01-22 12:35:41][1300][INFO]service start running: service <C_RTime>, exitcode <0>
[2018-01-22 12:35:46][1300][INFO]service start running: service <C_Task>, exitcode <0>
[2018-01-23 16:58:02][1608][INFO]service start running: service <C_Media>, exitcode <0>
[2018-01-23 16:58:02][1608][INFO]service start running: service <C_Proxy>, exitcode <0>
[2018-01-23 16:58:02][1608][INFO]service start running: service <C_Forwd>, exitcode <0>
[2018-01-23 16:58:02][1608][INFO]service start running: service <C_RTime>, exitcode <0>
[2018-01-23 16:58:07][1608][INFO]service start running: service <C_Task>, exitcode <0>
[2018-02-27 10:00:55][1680][INFO]service start running: service <C_Media>, exitcode <0>
[2018-02-27 10:00:55][1680][INFO]service start running: service <C_Proxy>, exitcode <0>
[2018-02-27 10:00:55][1680][INFO]service start running: service <C_Forwd>, exitcode <0>
[2018-02-27 10:00:55][1680][INFO]service start running: service <C_RTime>, exitcode <0>
[2018-02-27 10:01:00][1680][INFO]service start running: service <C_Task>, exitcode <0>
[2018-02-28 12:09:11][1736][INFO]service start running: service <C_Media>, exitcode <0>
[2018-02-28 12:09:11][1736][INFO]service start running: service <C_Proxy>, exitcode <0>
[2018-02-28 12:09:11][1736][INFO]service start running: service <C_Forwd>, exitcode <0>
[2018-02-28 12:09:11][1736][INFO]service start running: service <C_RTime>, exitcode <0>
[2018-02-28 12:09:16][1736][INFO]service start running: service <C_Task>, exitcode <0>
[2018-03-01 12:04:54][1732][INFO]service start running: service <C_Media>, exitcode <0>
[2018-03-01 12:04:54][1732][INFO]service start running: service <C_Proxy>, exitcode <0>
[2018-03-01 12:04:54][1732][INFO]service start running: service <C_Forwd>, exitcode <0>
[2018-03-01 12:04:54][1732][INFO]service start running: service <C_RTime>, exitcode <0>
[2018-03-01 12:04:59][1732][INFO]service start running: service <C_Task>, exitcode <0>
[2018-03-02 12:38:24][1768][INFO]service start running: service <C_Media>, exitcode <0>
[2018-03-02 12:38:24][1768][INFO]service start running: service <C_Proxy>, exitcode <0>
[2018-03-02 12:38:24][1768][INFO]service start running: service <C_Forwd>, exitcode <0>
[2018-03-02 12:38:24][1768][INFO]service start running: service <C_RTime>, exitcode <0>
[2018-03-02 12:38:29][1768][INFO]service start running: service <C_Task>, exitcode <0>
[2018-03-03 16:43:03][1520][INFO]service start running: service <C_Media>, exitcode <0>
[2018-03-03 16:43:03][1520][INFO]service start running: service <C_Proxy>, exitcode <0>
[2018-03-03 16:43:03][1520][INFO]service start running: service <C_Forwd>, exitcode <0>
[2018-03-03 16:43:03][1520][INFO]service start running: service <C_RTime>, exitcode <0>
[2018-03-03 16:43:08][1520][INFO]service start running: service <C_Task>, exitcode <0>
[2018-03-04 12:41:34][1608][INFO]service start running: service <C_Media>, exitcode <0>
[2018-03-04 12:41:34][1608][INFO]service start running: service <C_Proxy>, exitcode <0>
[2018-03-04 12:41:34][1608][INFO]service start running: service <C_Forwd>, exitcode <0>
[2018-03-04 12:41:34][1608][INFO]service start running: service <C_RTime>, exitcode <0>
[2018-03-04 12:41:39][1608][INFO]service start running: service <C_Task>, exitcode <0>
[2018-03-05 10:10:13][1824][INFO]service start running: service <C_Media>, exitcode <0>
[2018-03-05 10:10:13][1824][INFO]service start running: service <C_Proxy>, exitcode <0>
[2018-03-05 10:10:13][1824][INFO]service start running: service <C_Forwd>, exitcode <0>
[2018-03-05 10:10:13][1824][INFO]service start running: service <C_RTime>, exitcode <0>
[2018-03-05 10:10:18][1824][INFO]service start running: service <C_Task>, exitcode <0>
[2018-03-05 12:24:44][1472][INFO]service start running: service <C_Media>, exitcode <0>
[2018-03-05 12:24:44][1472][INFO]service start running: service <C_Proxy>, exitcode <0>
[2018-03-05 12:24:44][1472][INFO]service start running: service <C_Forwd>, exitcode <0>
[2018-03-05 12:24:44][1472][INFO]service start running: service <C_RTime>, exitcode <0>
[2018-03-05 12:24:49][1472][INFO]service start running: service <C_Task>, exitcode <0>
[2018-03-06 12:09:18][1780][INFO]service start running: service <C_Media>, exitcode <0>
[2018-03-06 12:09:18][1780][INFO]service start running: service <C_Proxy>, exitcode <0>
[2018-03-06 12:09:18][1780][INFO]service start running: service <C_Forwd>, exitcode <0>
[2018-03-06 12:09:18][1780][INFO]service start running: service <C_RTime>, exitcode <0>
[2018-03-06 12:09:23][1780][INFO]service start running: service <C_Task>, exitcode <0>
[2018-03-07 12:17:57][1764][INFO]service start running: service <C_Media>, exitcode <0>
[2018-03-07 12:17:57][1764][INFO]service start running: service <C_Proxy>, exitcode <0>
[2018-03-07 12:17:57][1764][INFO]service start running: service <C_Forwd>, exitcode <0>
[2018-03-07 12:17:57][1764][INFO]service start running: service <C_RTime>, exitcode <0>
[2018-03-07 12:18:02][1764][INFO]service start running: service <C_Task>, exitcode <0>
[2018-03-08 12:38:42][1600][INFO]service start running: service <C_Media>, exitcode <0>
[2018-03-08 12:38:42][1600][INFO]service start running: service <C_Proxy>, exitcode <0>
[2018-03-08 12:38:42][1600][INFO]service start running: service <C_Forwd>, exitcode <0>
[2018-03-08 12:38:42][1600][INFO]service start running: service <C_RTime>, exitcode <0>
[2018-03-08 12:38:47][1600][INFO]service start running: service <C_Task>, exitcode <0>
[2018-03-09 12:30:32][1740][INFO]service start running: service <C_Media>, exitcode <0>
[2018-03-09 12:30:32][1740][INFO]service start running: service <C_Proxy>, exitcode <0>
[2018-03-09 12:30:32][1740][INFO]service start running: service <C_Forwd>, exitcode <0>
[2018-03-09 12:30:32][1740][INFO]service start running: service <C_RTime>, exitcode <0>
[2018-03-09 12:30:37][1740][INFO]service start running: service <C_Task>, exitcode <0>
[2018-03-12 12:33:06][1752][INFO]service start running: service <C_Media>, exitcode <0>
[2018-03-12 12:33:06][1752][INFO]service start running: service <C_Proxy>, exitcode <0>
[2018-03-12 12:33:06][1752][INFO]service start running: service <C_Forwd>, exitcode <0>
[2018-03-12 12:33:06][1752][INFO]service start running: service <C_RTime>, exitcode <0>
[2018-03-12 12:33:11][1752][INFO]service start running: service <C_Task>, exitcode <0>
[2018-03-13 10:01:08][1760][INFO]service start running: service <C_Media>, exitcode <0>
[2018-03-13 10:01:08][1760][INFO]service start running: service <C_Proxy>, exitcode <0>
[2018-03-13 10:01:08][1760][INFO]service start running: service <C_Forwd>, exitcode <0>
[2018-03-13 10:01:08][1760][INFO]service start running: service <C_RTime>, exitcode <0>
[2018-03-13 10:01:13][1760][INFO]service start running: service <C_Task>, exitcode <0>
[2018-03-14 12:49:44][1668][INFO]service start running: service <C_Media>, exitcode <0>
[2018-03-14 12:49:44][1668][INFO]service start running: service <C_Proxy>, exitcode <0>
[2018-03-14 12:49:44][1668][INFO]service start running: service <C_Forwd>, exitcode <0>
[2018-03-14 12:49:44][1668][INFO]service start running: service <C_RTime>, exitcode <0>
[2018-03-14 12:49:49][1668][INFO]service start running: service <C_Task>, exitcode <0>
[2018-03-15 10:02:49][1772][INFO]service start running: service <C_Media>, exitcode <0>
[2018-03-15 10:02:49][1772][INFO]service start running: service <C_Proxy>, exitcode <0>
[2018-03-15 10:02:49][1772][INFO]service start running: service <C_Forwd>, exitcode <0>
[2018-03-15 10:02:49][1772][INFO]service start running: service <C_RTime>, exitcode <0>
[2018-03-15 10:02:54][1772][INFO]service start running: service <C_Task>, exitcode <0>
[2018-03-16 10:08:18][1756][INFO]service start running: service <C_Media>, exitcode <0>
[2018-03-16 10:08:18][1756][INFO]service start running: service <C_Proxy>, exitcode <0>
[2018-03-16 10:08:18][1756][INFO]service start running: service <C_Forwd>, exitcode <0>
[2018-03-16 10:08:18][1756][INFO]service start running: service <C_RTime>, exitcode <0>
[2018-03-16 10:08:23][1756][INFO]service start running: service <C_Task>, exitcode <0>
[2018-03-19 12:49:00][1764][INFO]service start running: service <C_Media>, exitcode <0>
[2018-03-19 12:49:00][1764][INFO]service start running: service <C_Proxy>, exitcode <0>
[2018-03-19 12:49:00][1764][INFO]service start running: service <C_Forwd>, exitcode <0>
[2018-03-19 12:49:00][1764][INFO]service start running: service <C_RTime>, exitcode <0>
[2018-03-19 12:49:05][1764][INFO]service start running: service <C_Task>, exitcode <0>
[2018-03-20 12:08:03][1744][INFO]service start running: service <C_Media>, exitcode <0>
[2018-03-20 12:08:03][1744][INFO]service start running: service <C_Proxy>, exitcode <0>
[2018-03-20 12:08:03][1744][INFO]service start running: service <C_Forwd>, exitcode <0>
[2018-03-20 12:08:03][1744][INFO]service start running: service <C_RTime>, exitcode <0>
[2018-03-20 12:08:08][1744][INFO]service start running: service <C_Task>, exitcode <0>
[2018-03-21 12:35:34][1760][INFO]service start running: service <C_Media>, exitcode <0>
[2018-03-21 12:35:34][1760][INFO]service start running: service <C_Proxy>, exitcode <0>
[2018-03-21 12:35:34][1760][INFO]service start running: service <C_Forwd>, exitcode <0>
[2018-03-21 12:35:34][1760][INFO]service start running: service <C_RTime>, exitcode <0>
[2018-03-21 12:35:39][1760][INFO]service start running: service <C_Task>, exitcode <0>
[2018-03-25 16:29:52][1736][INFO]service start running: service <C_Media>, exitcode <0>
[2018-03-25 16:29:52][1736][INFO]service start running: service <C_Proxy>, exitcode <0>
[2018-03-25 16:29:52][1736][INFO]service start running: service <C_Forwd>, exitcode <0>
[2018-03-25 16:29:52][1736][INFO]service start running: service <C_RTime>, exitcode <0>
[2018-03-25 16:29:57][1736][INFO]service start running: service <C_Task>, exitcode <0>
[2018-03-26 12:21:36][1732][INFO]service start running: service <C_Media>, exitcode <0>
[2018-03-26 12:21:36][1732][INFO]service start running: service <C_Proxy>, exitcode <0>
[2018-03-26 12:21:36][1732][INFO]service start running: service <C_Forwd>, exitcode <0>
[2018-03-26 12:21:36][1732][INFO]service start running: service <C_RTime>, exitcode <0>
[2018-03-26 12:21:41][1732][INFO]service start running: service <C_Task>, exitcode <0>
[2018-03-27 09:58:36][1732][INFO]service start running: service <C_Media>, exitcode <0>
[2018-03-27 09:58:36][1732][INFO]service start running: service <C_Proxy>, exitcode <0>
[2018-03-27 09:58:36][1732][INFO]service start running: service <C_Forwd>, exitcode <0>
[2018-03-27 09:58:36][1732][INFO]service start running: service <C_RTime>, exitcode <0>
[2018-03-27 09:58:41][1732][INFO]service start running: service <C_Task>, exitcode <0>
[2018-03-28 09:59:57][1620][INFO]service start running: service <C_Media>, exitcode <0>
[2018-03-28 09:59:57][1620][INFO]service start running: service <C_Proxy>, exitcode <0>
[2018-03-28 09:59:57][1620][INFO]service start running: service <C_Forwd>, exitcode <0>
[2018-03-28 09:59:57][1620][INFO]service start running: service <C_RTime>, exitcode <0>
[2018-03-28 10:00:02][1620][INFO]service start running: service <C_Task>, exitcode <0>
[2018-03-28 12:07:06][1756][INFO]service start running: service <C_Media>, exitcode <0>
[2018-03-28 12:07:06][1756][INFO]service start running: service <C_Proxy>, exitcode <0>
[2018-03-28 12:07:06][1756][INFO]service start running: service <C_Forwd>, exitcode <0>
[2018-03-28 12:07:06][1756][INFO]service start running: service <C_RTime>, exitcode <0>
[2018-03-28 12:07:12][1756][INFO]service start running: service <C_Task>, exitcode <0>
[2018-03-29 09:54:50][1748][INFO]service start running: service <C_Media>, exitcode <0>
[2018-03-29 09:54:50][1748][INFO]service start running: service <C_Proxy>, exitcode <0>
[2018-03-29 09:54:50][1748][INFO]service start running: service <C_Forwd>, exitcode <0>
[2018-03-29 09:54:50][1748][INFO]service start running: service <C_RTime>, exitcode <0>
[2018-03-29 09:54:55][1748][INFO]service start running: service <C_Task>, exitcode <0>
[2018-03-30 10:20:46][1696][INFO]service start running: service <C_Media>, exitcode <0>
[2018-03-30 10:20:46][1696][INFO]service start running: service <C_Proxy>, exitcode <0>
[2018-03-30 10:20:46][1696][INFO]service start running: service <C_Forwd>, exitcode <0>
[2018-03-30 10:20:46][1696][INFO]service start running: service <C_RTime>, exitcode <0>
[2018-03-30 10:20:51][1696][INFO]service start running: service <C_Task>, exitcode <0>
[2018-03-30 12:09:05][1756][INFO]service start running: service <C_Media>, exitcode <0>
[2018-03-30 12:09:05][1756][INFO]service start running: service <C_Proxy>, exitcode <0>
[2018-03-30 12:09:05][1756][INFO]service start running: service <C_Forwd>, exitcode <0>
[2018-03-30 12:09:05][1756][INFO]service start running: service <C_RTime>, exitcode <0>
[2018-03-30 12:09:11][1756][INFO]service start running: service <C_Task>, exitcode <0>
[2018-03-31 12:35:51][1588][INFO]service start running: service <C_Media>, exitcode <0>
[2018-03-31 12:35:51][1588][INFO]service start running: service <C_Proxy>, exitcode <0>
[2018-03-31 12:35:51][1588][INFO]service start running: service <C_Forwd>, exitcode <0>
[2018-03-31 12:35:51][1588][INFO]service start running: service <C_RTime>, exitcode <0>
[2018-03-31 12:35:56][1588][INFO]service start running: service <C_Task>, exitcode <0>
[2018-04-01 10:07:29][1740][INFO]service start running: service <C_Media>, exitcode <0>
[2018-04-01 10:07:29][1740][INFO]service start running: service <C_Proxy>, exitcode <0>
[2018-04-01 10:07:29][1740][INFO]service start running: service <C_Forwd>, exitcode <0>
[2018-04-01 10:07:29][1740][INFO]service start running: service <C_RTime>, exitcode <0>
[2018-04-01 10:07:34][1740][INFO]service start running: service <C_Task>, exitcode <0>
[2018-04-02 12:31:02][1760][INFO]service start running: service <C_Media>, exitcode <0>
[2018-04-02 12:31:02][1760][INFO]service start running: service <C_Proxy>, exitcode <0>
[2018-04-02 12:31:02][1760][INFO]service start running: service <C_Forwd>, exitcode <0>
[2018-04-02 12:31:02][1760][INFO]service start running: service <C_RTime>, exitcode <0>
[2018-04-02 12:31:07][1760][INFO]service start running: service <C_Task>, exitcode <0>
[2018-04-03 12:07:38][1684][INFO]service start running: service <C_Media>, exitcode <0>
[2018-04-03 12:07:38][1684][INFO]service start running: service <C_Proxy>, exitcode <0>
[2018-04-03 12:07:38][1684][INFO]service start running: service <C_Forwd>, exitcode <0>
[2018-04-03 12:07:38][1684][INFO]service start running: service <C_RTime>, exitcode <0>
[2018-04-03 12:07:44][1684][INFO]service start running: service <C_Task>, exitcode <0>
[2018-04-08 16:32:26][1732][INFO]service start running: service <C_Media>, exitcode <0>
[2018-04-08 16:32:26][1732][INFO]service start running: service <C_Proxy>, exitcode <0>
[2018-04-08 16:32:26][1732][INFO]service start running: service <C_Forwd>, exitcode <0>
[2018-04-08 16:32:26][1732][INFO]service start running: service <C_RTime>, exitcode <0>
[2018-04-08 16:32:31][1732][INFO]service start running: service <C_Task>, exitcode <0>
[2018-04-09 12:32:02][1768][INFO]service start running: service <C_Media>, exitcode <0>
[2018-04-09 12:32:02][1768][INFO]service start running: service <C_Proxy>, exitcode <0>
[2018-04-09 12:32:02][1768][INFO]service start running: service <C_Forwd>, exitcode <0>
[2018-04-09 12:32:02][1768][INFO]service start running: service <C_RTime>, exitcode <0>
[2018-04-09 12:32:07][1768][INFO]service start running: service <C_Task>, exitcode <0>
[2018-04-10 09:58:29][1648][INFO]service start running: service <C_Media>, exitcode <0>
[2018-04-10 09:58:29][1648][INFO]service start running: service <C_Proxy>, exitcode <0>
[2018-04-10 09:58:29][1648][INFO]service start running: service <C_Forwd>, exitcode <0>
[2018-04-10 09:58:29][1648][INFO]service start running: service <C_RTime>, exitcode <0>
[2018-04-10 09:58:34][1648][INFO]service start running: service <C_Task>, exitcode <0>
[2018-04-11 12:24:31][1768][INFO]service start running: service <C_Media>, exitcode <0>
[2018-04-11 12:24:31][1768][INFO]service start running: service <C_Proxy>, exitcode <0>
[2018-04-11 12:24:31][1768][INFO]service start running: service <C_Forwd>, exitcode <0>
[2018-04-11 12:24:31][1768][INFO]service start running: service <C_RTime>, exitcode <0>
[2018-04-11 12:24:36][1768][INFO]service start running: service <C_Task>, exitcode <0>
[2018-04-12 12:26:10][1812][INFO]service start running: service <C_Media>, exitcode <0>
[2018-04-12 12:26:10][1812][INFO]service start running: service <C_Proxy>, exitcode <0>
[2018-04-12 12:26:10][1812][INFO]service start running: service <C_Forwd>, exitcode <0>
[2018-04-12 12:26:10][1812][INFO]service start running: service <C_RTime>, exitcode <0>
[2018-04-12 12:26:15][1812][INFO]service start running: service <C_Task>, exitcode <0>
[2018-04-13 12:44:38][1476][INFO]service start running: service <C_Media>, exitcode <0>
[2018-04-13 12:44:38][1476][INFO]service start running: service <C_Proxy>, exitcode <0>
[2018-04-13 12:44:38][1476][INFO]service start running: service <C_Forwd>, exitcode <0>
[2018-04-13 12:44:38][1476][INFO]service start running: service <C_RTime>, exitcode <0>
[2018-04-13 12:44:43][1476][INFO]service start running: service <C_Task>, exitcode <0>
[2018-04-14 12:25:23][1620][INFO]service start running: service <C_Media>, exitcode <0>
[2018-04-14 12:25:23][1620][INFO]service start running: service <C_Proxy>, exitcode <0>
[2018-04-14 12:25:23][1620][INFO]service start running: service <C_Forwd>, exitcode <0>
[2018-04-14 12:25:23][1620][INFO]service start running: service <C_RTime>, exitcode <0>
[2018-04-14 12:25:28][1620][INFO]service start running: service <C_Task>, exitcode <0>
[2018-04-16 12:27:14][1772][INFO]service start running: service <C_Media>, exitcode <0>
[2018-04-16 12:27:14][1772][INFO]service start running: service <C_Proxy>, exitcode <0>
[2018-04-16 12:27:14][1772][INFO]service start running: service <C_Forwd>, exitcode <0>
[2018-04-16 12:27:14][1772][INFO]service start running: service <C_RTime>, exitcode <0>
[2018-04-16 12:27:19][1772][INFO]service start running: service <C_Task>, exitcode <0>
[2018-04-17 10:00:26][1876][INFO]service start running: service <C_Media>, exitcode <0>
[2018-04-17 10:00:26][1876][INFO]service start running: service <C_Proxy>, exitcode <0>
[2018-04-17 10:00:26][1876][INFO]service start running: service <C_Forwd>, exitcode <0>
[2018-04-17 10:00:26][1876][INFO]service start running: service <C_RTime>, exitcode <0>
[2018-04-17 10:00:31][1876][INFO]service start running: service <C_Task>, exitcode <0>
[2018-04-18 12:44:00][1736][INFO]service start running: service <C_Media>, exitcode <0>
[2018-04-18 12:44:00][1736][INFO]service start running: service <C_Proxy>, exitcode <0>
[2018-04-18 12:44:00][1736][INFO]service start running: service <C_Forwd>, exitcode <0>
[2018-04-18 12:44:00][1736][INFO]service start running: service <C_RTime>, exitcode <0>
[2018-04-18 12:44:06][1736][INFO]service start running: service <C_Task>, exitcode <0>
[2018-04-19 12:27:05][1412][INFO]service start running: service <C_Media>, exitcode <0>
[2018-04-19 12:27:05][1412][INFO]service start running: service <C_Proxy>, exitcode <0>
[2018-04-19 12:27:05][1412][INFO]service start running: service <C_Forwd>, exitcode <0>
[2018-04-19 12:27:05][1412][INFO]service start running: service <C_RTime>, exitcode <0>
[2018-04-19 12:27:10][1412][INFO]service start running: service <C_Task>, exitcode <0>
[2018-04-20 12:34:38][1492][INFO]service start running: service <C_Media>, exitcode <0>
[2018-04-20 12:34:38][1492][INFO]service start running: service <C_Proxy>, exitcode <0>
[2018-04-20 12:34:38][1492][INFO]service start running: service <C_Forwd>, exitcode <0>
[2018-04-20 12:34:38][1492][INFO]service start running: service <C_RTime>, exitcode <0>
[2018-04-20 12:34:43][1492][INFO]service start running: service <C_Task>, exitcode <0>
[2018-04-23 12:22:43][1740][INFO]service start running: service <C_Media>, exitcode <0>
[2018-04-23 12:22:43][1740][INFO]service start running: service <C_Proxy>, exitcode <0>
[2018-04-23 12:22:43][1740][INFO]service start running: service <C_Forwd>, exitcode <0>
[2018-04-23 12:22:43][1740][INFO]service start running: service <C_RTime>, exitcode <0>
[2018-04-23 12:22:48][1740][INFO]service start running: service <C_Task>, exitcode <0>
[2018-04-24 12:34:36][1728][INFO]service start running: service <C_Media>, exitcode <0>
[2018-04-24 12:34:36][1728][INFO]service start running: service <C_Proxy>, exitcode <0>
[2018-04-24 12:34:36][1728][INFO]service start running: service <C_Forwd>, exitcode <0>
[2018-04-24 12:34:36][1728][INFO]service start running: service <C_RTime>, exitcode <0>
[2018-04-24 12:34:42][1728][INFO]service start running: service <C_Task>, exitcode <0>
[2018-04-25 12:29:50][1736][INFO]service start running: service <C_Media>, exitcode <0>
[2018-04-25 12:29:50][1736][INFO]service start running: service <C_Proxy>, exitcode <0>
[2018-04-25 12:29:50][1736][INFO]service start running: service <C_Forwd>, exitcode <0>
[2018-04-25 12:29:50][1736][INFO]service start running: service <C_RTime>, exitcode <0>
[2018-04-25 12:29:55][1736][INFO]service start running: service <C_Task>, exitcode <0>
[2018-04-26 12:40:06][1736][INFO]service start running: service <C_Media>, exitcode <0>
[2018-04-26 12:40:06][1736][INFO]service start running: service <C_Proxy>, exitcode <0>
[2018-04-26 12:40:06][1736][INFO]service start running: service <C_Forwd>, exitcode <0>
[2018-04-26 12:40:06][1736][INFO]service start running: service <C_RTime>, exitcode <0>
[2018-04-26 12:40:11][1736][INFO]service start running: service <C_Task>, exitcode <0>
[2018-04-27 12:36:35][1604][INFO]service start running: service <C_Media>, exitcode <0>
[2018-04-27 12:36:35][1604][INFO]service start running: service <C_Proxy>, exitcode <0>
[2018-04-27 12:36:35][1604][INFO]service start running: service <C_Forwd>, exitcode <0>
[2018-04-27 12:36:35][1604][INFO]service start running: service <C_RTime>, exitcode <0>
[2018-04-27 12:36:41][1604][INFO]service start running: service <C_Task>, exitcode <0>
[2018-05-02 12:07:54][1768][INFO]service start running: service <C_Media>, exitcode <0>
[2018-05-02 12:07:54][1768][INFO]service start running: service <C_Proxy>, exitcode <0>
[2018-05-02 12:07:54][1768][INFO]service start running: service <C_Forwd>, exitcode <0>
[2018-05-02 12:07:54][1768][INFO]service start running: service <C_RTime>, exitcode <0>
[2018-05-02 12:07:59][1768][INFO]service start running: service <C_Task>, exitcode <0>
[2018-05-03 12:28:33][1748][INFO]service start running: service <C_Media>, exitcode <0>
[2018-05-03 12:28:33][1748][INFO]service start running: service <C_Proxy>, exitcode <0>
[2018-05-03 12:28:33][1748][INFO]service start running: service <C_Forwd>, exitcode <0>
[2018-05-03 12:28:33][1748][INFO]service start running: service <C_RTime>, exitcode <0>
[2018-05-03 12:28:38][1748][INFO]service start running: service <C_Task>, exitcode <0>
[2018-05-04 12:31:07][680][INFO]service start running: service <C_Media>, exitcode <0>
[2018-05-04 12:31:07][680][INFO]service start running: service <C_Proxy>, exitcode <0>
[2018-05-04 12:31:07][680][INFO]service start running: service <C_Forwd>, exitcode <0>
[2018-05-04 12:31:07][680][INFO]service start running: service <C_RTime>, exitcode <0>
[2018-05-04 12:31:12][680][INFO]service start running: service <C_Task>, exitcode <0>
[2018-05-05 16:53:48][1732][INFO]service start running: service <C_Media>, exitcode <0>
[2018-05-05 16:53:48][1732][INFO]service start running: service <C_Proxy>, exitcode <0>
[2018-05-05 16:53:48][1732][INFO]service start running: service <C_Forwd>, exitcode <0>
[2018-05-05 16:53:48][1732][INFO]service start running: service <C_RTime>, exitcode <0>
[2018-05-05 16:53:53][1732][INFO]service start running: service <C_Task>, exitcode <0>
[2018-05-06 12:08:57][1712][INFO]service start running: service <C_Media>, exitcode <0>
[2018-05-06 12:08:57][1712][INFO]service start running: service <C_Proxy>, exitcode <0>
[2018-05-06 12:08:57][1712][INFO]service start running: service <C_Forwd>, exitcode <0>
[2018-05-06 12:08:57][1712][INFO]service start running: service <C_RTime>, exitcode <0>
[2018-05-06 12:09:02][1712][INFO]service start running: service <C_Task>, exitcode <0>
[2018-05-06 12:10:34][1764][INFO]service start running: service <C_Media>, exitcode <0>
[2018-05-06 12:10:34][1764][INFO]service start running: service <C_Proxy>, exitcode <0>
[2018-05-06 12:10:34][1764][INFO]service start running: service <C_Forwd>, exitcode <0>
[2018-05-06 12:10:34][1764][INFO]service start running: service <C_RTime>, exitcode <0>
[2018-05-06 12:10:39][1764][INFO]service start running: service <C_Task>, exitcode <0>
[2018-05-07 12:28:46][1612][INFO]service start running: service <C_Media>, exitcode <0>
[2018-05-07 12:28:46][1612][INFO]service start running: service <C_Proxy>, exitcode <0>
[2018-05-07 12:28:46][1612][INFO]service start running: service <C_Forwd>, exitcode <0>
[2018-05-07 12:28:46][1612][INFO]service start running: service <C_RTime>, exitcode <0>
[2018-05-07 12:28:51][1612][INFO]service start running: service <C_Task>, exitcode <0>
[2018-05-08 12:36:16][1752][INFO]service start running: service <C_Media>, exitcode <0>
[2018-05-08 12:36:16][1752][INFO]service start running: service <C_Proxy>, exitcode <0>
[2018-05-08 12:36:16][1752][INFO]service start running: service <C_Forwd>, exitcode <0>
[2018-05-08 12:36:16][1752][INFO]service start running: service <C_RTime>, exitcode <0>
[2018-05-08 12:36:21][1752][INFO]service start running: service <C_Task>, exitcode <0>
[2018-05-08 15:58:47][1740][INFO]service start running: service <C_Media>, exitcode <0>
[2018-05-08 15:58:47][1740][INFO]service start running: service <C_Proxy>, exitcode <0>
[2018-05-08 15:58:47][1740][INFO]service start running: service <C_Forwd>, exitcode <0>
[2018-05-08 15:58:47][1740][INFO]service start running: service <C_RTime>, exitcode <0>
[2018-05-08 15:58:52][1740][INFO]service start running: service <C_Task>, exitcode <0>
[2018-05-09 12:08:52][1492][INFO]service start running: service <C_Media>, exitcode <0>
[2018-05-09 12:08:52][1492][INFO]service start running: service <C_Proxy>, exitcode <0>
[2018-05-09 12:08:52][1492][INFO]service start running: service <C_Forwd>, exitcode <0>
[2018-05-09 12:08:52][1492][INFO]service start running: service <C_RTime>, exitcode <0>
[2018-05-09 12:08:57][1492][INFO]service start running: service <C_Task>, exitcode <0>
[2018-05-10 12:42:53][1784][INFO]service start running: service <C_Media>, exitcode <0>
[2018-05-10 12:42:53][1784][INFO]service start running: service <C_Proxy>, exitcode <0>
[2018-05-10 12:42:53][1784][INFO]service start running: service <C_Forwd>, exitcode <0>
[2018-05-10 12:42:53][1784][INFO]service start running: service <C_RTime>, exitcode <0>
[2018-05-10 12:42:58][1784][INFO]service start running: service <C_Task>, exitcode <0>
[2018-05-14 12:29:55][1732][INFO]service start running: service <C_Media>, exitcode <0>
[2018-05-14 12:29:55][1732][INFO]service start running: service <C_Proxy>, exitcode <0>
[2018-05-14 12:29:55][1732][INFO]service start running: service <C_Forwd>, exitcode <0>
[2018-05-14 12:29:55][1732][INFO]service start running: service <C_RTime>, exitcode <0>
[2018-05-14 12:30:00][1732][INFO]service start running: service <C_Task>, exitcode <0>
[2018-05-15 12:34:13][480][INFO]service start running: service <C_Media>, exitcode <0>
[2018-05-15 12:34:13][480][INFO]service start running: service <C_Proxy>, exitcode <0>
[2018-05-15 12:34:13][480][INFO]service start running: service <C_Forwd>, exitcode <0>
[2018-05-15 12:34:13][480][INFO]service start running: service <C_RTime>, exitcode <0>
[2018-05-15 12:34:18][480][INFO]service start running: service <C_Task>, exitcode <0>
[2018-05-16 12:24:19][1744][INFO]service start running: service <C_Media>, exitcode <0>
[2018-05-16 12:24:19][1744][INFO]service start running: service <C_Proxy>, exitcode <0>
[2018-05-16 12:24:19][1744][INFO]service start running: service <C_Forwd>, exitcode <0>
[2018-05-16 12:24:19][1744][INFO]service start running: service <C_RTime>, exitcode <0>
[2018-05-16 12:24:24][1744][INFO]service start running: service <C_Task>, exitcode <0>
[2018-05-16 17:27:50][1492][INFO]service start running: service <C_Media>, exitcode <0>
[2018-05-16 17:27:50][1492][INFO]service start running: service <C_Proxy>, exitcode <0>
[2018-05-16 17:27:50][1492][INFO]service start running: service <C_Forwd>, exitcode <0>
[2018-05-16 17:27:50][1492][INFO]service start running: service <C_RTime>, exitcode <0>
[2018-05-16 17:27:55][1492][INFO]service start running: service <C_Task>, exitcode <0>
[2018-05-17 15:59:30][1736][INFO]service start running: service <C_Media>, exitcode <0>
[2018-05-17 15:59:30][1736][INFO]service start running: service <C_Proxy>, exitcode <0>
[2018-05-17 15:59:30][1736][INFO]service start running: service <C_Forwd>, exitcode <0>
[2018-05-17 15:59:30][1736][INFO]service start running: service <C_RTime>, exitcode <0>
[2018-05-17 15:59:35][1736][INFO]service start running: service <C_Task>, exitcode <0>
[2018-05-18 12:09:08][1764][INFO]service start running: service <C_Media>, exitcode <0>
[2018-05-18 12:09:08][1764][INFO]service start running: service <C_Proxy>, exitcode <0>
[2018-05-18 12:09:08][1764][INFO]service start running: service <C_Forwd>, exitcode <0>
[2018-05-18 12:09:08][1764][INFO]service start running: service <C_RTime>, exitcode <0>
[2018-05-18 12:09:13][1764][INFO]service start running: service <C_Task>, exitcode <0>
[2018-05-19 16:52:48][328][INFO]service start running: service <C_Media>, exitcode <0>
[2018-05-19 16:52:48][328][INFO]service start running: service <C_Proxy>, exitcode <0>
[2018-05-19 16:52:48][328][INFO]service start running: service <C_Forwd>, exitcode <0>
[2018-05-19 16:52:48][328][INFO]service start running: service <C_RTime>, exitcode <0>
[2018-05-19 16:52:53][328][INFO]service start running: service <C_Task>, exitcode <0>
[2018-05-20 12:07:56][1752][INFO]service start running: service <C_Media>, exitcode <0>
[2018-05-20 12:07:56][1752][INFO]service start running: service <C_Proxy>, exitcode <0>
[2018-05-20 12:07:56][1752][INFO]service start running: service <C_Forwd>, exitcode <0>
[2018-05-20 12:07:56][1752][INFO]service start running: service <C_RTime>, exitcode <0>
[2018-05-20 12:08:01][1752][INFO]service start running: service <C_Task>, exitcode <0>
[2018-05-21 12:21:36][1208][INFO]service start running: service <C_Media>, exitcode <0>
[2018-05-21 12:21:36][1208][INFO]service start running: service <C_Proxy>, exitcode <0>
[2018-05-21 12:21:36][1208][INFO]service start running: service <C_Forwd>, exitcode <0>
[2018-05-21 12:21:36][1208][INFO]service start running: service <C_RTime>, exitcode <0>
[2018-05-21 12:21:41][1208][INFO]service start running: service <C_Task>, exitcode <0>
[2018-05-22 12:06:16][1728][INFO]service start running: service <C_Media>, exitcode <0>
[2018-05-22 12:06:16][1728][INFO]service start running: service <C_Proxy>, exitcode <0>
[2018-05-22 12:06:16][1728][INFO]service start running: service <C_Forwd>, exitcode <0>
[2018-05-22 12:06:16][1728][INFO]service start running: service <C_RTime>, exitcode <0>
[2018-05-22 12:06:22][1728][INFO]service start running: service <C_Task>, exitcode <0>
[2018-05-22 12:08:11][1608][INFO]service start running: service <C_Media>, exitcode <0>
[2018-05-22 12:08:11][1608][INFO]service start running: service <C_Proxy>, exitcode <0>
[2018-05-22 12:08:11][1608][INFO]service start running: service <C_Forwd>, exitcode <0>
[2018-05-22 12:08:11][1608][INFO]service start running: service <C_RTime>, exitcode <0>
[2018-05-22 12:08:16][1608][INFO]service start running: service <C_Task>, exitcode <0>
[2018-05-23 12:09:46][1744][INFO]service start running: service <C_Media>, exitcode <0>
[2018-05-23 12:09:46][1744][INFO]service start running: service <C_Proxy>, exitcode <0>
[2018-05-23 12:09:46][1744][INFO]service start running: service <C_Forwd>, exitcode <0>
[2018-05-23 12:09:46][1744][INFO]service start running: service <C_RTime>, exitcode <0>
[2018-05-23 12:09:51][1744][INFO]service start running: service <C_Task>, exitcode <0>
[2018-05-24 12:27:48][1188][INFO]service start running: service <C_Media>, exitcode <0>
[2018-05-24 12:27:48][1188][INFO]service start running: service <C_Proxy>, exitcode <0>
[2018-05-24 12:27:48][1188][INFO]service start running: service <C_Forwd>, exitcode <0>
[2018-05-24 12:27:48][1188][INFO]service start running: service <C_RTime>, exitcode <0>
[2018-05-24 12:27:53][1188][INFO]service start running: service <C_Task>, exitcode <0>
[2018-05-28 12:06:51][1744][INFO]service start running: service <C_Media>, exitcode <0>
[2018-05-28 12:06:51][1744][INFO]service start running: service <C_Proxy>, exitcode <0>
[2018-05-28 12:06:51][1744][INFO]service start running: service <C_Forwd>, exitcode <0>
[2018-05-28 12:06:51][1744][INFO]service start running: service <C_RTime>, exitcode <0>
[2018-05-28 12:06:56][1744][INFO]service start running: service <C_Task>, exitcode <0>
[2018-05-29 11:00:31][2060][INFO]service start running: service <C_Media>, exitcode <0>
[2018-05-29 11:00:31][2060][INFO]service start running: service <C_Proxy>, exitcode <0>
[2018-05-29 11:00:31][2060][INFO]service start running: service <C_Forwd>, exitcode <0>
[2018-05-29 11:00:31][2060][INFO]service start running: service <C_RTime>, exitcode <0>
[2018-05-29 11:00:36][2060][INFO]service start running: service <C_Task>, exitcode <0>
[2018-05-29 12:38:07][1528][INFO]service start running: service <C_Media>, exitcode <0>
[2018-05-29 12:38:07][1528][INFO]service start running: service <C_Proxy>, exitcode <0>
[2018-05-29 12:38:07][1528][INFO]service start running: service <C_Forwd>, exitcode <0>
[2018-05-29 12:38:07][1528][INFO]service start running: service <C_RTime>, exitcode <0>
[2018-05-29 12:38:12][1528][INFO]service start running: service <C_Task>, exitcode <0>
[2018-05-30 12:10:56][1756][INFO]service start running: service <C_Media>, exitcode <0>
[2018-05-30 12:10:56][1756][INFO]service start running: service <C_Proxy>, exitcode <0>
[2018-05-30 12:10:56][1756][INFO]service start running: service <C_Forwd>, exitcode <0>
[2018-05-30 12:10:56][1756][INFO]service start running: service <C_RTime>, exitcode <0>
[2018-05-30 12:11:01][1756][INFO]service start running: service <C_Task>, exitcode <0>
[2018-05-31 12:06:41][1648][INFO]service start running: service <C_Media>, exitcode <0>
[2018-05-31 12:06:41][1648][INFO]service start running: service <C_Proxy>, exitcode <0>
[2018-05-31 12:06:41][1648][INFO]service start running: service <C_Forwd>, exitcode <0>
[2018-05-31 12:06:41][1648][INFO]service start running: service <C_RTime>, exitcode <0>
[2018-05-31 12:06:47][1648][INFO]service start running: service <C_Task>, exitcode <0>
[2018-06-01 12:36:53][1752][INFO]service start running: service <C_Media>, exitcode <0>
[2018-06-01 12:36:53][1752][INFO]service start running: service <C_Proxy>, exitcode <0>
[2018-06-01 12:36:53][1752][INFO]service start running: service <C_Forwd>, exitcode <0>
[2018-06-01 12:36:53][1752][INFO]service start running: service <C_RTime>, exitcode <0>
[2018-06-01 12:36:58][1752][INFO]service start running: service <C_Task>, exitcode <0>
[2018-06-01 16:53:14][564][INFO]service start running: service <C_Media>, exitcode <0>
[2018-06-01 16:53:14][564][INFO]service start running: service <C_Proxy>, exitcode <0>
[2018-06-01 16:53:14][564][INFO]service start running: service <C_Forwd>, exitcode <0>
[2018-06-01 16:53:14][564][INFO]service start running: service <C_RTime>, exitcode <0>
[2018-06-01 16:53:19][564][INFO]service start running: service <C_Task>, exitcode <0>
[2018-06-02 16:55:15][1760][INFO]service start running: service <C_Media>, exitcode <0>
[2018-06-02 16:55:15][1760][INFO]service start running: service <C_Proxy>, exitcode <0>
[2018-06-02 16:55:15][1760][INFO]service start running: service <C_Forwd>, exitcode <0>
[2018-06-02 16:55:15][1760][INFO]service start running: service <C_RTime>, exitcode <0>
[2018-06-02 16:55:20][1760][INFO]service start running: service <C_Task>, exitcode <0>
[2018-06-03 12:25:06][1756][INFO]service start running: service <C_Media>, exitcode <0>
[2018-06-03 12:25:06][1756][INFO]service start running: service <C_Proxy>, exitcode <0>
[2018-06-03 12:25:06][1756][INFO]service start running: service <C_Forwd>, exitcode <0>
[2018-06-03 12:25:06][1756][INFO]service start running: service <C_RTime>, exitcode <0>
[2018-06-03 12:25:11][1756][INFO]service start running: service <C_Task>, exitcode <0>
[2018-06-04 12:32:51][1756][INFO]service start running: service <C_Media>, exitcode <0>
[2018-06-04 12:32:51][1756][INFO]service start running: service <C_Proxy>, exitcode <0>
[2018-06-04 12:32:51][1756][INFO]service start running: service <C_Forwd>, exitcode <0>
[2018-06-04 12:32:51][1756][INFO]service start running: service <C_RTime>, exitcode <0>
[2018-06-04 12:32:56][1756][INFO]service start running: service <C_Task>, exitcode <0>
[2018-06-05 12:05:51][1736][INFO]service start running: service <C_Media>, exitcode <0>
[2018-06-05 12:05:51][1736][INFO]service start running: service <C_Proxy>, exitcode <0>
[2018-06-05 12:05:51][1736][INFO]service start running: service <C_Forwd>, exitcode <0>
[2018-06-05 12:05:51][1736][INFO]service start running: service <C_RTime>, exitcode <0>
[2018-06-05 12:05:56][1736][INFO]service start running: service <C_Task>, exitcode <0>
[2018-06-05 13:05:55][1780][INFO]service start running: service <C_Media>, exitcode <0>
[2018-06-05 13:05:55][1780][INFO]service start running: service <C_Proxy>, exitcode <0>
[2018-06-05 13:05:55][1780][INFO]service start running: service <C_Forwd>, exitcode <0>
[2018-06-05 13:05:55][1780][INFO]service start running: service <C_RTime>, exitcode <0>
[2018-06-05 13:06:00][1780][INFO]service start running: service <C_Task>, exitcode <0>
[2018-06-09 12:32:55][1540][INFO]service start running: service <C_Media>, exitcode <0>
[2018-06-09 12:32:55][1540][INFO]service start running: service <C_Proxy>, exitcode <0>
[2018-06-09 12:32:55][1540][INFO]service start running: service <C_Forwd>, exitcode <0>
[2018-06-09 12:32:55][1540][INFO]service start running: service <C_RTime>, exitcode <0>
[2018-06-09 12:33:00][1540][INFO]service start running: service <C_Task>, exitcode <0>
[2018-06-09 17:34:29][1752][INFO]service start running: service <C_Media>, exitcode <0>
[2018-06-09 17:34:29][1752][INFO]service start running: service <C_Proxy>, exitcode <0>
[2018-06-09 17:34:29][1752][INFO]service start running: service <C_Forwd>, exitcode <0>
[2018-06-09 17:34:29][1752][INFO]service start running: service <C_RTime>, exitcode <0>
[2018-06-09 17:34:34][1752][INFO]service start running: service <C_Task>, exitcode <0>
[2018-06-10 16:59:22][1728][INFO]service start running: service <C_Media>, exitcode <0>
[2018-06-10 16:59:22][1728][INFO]service start running: service <C_Proxy>, exitcode <0>
[2018-06-10 16:59:22][1728][INFO]service start running: service <C_Forwd>, exitcode <0>
[2018-06-10 16:59:22][1728][INFO]service start running: service <C_RTime>, exitcode <0>
[2018-06-10 16:59:27][1728][INFO]service start running: service <C_Task>, exitcode <0>
[2018-06-11 12:10:42][1604][INFO]service start running: service <C_Media>, exitcode <0>
[2018-06-11 12:10:42][1604][INFO]service start running: service <C_Proxy>, exitcode <0>
[2018-06-11 12:10:42][1604][INFO]service start running: service <C_Forwd>, exitcode <0>
[2018-06-11 12:10:42][1604][INFO]service start running: service <C_RTime>, exitcode <0>
[2018-06-11 12:10:47][1604][INFO]service start running: service <C_Task>, exitcode <0>
[2018-06-12 12:28:15][1764][INFO]service start running: service <C_Media>, exitcode <0>
[2018-06-12 12:28:15][1764][INFO]service start running: service <C_Proxy>, exitcode <0>
[2018-06-12 12:28:15][1764][INFO]service start running: service <C_Forwd>, exitcode <0>
[2018-06-12 12:28:15][1764][INFO]service start running: service <C_RTime>, exitcode <0>
[2018-06-12 12:28:20][1764][INFO]service start running: service <C_Task>, exitcode <0>
[2018-06-12 17:28:12][1196][INFO]service start running: service <C_Media>, exitcode <0>
[2018-06-12 17:28:12][1196][INFO]service start running: service <C_Proxy>, exitcode <0>
[2018-06-12 17:28:12][1196][INFO]service start running: service <C_Forwd>, exitcode <0>
[2018-06-12 17:28:12][1196][INFO]service start running: service <C_RTime>, exitcode <0>
[2018-06-12 17:28:17][1196][INFO]service start running: service <C_Task>, exitcode <0>
[2018-06-13 12:04:07][1600][INFO]service start running: service <C_Media>, exitcode <0>
[2018-06-13 12:04:07][1600][INFO]service start running: service <C_Proxy>, exitcode <0>
[2018-06-13 12:04:07][1600][INFO]service start running: service <C_Forwd>, exitcode <0>
[2018-06-13 12:04:07][1600][INFO]service start running: service <C_RTime>, exitcode <0>
[2018-06-13 12:04:12][1600][INFO]service start running: service <C_Task>, exitcode <0>
[2018-06-14 12:27:28][612][INFO]service start running: service <C_Media>, exitcode <0>
[2018-06-14 12:27:28][612][INFO]service start running: service <C_Proxy>, exitcode <0>
[2018-06-14 12:27:28][612][INFO]service start running: service <C_Forwd>, exitcode <0>
[2018-06-14 12:27:28][612][INFO]service start running: service <C_RTime>, exitcode <0>
[2018-06-14 12:27:33][612][INFO]service start running: service <C_Task>, exitcode <0>
[2018-06-14 16:09:51][1192][INFO]service start running: service <C_Media>, exitcode <0>
[2018-06-14 16:09:51][1192][INFO]service start running: service <C_Proxy>, exitcode <0>
[2018-06-14 16:09:51][1192][INFO]service start running: service <C_Forwd>, exitcode <0>
[2018-06-14 16:09:51][1192][INFO]service start running: service <C_RTime>, exitcode <0>
[2018-06-14 16:09:56][1192][INFO]service start running: service <C_Task>, exitcode <0>
[2018-06-19 12:35:47][1508][INFO]service start running: service <C_Media>, exitcode <0>
[2018-06-19 12:35:47][1508][INFO]service start running: service <C_Proxy>, exitcode <0>
[2018-06-19 12:35:47][1508][INFO]service start running: service <C_Forwd>, exitcode <0>
[2018-06-19 12:35:47][1508][INFO]service start running: service <C_RTime>, exitcode <0>
[2018-06-19 12:35:52][1508][INFO]service start running: service <C_Task>, exitcode <0>
[2018-06-20 12:06:07][1752][INFO]service start running: service <C_Media>, exitcode <0>
[2018-06-20 12:06:07][1752][INFO]service start running: service <C_Proxy>, exitcode <0>
[2018-06-20 12:06:07][1752][INFO]service start running: service <C_Forwd>, exitcode <0>
[2018-06-20 12:06:07][1752][INFO]service start running: service <C_RTime>, exitcode <0>
[2018-06-20 12:06:12][1752][INFO]service start running: service <C_Task>, exitcode <0>
[2018-06-21 12:30:10][1764][INFO]service start running: service <C_Media>, exitcode <0>
[2018-06-21 12:30:10][1764][INFO]service start running: service <C_Proxy>, exitcode <0>
[2018-06-21 12:30:10][1764][INFO]service start running: service <C_Forwd>, exitcode <0>
[2018-06-21 12:30:10][1764][INFO]service start running: service <C_RTime>, exitcode <0>
[2018-06-21 12:30:15][1764][INFO]service start running: service <C_Task>, exitcode <0>
[2018-06-21 16:28:43][1740][INFO]service start running: service <C_Media>, exitcode <0>
[2018-06-21 16:28:43][1740][INFO]service start running: service <C_Proxy>, exitcode <0>
[2018-06-21 16:28:43][1740][INFO]service start running: service <C_Forwd>, exitcode <0>
[2018-06-21 16:28:43][1740][INFO]service start running: service <C_RTime>, exitcode <0>
[2018-06-21 16:28:48][1740][INFO]service start running: service <C_Task>, exitcode <0>
[2018-06-22 12:07:37][1744][INFO]service start running: service <C_Media>, exitcode <0>
[2018-06-22 12:07:37][1744][INFO]service start running: service <C_Proxy>, exitcode <0>
[2018-06-22 12:07:37][1744][INFO]service start running: service <C_Forwd>, exitcode <0>
[2018-06-22 12:07:37][1744][INFO]service start running: service <C_RTime>, exitcode <0>
[2018-06-22 12:07:42][1744][INFO]service start running: service <C_Task>, exitcode <0>
[2018-06-22 16:45:32][1736][INFO]service start running: service <C_Media>, exitcode <0>
[2018-06-22 16:45:32][1736][INFO]service start running: service <C_Proxy>, exitcode <0>
[2018-06-22 16:45:32][1736][INFO]service start running: service <C_Forwd>, exitcode <0>
[2018-06-22 16:45:32][1736][INFO]service start running: service <C_RTime>, exitcode <0>
[2018-06-22 16:45:37][1736][INFO]service start running: service <C_Task>, exitcode <0>
[2018-06-22 16:51:07][1744][INFO]service start running: service <C_Media>, exitcode <0>
[2018-06-22 16:51:07][1744][INFO]service start running: service <C_Proxy>, exitcode <0>
[2018-06-22 16:51:07][1744][INFO]service start running: service <C_Forwd>, exitcode <0>
[2018-06-22 16:51:07][1744][INFO]service start running: service <C_RTime>, exitcode <0>
[2018-06-22 16:51:12][1744][INFO]service start running: service <C_Task>, exitcode <0>
[2018-06-22 17:05:13][1460][INFO]service start running: service <C_Media>, exitcode <0>
[2018-06-22 17:05:13][1460][INFO]service start running: service <C_Proxy>, exitcode <0>
[2018-06-22 17:05:13][1460][INFO]service start running: service <C_Forwd>, exitcode <0>
[2018-06-22 17:05:13][1460][INFO]service start running: service <C_RTime>, exitcode <0>
[2018-06-22 17:05:18][1460][INFO]service start running: service <C_Task>, exitcode <0>
[2018-06-22 17:13:03][1760][INFO]service start running: service <C_Media>, exitcode <0>
[2018-06-22 17:13:03][1760][INFO]service start running: service <C_Proxy>, exitcode <0>
[2018-06-22 17:13:03][1760][INFO]service start running: service <C_Forwd>, exitcode <0>
[2018-06-22 17:13:03][1760][INFO]service start running: service <C_RTime>, exitcode <0>
[2018-06-22 17:13:08][1760][INFO]service start running: service <C_Task>, exitcode <0>
[2018-06-23 16:13:19][1732][INFO]service start running: service <C_Media>, exitcode <0>
[2018-06-23 16:13:19][1732][INFO]service start running: service <C_Proxy>, exitcode <0>
[2018-06-23 16:13:19][1732][INFO]service start running: service <C_Forwd>, exitcode <0>
[2018-06-23 16:13:19][1732][INFO]service start running: service <C_RTime>, exitcode <0>
[2018-06-23 16:13:24][1732][INFO]service start running: service <C_Task>, exitcode <0>
[2018-06-24 16:31:58][1584][INFO]service start running: service <C_Media>, exitcode <0>
[2018-06-24 16:31:58][1584][INFO]service start running: service <C_Proxy>, exitcode <0>
[2018-06-24 16:31:58][1584][INFO]service start running: service <C_Forwd>, exitcode <0>
[2018-06-24 16:31:58][1584][INFO]service start running: service <C_RTime>, exitcode <0>
[2018-06-24 16:32:03][1584][INFO]service start running: service <C_Task>, exitcode <0>
[2018-06-25 12:08:12][404][INFO]service start running: service <C_Media>, exitcode <0>
[2018-06-25 12:08:12][404][INFO]service start running: service <C_Proxy>, exitcode <0>
[2018-06-25 12:08:12][404][INFO]service start running: service <C_Forwd>, exitcode <0>
[2018-06-25 12:08:12][404][INFO]service start running: service <C_RTime>, exitcode <0>
[2018-06-25 12:08:17][404][INFO]service start running: service <C_Task>, exitcode <0>
[2018-06-26 12:07:02][1780][INFO]service start running: service <C_Media>, exitcode <0>
[2018-06-26 12:07:02][1780][INFO]service start running: service <C_Proxy>, exitcode <0>
[2018-06-26 12:07:02][1780][INFO]service start running: service <C_Forwd>, exitcode <0>
[2018-06-26 12:07:02][1780][INFO]service start running: service <C_RTime>, exitcode <0>
[2018-06-26 12:07:07][1780][INFO]service start running: service <C_Task>, exitcode <0>
[2018-06-26 21:26:12][1756][INFO]service start running: service <C_Media>, exitcode <0>
[2018-06-26 21:26:12][1756][INFO]service start running: service <C_Proxy>, exitcode <0>
[2018-06-26 21:26:12][1756][INFO]service start running: service <C_Forwd>, exitcode <0>
[2018-06-26 21:26:12][1756][INFO]service start running: service <C_RTime>, exitcode <0>
[2018-06-26 21:26:17][1756][INFO]service start running: service <C_Task>, exitcode <0>
[2018-06-27 12:20:24][884][INFO]service start running: service <C_Media>, exitcode <0>
[2018-06-27 12:20:24][884][INFO]service start running: service <C_Proxy>, exitcode <0>
[2018-06-27 12:20:24][884][INFO]service start running: service <C_Forwd>, exitcode <0>
[2018-06-27 12:20:24][884][INFO]service start running: service <C_RTime>, exitcode <0>
[2018-06-27 12:20:29][884][INFO]service start running: service <C_Task>, exitcode <0>
[2018-06-28 12:12:19][1688][INFO]service start running: service <C_Media>, exitcode <0>
[2018-06-28 12:12:19][1688][INFO]service start running: service <C_Proxy>, exitcode <0>
[2018-06-28 12:12:19][1688][INFO]service start running: service <C_Forwd>, exitcode <0>
[2018-06-28 12:12:19][1688][INFO]service start running: service <C_RTime>, exitcode <0>
[2018-06-28 12:12:24][1688][INFO]service start running: service <C_Task>, exitcode <0>
[2018-07-03 12:37:09][1740][INFO]service start running: service <C_Media>, exitcode <0>
[2018-07-03 12:37:09][1740][INFO]service start running: service <C_Proxy>, exitcode <0>
[2018-07-03 12:37:09][1740][INFO]service start running: service <C_Forwd>, exitcode <0>
[2018-07-03 12:37:09][1740][INFO]service start running: service <C_RTime>, exitcode <0>
[2018-07-03 12:37:14][1740][INFO]service start running: service <C_Task>, exitcode <0>
[2018-07-04 12:18:48][1760][INFO]service start running: service <C_Media>, exitcode <0>
[2018-07-04 12:18:48][1760][INFO]service start running: service <C_Proxy>, exitcode <0>
[2018-07-04 12:18:48][1760][INFO]service start running: service <C_Forwd>, exitcode <0>
[2018-07-04 12:18:48][1760][INFO]service start running: service <C_RTime>, exitcode <0>
[2018-07-04 12:18:53][1760][INFO]service start running: service <C_Task>, exitcode <0>
[2018-07-05 12:23:19][1736][INFO]service start running: service <C_Media>, exitcode <0>
[2018-07-05 12:23:19][1736][INFO]service start running: service <C_Proxy>, exitcode <0>
[2018-07-05 12:23:19][1736][INFO]service start running: service <C_Forwd>, exitcode <0>
[2018-07-05 12:23:19][1736][INFO]service start running: service <C_RTime>, exitcode <0>
[2018-07-05 12:23:24][1736][INFO]service start running: service <C_Task>, exitcode <0>
[2018-07-05 17:37:10][1748][INFO]service start running: service <C_Media>, exitcode <0>
[2018-07-05 17:37:10][1748][INFO]service start running: service <C_Proxy>, exitcode <0>
[2018-07-05 17:37:10][1748][INFO]service start running: service <C_Forwd>, exitcode <0>
[2018-07-05 17:37:10][1748][INFO]service start running: service <C_RTime>, exitcode <0>
[2018-07-05 17:37:15][1748][INFO]service start running: service <C_Task>, exitcode <0>
[2018-07-06 11:44:03][1484][INFO]service start running: service <C_Media>, exitcode <0>
[2018-07-06 11:44:03][1484][INFO]service start running: service <C_Proxy>, exitcode <0>
[2018-07-06 11:44:03][1484][INFO]service start running: service <C_Forwd>, exitcode <0>
[2018-07-06 11:44:03][1484][INFO]service start running: service <C_RTime>, exitcode <0>
[2018-07-06 11:44:09][1484][INFO]service start running: service <C_Task>, exitcode <0>
[2018-08-26 17:46:18][1776][INFO]service start running: service <C_Media>, exitcode <0>
[2018-08-26 17:46:18][1776][INFO]service start running: service <C_Proxy>, exitcode <0>
[2018-08-26 17:46:18][1776][INFO]service start running: service <C_Forwd>, exitcode <0>
[2018-08-26 17:46:18][1776][INFO]service start running: service <C_RTime>, exitcode <0>
[2018-08-26 17:46:23][1776][INFO]service start running: service <C_Task>, exitcode <0>
[2018-08-27 12:12:27][616][INFO]service start running: service <C_Media>, exitcode <0>
[2018-08-27 12:12:27][616][INFO]service start running: service <C_Proxy>, exitcode <0>
[2018-08-27 12:12:27][616][INFO]service start running: service <C_Forwd>, exitcode <0>
[2018-08-27 12:12:27][616][INFO]service start running: service <C_RTime>, exitcode <0>
[2018-08-27 12:12:32][616][INFO]service start running: service <C_Task>, exitcode <0>
[2018-08-27 17:50:41][1740][INFO]service start running: service <C_Media>, exitcode <0>
[2018-08-27 17:50:41][1740][INFO]service start running: service <C_Proxy>, exitcode <0>
[2018-08-27 17:50:41][1740][INFO]service start running: service <C_Forwd>, exitcode <0>
[2018-08-27 17:50:41][1740][INFO]service start running: service <C_RTime>, exitcode <0>
[2018-08-27 17:50:47][1740][INFO]service start running: service <C_Task>, exitcode <0>
[2018-08-28 12:17:12][732][INFO]service start running: service <C_Media>, exitcode <0>
[2018-08-28 12:17:12][732][INFO]service start running: service <C_Proxy>, exitcode <0>
[2018-08-28 12:17:12][732][INFO]service start running: service <C_Forwd>, exitcode <0>
[2018-08-28 12:17:12][732][INFO]service start running: service <C_RTime>, exitcode <0>
[2018-08-28 12:17:17][732][INFO]service start running: service <C_Task>, exitcode <0>
[2018-08-28 17:34:47][1712][INFO]service start running: service <C_Media>, exitcode <0>
[2018-08-28 17:34:47][1712][INFO]service start running: service <C_Proxy>, exitcode <0>
[2018-08-28 17:34:47][1712][INFO]service start running: service <C_Forwd>, exitcode <0>
[2018-08-28 17:34:47][1712][INFO]service start running: service <C_RTime>, exitcode <0>
[2018-08-28 17:34:52][1712][INFO]service start running: service <C_Task>, exitcode <0>
[2018-08-29 12:07:13][1592][INFO]service start running: service <C_Media>, exitcode <0>
[2018-08-29 12:07:13][1592][INFO]service start running: service <C_Proxy>, exitcode <0>
[2018-08-29 12:07:13][1592][INFO]service start running: service <C_Forwd>, exitcode <0>
[2018-08-29 12:07:13][1592][INFO]service start running: service <C_RTime>, exitcode <0>
[2018-08-29 12:07:19][1592][INFO]service start running: service <C_Task>, exitcode <0>
[2018-08-30 12:27:32][1760][INFO]service start running: service <C_Media>, exitcode <0>
[2018-08-30 12:27:32][1760][INFO]service start running: service <C_Proxy>, exitcode <0>
[2018-08-30 12:27:32][1760][INFO]service start running: service <C_Forwd>, exitcode <0>
[2018-08-30 12:27:32][1760][INFO]service start running: service <C_RTime>, exitcode <0>
[2018-08-30 12:27:37][1760][INFO]service start running: service <C_Task>, exitcode <0>
[2018-08-31 12:15:22][1488][INFO]service start running: service <C_Media>, exitcode <0>
[2018-08-31 12:15:22][1488][INFO]service start running: service <C_Proxy>, exitcode <0>
[2018-08-31 12:15:22][1488][INFO]service start running: service <C_Forwd>, exitcode <0>
[2018-08-31 12:15:22][1488][INFO]service start running: service <C_RTime>, exitcode <0>
[2018-08-31 12:15:28][1488][INFO]service start running: service <C_Task>, exitcode <0>
[2018-09-02 15:21:43][1500][INFO]service start running: service <C_Media>, exitcode <0>
[2018-09-02 15:21:43][1500][INFO]service start running: service <C_Proxy>, exitcode <0>
[2018-09-02 15:21:43][1500][INFO]service start running: service <C_Forwd>, exitcode <0>
[2018-09-02 15:21:43][1500][INFO]service start running: service <C_RTime>, exitcode <0>
[2018-09-02 15:21:48][1500][INFO]service start running: service <C_Task>, exitcode <0>
[2018-09-02 16:21:32][1716][INFO]service start running: service <C_Media>, exitcode <0>
[2018-09-02 16:21:32][1716][INFO]service start running: service <C_Proxy>, exitcode <0>
[2018-09-02 16:21:32][1716][INFO]service start running: service <C_Forwd>, exitcode <0>
[2018-09-02 16:21:32][1716][INFO]service start running: service <C_RTime>, exitcode <0>
[2018-09-02 16:21:37][1716][INFO]service start running: service <C_Task>, exitcode <0>
[2018-09-02 17:18:20][1608][INFO]service start running: service <C_Media>, exitcode <0>
[2018-09-02 17:18:20][1608][INFO]service start running: service <C_Proxy>, exitcode <0>
[2018-09-02 17:18:20][1608][INFO]service start running: service <C_Forwd>, exitcode <0>
[2018-09-02 17:18:20][1608][INFO]service start running: service <C_RTime>, exitcode <0>
[2018-09-02 17:18:25][1608][INFO]service start running: service <C_Task>, exitcode <0>
[2018-09-02 21:24:30][1468][INFO]service start running: service <C_Media>, exitcode <0>
[2018-09-02 21:24:30][1468][INFO]service start running: service <C_Proxy>, exitcode <0>
[2018-09-02 21:24:30][1468][INFO]service start running: service <C_Forwd>, exitcode <0>
[2018-09-02 21:24:30][1468][INFO]service start running: service <C_RTime>, exitcode <0>
[2018-09-02 21:24:35][1468][INFO]service start running: service <C_Task>, exitcode <0>
[2018-09-03 09:17:55][732][INFO]service start running: service <C_Media>, exitcode <0>
[2018-09-03 09:17:55][732][INFO]service start running: service <C_Proxy>, exitcode <0>
[2018-09-03 09:17:55][732][INFO]service start running: service <C_Forwd>, exitcode <0>
[2018-09-03 09:17:55][732][INFO]service start running: service <C_RTime>, exitcode <0>
[2018-09-03 09:18:01][732][INFO]service start running: service <C_Task>, exitcode <0>
[2018-09-03 12:05:22][1400][INFO]service start running: service <C_Media>, exitcode <0>
[2018-09-03 12:05:22][1400][INFO]service start running: service <C_Proxy>, exitcode <0>
[2018-09-03 12:05:22][1400][INFO]service start running: service <C_Forwd>, exitcode <0>
[2018-09-03 12:05:22][1400][INFO]service start running: service <C_RTime>, exitcode <0>
[2018-09-03 12:05:27][1400][INFO]service start running: service <C_Task>, exitcode <0>
[2018-09-04 12:20:47][1752][INFO]service start running: service <C_Media>, exitcode <0>
[2018-09-04 12:20:47][1752][INFO]service start running: service <C_Proxy>, exitcode <0>
[2018-09-04 12:20:47][1752][INFO]service start running: service <C_Forwd>, exitcode <0>
[2018-09-04 12:20:47][1752][INFO]service start running: service <C_RTime>, exitcode <0>
[2018-09-04 12:20:52][1752][INFO]service start running: service <C_Task>, exitcode <0>
[2018-09-05 09:09:20][564][INFO]service start running: service <C_Media>, exitcode <0>
[2018-09-05 09:09:20][564][INFO]service start running: service <C_Proxy>, exitcode <0>
[2018-09-05 09:09:20][564][INFO]service start running: service <C_Forwd>, exitcode <0>
[2018-09-05 09:09:20][564][INFO]service start running: service <C_RTime>, exitcode <0>
[2018-09-05 09:09:26][564][INFO]service start running: service <C_Task>, exitcode <0>
[2018-09-05 12:05:50][1768][INFO]service start running: service <C_Media>, exitcode <0>
[2018-09-05 12:05:50][1768][INFO]service start running: service <C_Proxy>, exitcode <0>
[2018-09-05 12:05:50][1768][INFO]service start running: service <C_Forwd>, exitcode <0>
[2018-09-05 12:05:50][1768][INFO]service start running: service <C_RTime>, exitcode <0>
[2018-09-05 12:05:55][1768][INFO]service start running: service <C_Task>, exitcode <0>
[2018-09-06 12:34:37][1580][INFO]service start running: service <C_Media>, exitcode <0>
[2018-09-06 12:34:37][1580][INFO]service start running: service <C_Proxy>, exitcode <0>
[2018-09-06 12:34:37][1580][INFO]service start running: service <C_Forwd>, exitcode <0>
[2018-09-06 12:34:37][1580][INFO]service start running: service <C_RTime>, exitcode <0>
[2018-09-06 12:34:42][1580][INFO]service start running: service <C_Task>, exitcode <0>
[2018-09-07 12:22:06][1716][INFO]service start running: service <C_Media>, exitcode <0>
[2018-09-07 12:22:06][1716][INFO]service start running: service <C_Proxy>, exitcode <0>
[2018-09-07 12:22:06][1716][INFO]service start running: service <C_Forwd>, exitcode <0>
[2018-09-07 12:22:06][1716][INFO]service start running: service <C_RTime>, exitcode <0>
[2018-09-07 12:22:11][1716][INFO]service start running: service <C_Task>, exitcode <0>
[2018-09-07 16:12:04][480][INFO]service start running: service <C_Media>, exitcode <0>
[2018-09-07 16:12:04][480][INFO]service start running: service <C_Proxy>, exitcode <0>
[2018-09-07 16:12:04][480][INFO]service start running: service <C_Forwd>, exitcode <0>
[2018-09-07 16:12:04][480][INFO]service start running: service <C_RTime>, exitcode <0>
[2018-09-07 16:12:10][480][INFO]service start running: service <C_Task>, exitcode <0>
[2018-09-09 14:20:38][1760][INFO]service start running: service <C_Media>, exitcode <0>
[2018-09-09 14:20:38][1760][INFO]service start running: service <C_Proxy>, exitcode <0>
[2018-09-09 14:20:38][1760][INFO]service start running: service <C_Forwd>, exitcode <0>
[2018-09-09 14:20:38][1760][INFO]service start running: service <C_RTime>, exitcode <0>
[2018-09-09 14:20:43][1760][INFO]service start running: service <C_Task>, exitcode <0>
[2018-09-09 16:53:42][1468][INFO]service start running: service <C_Media>, exitcode <0>
[2018-09-09 16:53:42][1468][INFO]service start running: service <C_Proxy>, exitcode <0>
[2018-09-09 16:53:42][1468][INFO]service start running: service <C_Forwd>, exitcode <0>
[2018-09-09 16:53:42][1468][INFO]service start running: service <C_RTime>, exitcode <0>
[2018-09-09 16:53:47][1468][INFO]service start running: service <C_Task>, exitcode <0>
[2018-09-10 09:20:34][1756][INFO]service start running: service <C_Media>, exitcode <0>
[2018-09-10 09:20:34][1756][INFO]service start running: service <C_Proxy>, exitcode <0>
[2018-09-10 09:20:34][1756][INFO]service start running: service <C_Forwd>, exitcode <0>
[2018-09-10 09:20:34][1756][INFO]service start running: service <C_RTime>, exitcode <0>
[2018-09-10 09:20:39][1756][INFO]service start running: service <C_Task>, exitcode <0>
[2018-09-10 12:35:29][1756][INFO]service start running: service <C_Media>, exitcode <0>
[2018-09-10 12:35:29][1756][INFO]service start running: service <C_Proxy>, exitcode <0>
[2018-09-10 12:35:29][1756][INFO]service start running: service <C_Forwd>, exitcode <0>
[2018-09-10 12:35:29][1756][INFO]service start running: service <C_RTime>, exitcode <0>
[2018-09-10 12:35:34][1756][INFO]service start running: service <C_Task>, exitcode <0>
[2018-09-10 16:47:32][1760][INFO]service start running: service <C_Media>, exitcode <0>
[2018-09-10 16:47:32][1760][INFO]service start running: service <C_Proxy>, exitcode <0>
[2018-09-10 16:47:32][1760][INFO]service start running: service <C_Forwd>, exitcode <0>
[2018-09-10 16:47:32][1760][INFO]service start running: service <C_RTime>, exitcode <0>
[2018-09-10 16:47:37][1760][INFO]service start running: service <C_Task>, exitcode <0>
[2018-09-10 20:34:19][1728][INFO]service start running: service <C_Media>, exitcode <0>
[2018-09-10 20:34:19][1728][INFO]service start running: service <C_Proxy>, exitcode <0>
[2018-09-10 20:34:19][1728][INFO]service start running: service <C_Forwd>, exitcode <0>
[2018-09-10 20:34:19][1728][INFO]service start running: service <C_RTime>, exitcode <0>
[2018-09-10 20:34:24][1728][INFO]service start running: service <C_Task>, exitcode <0>
[2018-09-11 09:18:24][1728][INFO]service start running: service <C_Media>, exitcode <0>
[2018-09-11 09:18:24][1728][INFO]service start running: service <C_Proxy>, exitcode <0>
[2018-09-11 09:18:24][1728][INFO]service start running: service <C_Forwd>, exitcode <0>
[2018-09-11 09:18:24][1728][INFO]service start running: service <C_RTime>, exitcode <0>
[2018-09-11 09:18:29][1728][INFO]service start running: service <C_Task>, exitcode <0>
[2018-09-11 12:20:54][1724][INFO]service start running: service <C_Media>, exitcode <0>
[2018-09-11 12:20:54][1724][INFO]service start running: service <C_Proxy>, exitcode <0>
[2018-09-11 12:20:54][1724][INFO]service start running: service <C_Forwd>, exitcode <0>
[2018-09-11 12:20:54][1724][INFO]service start running: service <C_RTime>, exitcode <0>
[2018-09-11 12:21:00][1724][INFO]service start running: service <C_Task>, exitcode <0>
[2018-09-11 19:47:06][1756][INFO]service start running: service <C_Media>, exitcode <0>
[2018-09-11 19:47:06][1756][INFO]service start running: service <C_Proxy>, exitcode <0>
[2018-09-11 19:47:06][1756][INFO]service start running: service <C_Forwd>, exitcode <0>
[2018-09-11 19:47:06][1756][INFO]service start running: service <C_RTime>, exitcode <0>
[2018-09-11 19:47:11][1756][INFO]service start running: service <C_Task>, exitcode <0>
[2018-09-12 12:06:17][1504][INFO]service start running: service <C_Media>, exitcode <0>
[2018-09-12 12:06:17][1504][INFO]service start running: service <C_Proxy>, exitcode <0>
[2018-09-12 12:06:17][1504][INFO]service start running: service <C_Forwd>, exitcode <0>
[2018-09-12 12:06:17][1504][INFO]service start running: service <C_RTime>, exitcode <0>
[2018-09-12 12:06:22][1504][INFO]service start running: service <C_Task>, exitcode <0>
[2018-09-12 12:34:37][1644][INFO]service start running: service <C_Media>, exitcode <0>
[2018-09-12 12:34:37][1644][INFO]service start running: service <C_Proxy>, exitcode <0>
[2018-09-12 12:34:37][1644][INFO]service start running: service <C_Forwd>, exitcode <0>
[2018-09-12 12:34:37][1644][INFO]service start running: service <C_RTime>, exitcode <0>
[2018-09-12 12:34:42][1644][INFO]service start running: service <C_Task>, exitcode <0>
[2018-09-12 17:28:55][680][INFO]service start running: service <C_Media>, exitcode <0>
[2018-09-12 17:28:55][680][INFO]service start running: service <C_Proxy>, exitcode <0>
[2018-09-12 17:28:55][680][INFO]service start running: service <C_Forwd>, exitcode <0>
[2018-09-12 17:28:55][680][INFO]service start running: service <C_RTime>, exitcode <0>
[2018-09-12 17:29:01][680][INFO]service start running: service <C_Task>, exitcode <0>
[2018-09-12 20:35:18][1616][INFO]service start running: service <C_Media>, exitcode <0>
[2018-09-12 20:35:18][1616][INFO]service start running: service <C_Proxy>, exitcode <0>
[2018-09-12 20:35:18][1616][INFO]service start running: service <C_Forwd>, exitcode <0>
[2018-09-12 20:35:18][1616][INFO]service start running: service <C_RTime>, exitcode <0>
[2018-09-12 20:35:23][1616][INFO]service start running: service <C_Task>, exitcode <0>
[2018-09-13 12:20:41][1780][INFO]service start running: service <C_Media>, exitcode <0>
[2018-09-13 12:20:41][1780][INFO]service start running: service <C_Proxy>, exitcode <0>
[2018-09-13 12:20:41][1780][INFO]service start running: service <C_Forwd>, exitcode <0>
[2018-09-13 12:20:41][1780][INFO]service start running: service <C_RTime>, exitcode <0>
[2018-09-13 12:20:46][1780][INFO]service start running: service <C_Task>, exitcode <0>
[2018-09-14 09:15:21][1764][INFO]service start running: service <C_Media>, exitcode <0>
[2018-09-14 09:15:21][1764][INFO]service start running: service <C_Proxy>, exitcode <0>
[2018-09-14 09:15:21][1764][INFO]service start running: service <C_Forwd>, exitcode <0>
[2018-09-14 09:15:21][1764][INFO]service start running: service <C_RTime>, exitcode <0>
[2018-09-14 09:15:27][1764][INFO]service start running: service <C_Task>, exitcode <0>
[2018-09-14 12:30:54][1176][INFO]service start running: service <C_Media>, exitcode <0>
[2018-09-14 12:30:54][1176][INFO]service start running: service <C_Proxy>, exitcode <0>
[2018-09-14 12:30:54][1176][INFO]service start running: service <C_Forwd>, exitcode <0>
[2018-09-14 12:30:54][1176][INFO]service start running: service <C_RTime>, exitcode <0>
[2018-09-14 12:30:59][1176][INFO]service start running: service <C_Task>, exitcode <0>
[2018-09-14 16:55:22][1748][INFO]service start running: service <C_Media>, exitcode <0>
[2018-09-14 16:55:22][1748][INFO]service start running: service <C_Proxy>, exitcode <0>
[2018-09-14 16:55:22][1748][INFO]service start running: service <C_Forwd>, exitcode <0>
[2018-09-14 16:55:22][1748][INFO]service start running: service <C_RTime>, exitcode <0>
[2018-09-14 16:55:27][1748][INFO]service start running: service <C_Task>, exitcode <0>
[2018-09-14 20:34:08][404][INFO]service start running: service <C_Media>, exitcode <0>
[2018-09-14 20:34:08][404][INFO]service start running: service <C_Proxy>, exitcode <0>
[2018-09-14 20:34:08][404][INFO]service start running: service <C_Forwd>, exitcode <0>
[2018-09-14 20:34:08][404][INFO]service start running: service <C_RTime>, exitcode <0>
[2018-09-14 20:34:13][404][INFO]service start running: service <C_Task>, exitcode <0>
[2018-09-15 07:13:41][1768][INFO]service start running: service <C_Media>, exitcode <0>
[2018-09-15 07:13:41][1768][INFO]service start running: service <C_Proxy>, exitcode <0>
[2018-09-15 07:13:41][1768][INFO]service start running: service <C_Forwd>, exitcode <0>
[2018-09-15 07:13:41][1768][INFO]service start running: service <C_RTime>, exitcode <0>
[2018-09-15 07:13:46][1768][INFO]service start running: service <C_Task>, exitcode <0>
[2018-09-15 09:09:07][612][INFO]service start running: service <C_Media>, exitcode <0>
[2018-09-15 09:09:07][612][INFO]service start running: service <C_Proxy>, exitcode <0>
[2018-09-15 09:09:07][612][INFO]service start running: service <C_Forwd>, exitcode <0>
[2018-09-15 09:09:07][612][INFO]service start running: service <C_RTime>, exitcode <0>
[2018-09-15 09:09:13][612][INFO]service start running: service <C_Task>, exitcode <0>
[2018-09-15 12:18:48][1380][INFO]service start running: service <C_Media>, exitcode <0>
[2018-09-15 12:18:48][1380][INFO]service start running: service <C_Proxy>, exitcode <0>
[2018-09-15 12:18:48][1380][INFO]service start running: service <C_Forwd>, exitcode <0>
[2018-09-15 12:18:48][1380][INFO]service start running: service <C_RTime>, exitcode <0>
[2018-09-15 12:18:53][1380][INFO]service start running: service <C_Task>, exitcode <0>
[2018-09-15 15:53:27][1788][INFO]service start running: service <C_Media>, exitcode <0>
[2018-09-15 15:53:27][1788][INFO]service start running: service <C_Proxy>, exitcode <0>
[2018-09-15 15:53:27][1788][INFO]service start running: service <C_Forwd>, exitcode <0>
[2018-09-15 15:53:27][1788][INFO]service start running: service <C_RTime>, exitcode <0>
[2018-09-15 15:53:32][1788][INFO]service start running: service <C_Task>, exitcode <0>
[2018-09-15 16:44:45][564][INFO]service start running: service <C_Media>, exitcode <0>
[2018-09-15 16:44:45][564][INFO]service start running: service <C_Proxy>, exitcode <0>
[2018-09-15 16:44:45][564][INFO]service start running: service <C_Forwd>, exitcode <0>
[2018-09-15 16:44:45][564][INFO]service start running: service <C_RTime>, exitcode <0>
[2018-09-15 16:44:50][564][INFO]service start running: service <C_Task>, exitcode <0>
[2018-09-15 20:33:52][1748][INFO]service start running: service <C_Media>, exitcode <0>
[2018-09-15 20:33:52][1748][INFO]service start running: service <C_Proxy>, exitcode <0>
[2018-09-15 20:33:52][1748][INFO]service start running: service <C_Forwd>, exitcode <0>
[2018-09-15 20:33:52][1748][INFO]service start running: service <C_RTime>, exitcode <0>
[2018-09-15 20:33:57][1748][INFO]service start running: service <C_Task>, exitcode <0>
[2018-09-16 06:53:41][736][INFO]service start running: service <C_Media>, exitcode <0>
[2018-09-16 06:53:41][736][INFO]service start running: service <C_Proxy>, exitcode <0>
[2018-09-16 06:53:41][736][INFO]service start running: service <C_Forwd>, exitcode <0>
[2018-09-16 06:53:41][736][INFO]service start running: service <C_RTime>, exitcode <0>
[2018-09-16 06:53:47][736][INFO]service start running: service <C_Task>, exitcode <0>
[2018-09-16 09:09:22][1588][INFO]service start running: service <C_Media>, exitcode <0>
[2018-09-16 09:09:22][1588][INFO]service start running: service <C_Proxy>, exitcode <0>
[2018-09-16 09:09:22][1588][INFO]service start running: service <C_Forwd>, exitcode <0>
[2018-09-16 09:09:22][1588][INFO]service start running: service <C_RTime>, exitcode <0>
[2018-09-16 09:09:27][1588][INFO]service start running: service <C_Task>, exitcode <0>
[2018-09-16 15:56:19][680][INFO]service start running: service <C_Media>, exitcode <0>
[2018-09-16 15:56:19][680][INFO]service start running: service <C_Proxy>, exitcode <0>
[2018-09-16 15:56:19][680][INFO]service start running: service <C_Forwd>, exitcode <0>
[2018-09-16 15:56:19][680][INFO]service start running: service <C_RTime>, exitcode <0>
[2018-09-16 15:56:24][680][INFO]service start running: service <C_Task>, exitcode <0>
[2018-09-16 18:53:56][1752][INFO]service start running: service <C_Media>, exitcode <0>
[2018-09-16 18:53:56][1752][INFO]service start running: service <C_Proxy>, exitcode <0>
[2018-09-16 18:53:56][1752][INFO]service start running: service <C_Forwd>, exitcode <0>
[2018-09-16 18:53:56][1752][INFO]service start running: service <C_RTime>, exitcode <0>
[2018-09-16 18:54:02][1752][INFO]service start running: service <C_Task>, exitcode <0>
[2018-09-17 12:04:14][1780][INFO]service start running: service <C_Media>, exitcode <0>
[2018-09-17 12:04:14][1780][INFO]service start running: service <C_Proxy>, exitcode <0>
[2018-09-17 12:04:14][1780][INFO]service start running: service <C_Forwd>, exitcode <0>
[2018-09-17 12:04:14][1780][INFO]service start running: service <C_RTime>, exitcode <0>
[2018-09-17 12:04:19][1780][INFO]service start running: service <C_Task>, exitcode <0>
[2018-09-17 17:28:37][1724][INFO]service start running: service <C_Media>, exitcode <0>
[2018-09-17 17:28:37][1724][INFO]service start running: service <C_Proxy>, exitcode <0>
[2018-09-17 17:28:37][1724][INFO]service start running: service <C_Forwd>, exitcode <0>
[2018-09-17 17:28:37][1724][INFO]service start running: service <C_RTime>, exitcode <0>
[2018-09-17 17:28:42][1724][INFO]service start running: service <C_Task>, exitcode <0>
[2018-09-17 19:48:29][1760][INFO]service start running: service <C_Media>, exitcode <0>
[2018-09-17 19:48:29][1760][INFO]service start running: service <C_Proxy>, exitcode <0>
[2018-09-17 19:48:29][1760][INFO]service start running: service <C_Forwd>, exitcode <0>
[2018-09-17 19:48:29][1760][INFO]service start running: service <C_RTime>, exitcode <0>
[2018-09-17 19:48:34][1760][INFO]service start running: service <C_Task>, exitcode <0>
[2018-09-17 20:34:50][1736][INFO]service start running: service <C_Media>, exitcode <0>
[2018-09-17 20:34:50][1736][INFO]service start running: service <C_Proxy>, exitcode <0>
[2018-09-17 20:34:50][1736][INFO]service start running: service <C_Forwd>, exitcode <0>
[2018-09-17 20:34:50][1736][INFO]service start running: service <C_RTime>, exitcode <0>
[2018-09-17 20:34:55][1736][INFO]service start running: service <C_Task>, exitcode <0>
[2018-09-18 06:48:17][1748][INFO]service start running: service <C_Media>, exitcode <0>
[2018-09-18 06:48:17][1748][INFO]service start running: service <C_Proxy>, exitcode <0>
[2018-09-18 06:48:17][1748][INFO]service start running: service <C_Forwd>, exitcode <0>
[2018-09-18 06:48:17][1748][INFO]service start running: service <C_RTime>, exitcode <0>
[2018-09-18 06:48:22][1748][INFO]service start running: service <C_Task>, exitcode <0>
[2018-09-18 09:19:08][1752][INFO]service start running: service <C_Media>, exitcode <0>
[2018-09-18 09:19:08][1752][INFO]service start running: service <C_Proxy>, exitcode <0>
[2018-09-18 09:19:08][1752][INFO]service start running: service <C_Forwd>, exitcode <0>
[2018-09-18 09:19:08][1752][INFO]service start running: service <C_RTime>, exitcode <0>
[2018-09-18 09:19:14][1752][INFO]service start running: service <C_Task>, exitcode <0>
[2018-09-18 12:20:31][1748][INFO]service start running: service <C_Media>, exitcode <0>
[2018-09-18 12:20:31][1748][INFO]service start running: service <C_Proxy>, exitcode <0>
[2018-09-18 12:20:31][1748][INFO]service start running: service <C_Forwd>, exitcode <0>
[2018-09-18 12:20:31][1748][INFO]service start running: service <C_RTime>, exitcode <0>
[2018-09-18 12:20:36][1748][INFO]service start running: service <C_Task>, exitcode <0>
[2018-09-18 13:56:22][1500][INFO]service start running: service <C_Media>, exitcode <0>
[2018-09-18 13:56:22][1500][INFO]service start running: service <C_Proxy>, exitcode <0>
[2018-09-18 13:56:22][1500][INFO]service start running: service <C_Forwd>, exitcode <0>
[2018-09-18 13:56:22][1500][INFO]service start running: service <C_RTime>, exitcode <0>
[2018-09-18 13:56:27][1500][INFO]service start running: service <C_Task>, exitcode <0>
[2018-09-18 20:34:10][1476][INFO]service start running: service <C_Media>, exitcode <0>
[2018-09-18 20:34:10][1476][INFO]service start running: service <C_Proxy>, exitcode <0>
[2018-09-18 20:34:10][1476][INFO]service start running: service <C_Forwd>, exitcode <0>
[2018-09-18 20:34:10][1476][INFO]service start running: service <C_RTime>, exitcode <0>
[2018-09-18 20:34:15][1476][INFO]service start running: service <C_Task>, exitcode <0>
[2018-09-19 06:46:59][1736][INFO]service start running: service <C_Media>, exitcode <0>
[2018-09-19 06:46:59][1736][INFO]service start running: service <C_Proxy>, exitcode <0>
[2018-09-19 06:46:59][1736][INFO]service start running: service <C_Forwd>, exitcode <0>
[2018-09-19 06:46:59][1736][INFO]service start running: service <C_RTime>, exitcode <0>
[2018-09-19 06:47:04][1736][INFO]service start running: service <C_Task>, exitcode <0>
[2018-09-19 19:44:35][1588][INFO]service start running: service <C_Media>, exitcode <0>
[2018-09-19 19:44:35][1588][INFO]service start running: service <C_Proxy>, exitcode <0>
[2018-09-19 19:44:35][1588][INFO]service start running: service <C_Forwd>, exitcode <0>
[2018-09-19 19:44:35][1588][INFO]service start running: service <C_RTime>, exitcode <0>
[2018-09-19 19:44:40][1588][INFO]service start running: service <C_Task>, exitcode <0>
[2018-09-20 12:06:50][1784][INFO]service start running: service <C_Media>, exitcode <0>
[2018-09-20 12:06:50][1784][INFO]service start running: service <C_Proxy>, exitcode <0>
[2018-09-20 12:06:50][1784][INFO]service start running: service <C_Forwd>, exitcode <0>
[2018-09-20 12:06:50][1784][INFO]service start running: service <C_RTime>, exitcode <0>
[2018-09-20 12:06:55][1784][INFO]service start running: service <C_Task>, exitcode <0>
[2018-09-20 15:55:22][1776][INFO]service start running: service <C_Media>, exitcode <0>
[2018-09-20 15:55:22][1776][INFO]service start running: service <C_Proxy>, exitcode <0>
[2018-09-20 15:55:22][1776][INFO]service start running: service <C_Forwd>, exitcode <0>
[2018-09-20 15:55:22][1776][INFO]service start running: service <C_RTime>, exitcode <0>
[2018-09-20 15:55:27][1776][INFO]service start running: service <C_Task>, exitcode <0>
[2018-09-20 19:43:57][1184][INFO]service start running: service <C_Media>, exitcode <0>
[2018-09-20 19:43:57][1184][INFO]service start running: service <C_Proxy>, exitcode <0>
[2018-09-20 19:43:57][1184][INFO]service start running: service <C_Forwd>, exitcode <0>
[2018-09-20 19:43:57][1184][INFO]service start running: service <C_RTime>, exitcode <0>
[2018-09-20 19:44:02][1184][INFO]service start running: service <C_Task>, exitcode <0>
[2018-09-21 06:47:06][1756][INFO]service start running: service <C_Media>, exitcode <0>
[2018-09-21 06:47:06][1756][INFO]service start running: service <C_Proxy>, exitcode <0>
[2018-09-21 06:47:06][1756][INFO]service start running: service <C_Forwd>, exitcode <0>
[2018-09-21 06:47:06][1756][INFO]service start running: service <C_RTime>, exitcode <0>
[2018-09-21 06:47:11][1756][INFO]service start running: service <C_Task>, exitcode <0>
[2018-09-25 06:55:58][1612][INFO]service start running: service <C_Media>, exitcode <0>
[2018-09-25 06:55:58][1612][INFO]service start running: service <C_Proxy>, exitcode <0>
[2018-09-25 06:55:58][1612][INFO]service start running: service <C_Forwd>, exitcode <0>
[2018-09-25 06:55:58][1612][INFO]service start running: service <C_RTime>, exitcode <0>
[2018-09-25 06:56:03][1612][INFO]service start running: service <C_Task>, exitcode <0>
[2018-09-25 08:43:25][328][INFO]service start running: service <C_Media>, exitcode <0>
[2018-09-25 08:43:25][328][INFO]service start running: service <C_Proxy>, exitcode <0>
[2018-09-25 08:43:25][328][INFO]service start running: service <C_Forwd>, exitcode <0>
[2018-09-25 08:43:25][328][INFO]service start running: service <C_RTime>, exitcode <0>
[2018-09-25 08:43:30][328][INFO]service start running: service <C_Task>, exitcode <0>
[2018-09-25 12:05:32][820][INFO]service start running: service <C_Media>, exitcode <0>
[2018-09-25 12:05:32][820][INFO]service start running: service <C_Proxy>, exitcode <0>
[2018-09-25 12:05:32][820][INFO]service start running: service <C_Forwd>, exitcode <0>
[2018-09-25 12:05:32][820][INFO]service start running: service <C_RTime>, exitcode <0>
[2018-09-25 12:05:37][820][INFO]service start running: service <C_Task>, exitcode <0>
[2018-09-25 18:54:10][1784][INFO]service start running: service <C_Media>, exitcode <0>
[2018-09-25 18:54:10][1784][INFO]service start running: service <C_Proxy>, exitcode <0>
[2018-09-25 18:54:10][1784][INFO]service start running: service <C_Forwd>, exitcode <0>
[2018-09-25 18:54:10][1784][INFO]service start running: service <C_RTime>, exitcode <0>
[2018-09-25 18:54:15][1784][INFO]service start running: service <C_Task>, exitcode <0>
[2018-09-25 21:27:32][1752][INFO]service start running: service <C_Media>, exitcode <0>
[2018-09-25 21:27:32][1752][INFO]service start running: service <C_Proxy>, exitcode <0>
[2018-09-25 21:27:32][1752][INFO]service start running: service <C_Forwd>, exitcode <0>
[2018-09-25 21:27:32][1752][INFO]service start running: service <C_RTime>, exitcode <0>
[2018-09-25 21:27:37][1752][INFO]service start running: service <C_Task>, exitcode <0>
[2018-09-26 06:49:13][1748][INFO]service start running: service <C_Media>, exitcode <0>
[2018-09-26 06:49:13][1748][INFO]service start running: service <C_Proxy>, exitcode <0>
[2018-09-26 06:49:13][1748][INFO]service start running: service <C_Forwd>, exitcode <0>
[2018-09-26 06:49:13][1748][INFO]service start running: service <C_RTime>, exitcode <0>
[2018-09-26 06:49:18][1748][INFO]service start running: service <C_Task>, exitcode <0>
[2018-09-26 12:21:32][1740][INFO]service start running: service <C_Media>, exitcode <0>
[2018-09-26 12:21:32][1740][INFO]service start running: service <C_Proxy>, exitcode <0>
[2018-09-26 12:21:32][1740][INFO]service start running: service <C_Forwd>, exitcode <0>
[2018-09-26 12:21:32][1740][INFO]service start running: service <C_RTime>, exitcode <0>
[2018-09-26 12:21:37][1740][INFO]service start running: service <C_Task>, exitcode <0>
[2018-09-26 12:23:22][1748][INFO]service start running: service <C_Media>, exitcode <0>
[2018-09-26 12:23:22][1748][INFO]service start running: service <C_Proxy>, exitcode <0>
[2018-09-26 12:23:22][1748][INFO]service start running: service <C_Forwd>, exitcode <0>
[2018-09-26 12:23:22][1748][INFO]service start running: service <C_RTime>, exitcode <0>
[2018-09-26 12:23:27][1748][INFO]service start running: service <C_Task>, exitcode <0>
[2018-09-26 17:33:40][1748][INFO]service start running: service <C_Media>, exitcode <0>
[2018-09-26 17:33:40][1748][INFO]service start running: service <C_Proxy>, exitcode <0>
[2018-09-26 17:33:40][1748][INFO]service start running: service <C_Forwd>, exitcode <0>
[2018-09-26 17:33:40][1748][INFO]service start running: service <C_RTime>, exitcode <0>
[2018-09-26 17:33:45][1748][INFO]service start running: service <C_Task>, exitcode <0>
[2018-09-27 06:53:21][1740][INFO]service start running: service <C_Media>, exitcode <0>
[2018-09-27 06:53:21][1740][INFO]service start running: service <C_Proxy>, exitcode <0>
[2018-09-27 06:53:21][1740][INFO]service start running: service <C_Forwd>, exitcode <0>
[2018-09-27 06:53:21][1740][INFO]service start running: service <C_RTime>, exitcode <0>
[2018-09-27 06:53:26][1740][INFO]service start running: service <C_Task>, exitcode <0>
[2018-09-27 18:53:55][1736][INFO]service start running: service <C_Media>, exitcode <0>
[2018-09-27 18:53:55][1736][INFO]service start running: service <C_Proxy>, exitcode <0>
[2018-09-27 18:53:55][1736][INFO]service start running: service <C_Forwd>, exitcode <0>
[2018-09-27 18:53:55][1736][INFO]service start running: service <C_RTime>, exitcode <0>
[2018-09-27 18:54:00][1736][INFO]service start running: service <C_Task>, exitcode <0>
[2018-09-28 12:23:11][1740][INFO]service start running: service <C_Media>, exitcode <0>
[2018-09-28 12:23:11][1740][INFO]service start running: service <C_Proxy>, exitcode <0>
[2018-09-28 12:23:11][1740][INFO]service start running: service <C_Forwd>, exitcode <0>
[2018-09-28 12:23:11][1740][INFO]service start running: service <C_RTime>, exitcode <0>
[2018-09-28 12:23:16][1740][INFO]service start running: service <C_Task>, exitcode <0>
[2018-09-28 17:14:38][1748][INFO]service start running: service <C_Media>, exitcode <0>
[2018-09-28 17:14:38][1748][INFO]service start running: service <C_Proxy>, exitcode <0>
[2018-09-28 17:14:38][1748][INFO]service start running: service <C_Forwd>, exitcode <0>
[2018-09-28 17:14:38][1748][INFO]service start running: service <C_RTime>, exitcode <0>
[2018-09-28 17:14:43][1748][INFO]service start running: service <C_Task>, exitcode <0>
[2018-09-29 09:08:08][1736][INFO]service start running: service <C_Media>, exitcode <0>
[2018-09-29 09:08:08][1736][INFO]service start running: service <C_Proxy>, exitcode <0>
[2018-09-29 09:08:08][1736][INFO]service start running: service <C_Forwd>, exitcode <0>
[2018-09-29 09:08:08][1736][INFO]service start running: service <C_RTime>, exitcode <0>
[2018-09-29 09:08:13][1736][INFO]service start running: service <C_Task>, exitcode <0>
[2018-09-29 12:31:10][1744][INFO]service start running: service <C_Media>, exitcode <0>
[2018-09-29 12:31:10][1744][INFO]service start running: service <C_Proxy>, exitcode <0>
[2018-09-29 12:31:10][1744][INFO]service start running: service <C_Forwd>, exitcode <0>
[2018-09-29 12:31:10][1744][INFO]service start running: service <C_RTime>, exitcode <0>
[2018-09-29 12:31:15][1744][INFO]service start running: service <C_Task>, exitcode <0>
[2018-09-29 21:24:21][1784][INFO]service start running: service <C_Media>, exitcode <0>
[2018-09-29 21:24:21][1784][INFO]service start running: service <C_Proxy>, exitcode <0>
[2018-09-29 21:24:21][1784][INFO]service start running: service <C_Forwd>, exitcode <0>
[2018-09-29 21:24:21][1784][INFO]service start running: service <C_RTime>, exitcode <0>
[2018-09-29 21:24:26][1784][INFO]service start running: service <C_Task>, exitcode <0>
[2018-09-30 06:53:25][1760][INFO]service start running: service <C_Media>, exitcode <0>
[2018-09-30 06:53:25][1760][INFO]service start running: service <C_Proxy>, exitcode <0>
[2018-09-30 06:53:25][1760][INFO]service start running: service <C_Forwd>, exitcode <0>
[2018-09-30 06:53:25][1760][INFO]service start running: service <C_RTime>, exitcode <0>
[2018-09-30 06:53:31][1760][INFO]service start running: service <C_Task>, exitcode <0>
[2018-09-30 09:22:19][320][INFO]service start running: service <C_Media>, exitcode <0>
[2018-09-30 09:22:19][320][INFO]service start running: service <C_Proxy>, exitcode <0>
[2018-09-30 09:22:19][320][INFO]service start running: service <C_Forwd>, exitcode <0>
[2018-09-30 09:22:19][320][INFO]service start running: service <C_RTime>, exitcode <0>
[2018-09-30 09:22:24][320][INFO]service start running: service <C_Task>, exitcode <0>
[2018-09-30 12:29:22][1752][INFO]service start running: service <C_Media>, exitcode <0>
[2018-09-30 12:29:22][1752][INFO]service start running: service <C_Proxy>, exitcode <0>
[2018-09-30 12:29:22][1752][INFO]service start running: service <C_Forwd>, exitcode <0>
[2018-09-30 12:29:22][1752][INFO]service start running: service <C_RTime>, exitcode <0>
[2018-09-30 12:29:27][1752][INFO]service start running: service <C_Task>, exitcode <0>
[2018-09-30 15:04:18][1788][INFO]service start running: service <C_Media>, exitcode <0>
[2018-09-30 15:04:18][1788][INFO]service start running: service <C_Proxy>, exitcode <0>
[2018-09-30 15:04:18][1788][INFO]service start running: service <C_Forwd>, exitcode <0>
[2018-09-30 15:04:18][1788][INFO]service start running: service <C_RTime>, exitcode <0>
[2018-09-30 15:04:23][1788][INFO]service start running: service <C_Task>, exitcode <0>
[2018-10-07 13:44:53][1744][INFO]service start running: service <C_Media>, exitcode <0>
[2018-10-07 13:44:53][1744][INFO]service start running: service <C_Proxy>, exitcode <0>
[2018-10-07 13:44:53][1744][INFO]service start running: service <C_Forwd>, exitcode <0>
[2018-10-07 13:44:53][1744][INFO]service start running: service <C_RTime>, exitcode <0>
[2018-10-07 13:44:58][1744][INFO]service start running: service <C_Task>, exitcode <0>
[2018-10-08 06:53:32][1764][INFO]service start running: service <C_Media>, exitcode <0>
[2018-10-08 06:53:32][1764][INFO]service start running: service <C_Proxy>, exitcode <0>
[2018-10-08 06:53:32][1764][INFO]service start running: service <C_Forwd>, exitcode <0>
[2018-10-08 06:53:32][1764][INFO]service start running: service <C_RTime>, exitcode <0>
[2018-10-08 06:53:37][1764][INFO]service start running: service <C_Task>, exitcode <0>
[2018-10-08 09:05:30][1476][INFO]service start running: service <C_Media>, exitcode <0>
[2018-10-08 09:05:30][1476][INFO]service start running: service <C_Proxy>, exitcode <0>
[2018-10-08 09:05:30][1476][INFO]service start running: service <C_Forwd>, exitcode <0>
[2018-10-08 09:05:30][1476][INFO]service start running: service <C_RTime>, exitcode <0>
[2018-10-08 09:05:35][1476][INFO]service start running: service <C_Task>, exitcode <0>
[2018-10-08 18:38:00][1756][INFO]service start running: service <C_Media>, exitcode <0>
[2018-10-08 18:38:00][1756][INFO]service start running: service <C_Proxy>, exitcode <0>
[2018-10-08 18:38:00][1756][INFO]service start running: service <C_Forwd>, exitcode <0>
[2018-10-08 18:38:00][1756][INFO]service start running: service <C_RTime>, exitcode <0>
[2018-10-08 18:38:06][1756][INFO]service start running: service <C_Task>, exitcode <0>
[2018-10-09 06:50:10][568][INFO]service start running: service <C_Media>, exitcode <0>
[2018-10-09 06:50:10][568][INFO]service start running: service <C_Proxy>, exitcode <0>
[2018-10-09 06:50:10][568][INFO]service start running: service <C_Forwd>, exitcode <0>
[2018-10-09 06:50:10][568][INFO]service start running: service <C_RTime>, exitcode <0>
[2018-10-09 06:50:16][568][INFO]service start running: service <C_Task>, exitcode <0>
[2018-10-09 09:55:47][1720][INFO]service start running: service <C_Media>, exitcode <0>
[2018-10-09 09:55:47][1720][INFO]service start running: service <C_Proxy>, exitcode <0>
[2018-10-09 09:55:47][1720][INFO]service start running: service <C_Forwd>, exitcode <0>
[2018-10-09 09:55:47][1720][INFO]service start running: service <C_RTime>, exitcode <0>
[2018-10-09 09:55:52][1720][INFO]service start running: service <C_Task>, exitcode <0>
[2018-10-09 12:19:19][1748][INFO]service start running: service <C_Media>, exitcode <0>
[2018-10-09 12:19:19][1748][INFO]service start running: service <C_Proxy>, exitcode <0>
[2018-10-09 12:19:19][1748][INFO]service start running: service <C_Forwd>, exitcode <0>
[2018-10-09 12:19:19][1748][INFO]service start running: service <C_RTime>, exitcode <0>
[2018-10-09 12:19:24][1748][INFO]service start running: service <C_Task>, exitcode <0>
[2018-10-09 18:38:06][1476][INFO]service start running: service <C_Media>, exitcode <0>
[2018-10-09 18:38:06][1476][INFO]service start running: service <C_Proxy>, exitcode <0>
[2018-10-09 18:38:06][1476][INFO]service start running: service <C_Forwd>, exitcode <0>
[2018-10-09 18:38:06][1476][INFO]service start running: service <C_RTime>, exitcode <0>
[2018-10-09 18:38:12][1476][INFO]service start running: service <C_Task>, exitcode <0>
[2018-10-10 06:47:16][1592][INFO]service start running: service <C_Media>, exitcode <0>
[2018-10-10 06:47:16][1592][INFO]service start running: service <C_Proxy>, exitcode <0>
[2018-10-10 06:47:16][1592][INFO]service start running: service <C_Forwd>, exitcode <0>
[2018-10-10 06:47:16][1592][INFO]service start running: service <C_RTime>, exitcode <0>
[2018-10-10 06:47:22][1592][INFO]service start running: service <C_Task>, exitcode <0>
[2018-10-10 12:05:18][1600][INFO]service start running: service <C_Media>, exitcode <0>
[2018-10-10 12:05:18][1600][INFO]service start running: service <C_Proxy>, exitcode <0>
[2018-10-10 12:05:18][1600][INFO]service start running: service <C_Forwd>, exitcode <0>
[2018-10-10 12:05:18][1600][INFO]service start running: service <C_RTime>, exitcode <0>
[2018-10-10 12:05:23][1600][INFO]service start running: service <C_Task>, exitcode <0>
[2018-10-10 14:46:30][480][INFO]service start running: service <C_Media>, exitcode <0>
[2018-10-10 14:46:30][480][INFO]service start running: service <C_Proxy>, exitcode <0>
[2018-10-10 14:46:30][480][INFO]service start running: service <C_Forwd>, exitcode <0>
[2018-10-10 14:46:30][480][INFO]service start running: service <C_RTime>, exitcode <0>
[2018-10-10 14:46:35][480][INFO]service start running: service <C_Task>, exitcode <0>
[2018-10-10 15:32:58][1648][INFO]service start running: service <C_Media>, exitcode <0>
[2018-10-10 15:32:58][1648][INFO]service start running: service <C_Proxy>, exitcode <0>
[2018-10-10 15:32:58][1648][INFO]service start running: service <C_Forwd>, exitcode <0>
[2018-10-10 15:32:58][1648][INFO]service start running: service <C_RTime>, exitcode <0>
[2018-10-10 15:33:03][1648][INFO]service start running: service <C_Task>, exitcode <0>
[2018-10-10 18:39:15][1748][INFO]service start running: service <C_Media>, exitcode <0>
[2018-10-10 18:39:15][1748][INFO]service start running: service <C_Proxy>, exitcode <0>
[2018-10-10 18:39:15][1748][INFO]service start running: service <C_Forwd>, exitcode <0>
[2018-10-10 18:39:15][1748][INFO]service start running: service <C_RTime>, exitcode <0>
[2018-10-10 18:39:21][1748][INFO]service start running: service <C_Task>, exitcode <0>
[2018-10-10 20:28:01][404][INFO]service start running: service <C_Media>, exitcode <0>
[2018-10-10 20:28:01][404][INFO]service start running: service <C_Proxy>, exitcode <0>
[2018-10-10 20:28:01][404][INFO]service start running: service <C_Forwd>, exitcode <0>
[2018-10-10 20:28:01][404][INFO]service start running: service <C_RTime>, exitcode <0>
[2018-10-10 20:28:06][404][INFO]service start running: service <C_Task>, exitcode <0>
[2018-10-11 12:43:48][1728][INFO]service start running: service <C_Media>, exitcode <0>
[2018-10-11 12:43:48][1728][INFO]service start running: service <C_Proxy>, exitcode <0>
[2018-10-11 12:43:48][1728][INFO]service start running: service <C_Forwd>, exitcode <0>
[2018-10-11 12:43:48][1728][INFO]service start running: service <C_RTime>, exitcode <0>
[2018-10-11 12:43:53][1728][INFO]service start running: service <C_Task>, exitcode <0>
[2018-10-11 17:33:26][1720][INFO]service start running: service <C_Media>, exitcode <0>
[2018-10-11 17:33:26][1720][INFO]service start running: service <C_Proxy>, exitcode <0>
[2018-10-11 17:33:26][1720][INFO]service start running: service <C_Forwd>, exitcode <0>
[2018-10-11 17:33:26][1720][INFO]service start running: service <C_RTime>, exitcode <0>
[2018-10-11 17:33:31][1720][INFO]service start running: service <C_Task>, exitcode <0>
[2018-10-13 07:06:05][1720][INFO]service start running: service <C_Media>, exitcode <0>
[2018-10-13 07:06:05][1720][INFO]service start running: service <C_Proxy>, exitcode <0>
[2018-10-13 07:06:05][1720][INFO]service start running: service <C_Forwd>, exitcode <0>
[2018-10-13 07:06:05][1720][INFO]service start running: service <C_RTime>, exitcode <0>
[2018-10-13 07:06:10][1720][INFO]service start running: service <C_Task>, exitcode <0>
[2018-10-14 07:01:46][612][INFO]service start running: service <C_Media>, exitcode <0>
[2018-10-14 07:01:46][612][INFO]service start running: service <C_Proxy>, exitcode <0>
[2018-10-14 07:01:46][612][INFO]service start running: service <C_Forwd>, exitcode <0>
[2018-10-14 07:01:46][612][INFO]service start running: service <C_RTime>, exitcode <0>
[2018-10-14 07:01:52][612][INFO]service start running: service <C_Task>, exitcode <0>
[2018-10-14 17:36:11][1732][INFO]service start running: service <C_Media>, exitcode <0>
[2018-10-14 17:36:11][1732][INFO]service start running: service <C_Proxy>, exitcode <0>
[2018-10-14 17:36:11][1732][INFO]service start running: service <C_Forwd>, exitcode <0>
[2018-10-14 17:36:11][1732][INFO]service start running: service <C_RTime>, exitcode <0>
[2018-10-14 17:36:16][1732][INFO]service start running: service <C_Task>, exitcode <0>
[2018-10-14 19:32:10][1728][INFO]service start running: service <C_Media>, exitcode <0>
[2018-10-14 19:32:10][1728][INFO]service start running: service <C_Proxy>, exitcode <0>
[2018-10-14 19:32:10][1728][INFO]service start running: service <C_Forwd>, exitcode <0>
[2018-10-14 19:32:10][1728][INFO]service start running: service <C_RTime>, exitcode <0>
[2018-10-14 19:32:15][1728][INFO]service start running: service <C_Task>, exitcode <0>
[2018-10-15 12:06:18][1736][INFO]service start running: service <C_Media>, exitcode <0>
[2018-10-15 12:06:18][1736][INFO]service start running: service <C_Proxy>, exitcode <0>
[2018-10-15 12:06:18][1736][INFO]service start running: service <C_Forwd>, exitcode <0>
[2018-10-15 12:06:18][1736][INFO]service start running: service <C_RTime>, exitcode <0>
[2018-10-15 12:06:23][1736][INFO]service start running: service <C_Task>, exitcode <0>
[2018-10-15 18:37:50][1716][INFO]service start running: service <C_Media>, exitcode <0>
[2018-10-15 18:37:50][1716][INFO]service start running: service <C_Proxy>, exitcode <0>
[2018-10-15 18:37:50][1716][INFO]service start running: service <C_Forwd>, exitcode <0>
[2018-10-15 18:37:50][1716][INFO]service start running: service <C_RTime>, exitcode <0>
[2018-10-15 18:37:55][1716][INFO]service start running: service <C_Task>, exitcode <0>
[2018-10-16 12:06:36][1736][INFO]service start running: service <C_Media>, exitcode <0>
[2018-10-16 12:06:36][1736][INFO]service start running: service <C_Proxy>, exitcode <0>
[2018-10-16 12:06:36][1736][INFO]service start running: service <C_Forwd>, exitcode <0>
[2018-10-16 12:06:36][1736][INFO]service start running: service <C_RTime>, exitcode <0>
[2018-10-16 12:06:41][1736][INFO]service start running: service <C_Task>, exitcode <0>
[2018-10-16 15:33:58][1728][INFO]service start running: service <C_Media>, exitcode <0>
[2018-10-16 15:33:58][1728][INFO]service start running: service <C_Proxy>, exitcode <0>
[2018-10-16 15:33:58][1728][INFO]service start running: service <C_Forwd>, exitcode <0>
[2018-10-16 15:33:58][1728][INFO]service start running: service <C_RTime>, exitcode <0>
[2018-10-16 15:34:03][1728][INFO]service start running: service <C_Task>, exitcode <0>
[2018-10-16 19:33:32][1956][INFO]service start running: service <C_Media>, exitcode <0>
[2018-10-16 19:33:32][1956][INFO]service start running: service <C_Proxy>, exitcode <0>
[2018-10-16 19:33:32][1956][INFO]service start running: service <C_Forwd>, exitcode <0>
[2018-10-16 19:33:32][1956][INFO]service start running: service <C_RTime>, exitcode <0>
[2018-10-16 19:33:37][1956][INFO]service start running: service <C_Task>, exitcode <0>
[2018-10-17 10:16:14][1728][INFO]service start running: service <C_Media>, exitcode <0>
[2018-10-17 10:16:14][1728][INFO]service start running: service <C_Proxy>, exitcode <0>
[2018-10-17 10:16:14][1728][INFO]service start running: service <C_Forwd>, exitcode <0>
[2018-10-17 10:16:14][1728][INFO]service start running: service <C_RTime>, exitcode <0>
[2018-10-17 10:16:19][1728][INFO]service start running: service <C_Task>, exitcode <0>
[2018-10-17 18:39:01][1728][INFO]service start running: service <C_Media>, exitcode <0>
[2018-10-17 18:39:01][1728][INFO]service start running: service <C_Proxy>, exitcode <0>
[2018-10-17 18:39:01][1728][INFO]service start running: service <C_Forwd>, exitcode <0>
[2018-10-17 18:39:01][1728][INFO]service start running: service <C_RTime>, exitcode <0>
[2018-10-17 18:39:06][1728][INFO]service start running: service <C_Task>, exitcode <0>
[2018-10-18 18:39:17][1724][INFO]service start running: service <C_Media>, exitcode <0>
[2018-10-18 18:39:17][1724][INFO]service start running: service <C_Proxy>, exitcode <0>
[2018-10-18 18:39:17][1724][INFO]service start running: service <C_Forwd>, exitcode <0>
[2018-10-18 18:39:17][1724][INFO]service start running: service <C_RTime>, exitcode <0>
[2018-10-18 18:39:22][1724][INFO]service start running: service <C_Task>, exitcode <0>
[2018-10-19 12:02:54][1720][INFO]service start running: service <C_Media>, exitcode <0>
[2018-10-19 12:02:54][1720][INFO]service start running: service <C_Proxy>, exitcode <0>
[2018-10-19 12:02:54][1720][INFO]service start running: service <C_Forwd>, exitcode <0>
[2018-10-19 12:02:54][1720][INFO]service start running: service <C_RTime>, exitcode <0>
[2018-10-19 12:02:59][1720][INFO]service start running: service <C_Task>, exitcode <0>
[2018-10-21 14:45:59][1872][INFO]service start running: service <C_Media>, exitcode <0>
[2018-10-21 14:45:59][1872][INFO]service start running: service <C_Proxy>, exitcode <0>
[2018-10-21 14:45:59][1872][INFO]service start running: service <C_Forwd>, exitcode <0>
[2018-10-21 14:45:59][1872][INFO]service start running: service <C_RTime>, exitcode <0>
[2018-10-21 14:46:04][1872][INFO]service start running: service <C_Task>, exitcode <0>
[2018-10-22 12:05:03][1724][INFO]service start running: service <C_Media>, exitcode <0>
[2018-10-22 12:05:03][1724][INFO]service start running: service <C_Proxy>, exitcode <0>
[2018-10-22 12:05:03][1724][INFO]service start running: service <C_Forwd>, exitcode <0>
[2018-10-22 12:05:03][1724][INFO]service start running: service <C_RTime>, exitcode <0>
[2018-10-22 12:05:08][1724][INFO]service start running: service <C_Task>, exitcode <0>
[2018-10-22 20:27:14][1732][INFO]service start running: service <C_Media>, exitcode <0>
[2018-10-22 20:27:14][1732][INFO]service start running: service <C_Proxy>, exitcode <0>
[2018-10-22 20:27:14][1732][INFO]service start running: service <C_Forwd>, exitcode <0>
[2018-10-22 20:27:14][1732][INFO]service start running: service <C_RTime>, exitcode <0>
[2018-10-22 20:27:19][1732][INFO]service start running: service <C_Task>, exitcode <0>
[2018-10-23 12:05:48][1596][INFO]service start running: service <C_Media>, exitcode <0>
[2018-10-23 12:05:48][1596][INFO]service start running: service <C_Proxy>, exitcode <0>
[2018-10-23 12:05:48][1596][INFO]service start running: service <C_Forwd>, exitcode <0>
[2018-10-23 12:05:48][1596][INFO]service start running: service <C_RTime>, exitcode <0>
[2018-10-23 12:05:54][1596][INFO]service start running: service <C_Task>, exitcode <0>
[2018-10-23 15:37:22][1724][INFO]service start running: service <C_Media>, exitcode <0>
[2018-10-23 15:37:22][1724][INFO]service start running: service <C_Proxy>, exitcode <0>
[2018-10-23 15:37:22][1724][INFO]service start running: service <C_Forwd>, exitcode <0>
[2018-10-23 15:37:22][1724][INFO]service start running: service <C_RTime>, exitcode <0>
[2018-10-23 15:37:27][1724][INFO]service start running: service <C_Task>, exitcode <0>
[2018-10-23 19:33:28][1724][INFO]service start running: service <C_Media>, exitcode <0>
[2018-10-23 19:33:28][1724][INFO]service start running: service <C_Proxy>, exitcode <0>
[2018-10-23 19:33:28][1724][INFO]service start running: service <C_Forwd>, exitcode <0>
[2018-10-23 19:33:28][1724][INFO]service start running: service <C_RTime>, exitcode <0>
[2018-10-23 19:33:33][1724][INFO]service start running: service <C_Task>, exitcode <0>
[2018-10-24 12:07:30][1728][INFO]service start running: service <C_Media>, exitcode <0>
[2018-10-24 12:07:30][1728][INFO]service start running: service <C_Proxy>, exitcode <0>
[2018-10-24 12:07:30][1728][INFO]service start running: service <C_Forwd>, exitcode <0>
[2018-10-24 12:07:30][1728][INFO]service start running: service <C_RTime>, exitcode <0>
[2018-10-24 12:07:35][1728][INFO]service start running: service <C_Task>, exitcode <0>
[2018-10-24 12:09:36][1728][INFO]service start running: service <C_Media>, exitcode <0>
[2018-10-24 12:09:36][1728][INFO]service start running: service <C_Proxy>, exitcode <0>
[2018-10-24 12:09:36][1728][INFO]service start running: service <C_Forwd>, exitcode <0>
[2018-10-24 12:09:36][1728][INFO]service start running: service <C_RTime>, exitcode <0>
[2018-10-24 12:09:41][1728][INFO]service start running: service <C_Task>, exitcode <0>
[2018-10-24 16:24:03][1872][INFO]service start running: service <C_Media>, exitcode <0>
[2018-10-24 16:24:03][1872][INFO]service start running: service <C_Proxy>, exitcode <0>
[2018-10-24 16:24:03][1872][INFO]service start running: service <C_Forwd>, exitcode <0>
[2018-10-24 16:24:03][1872][INFO]service start running: service <C_RTime>, exitcode <0>
[2018-10-24 16:24:08][1872][INFO]service start running: service <C_Task>, exitcode <0>
[2018-10-24 18:38:17][1832][INFO]service start running: service <C_Media>, exitcode <0>
[2018-10-24 18:38:17][1832][INFO]service start running: service <C_Proxy>, exitcode <0>
[2018-10-24 18:38:17][1832][INFO]service start running: service <C_Forwd>, exitcode <0>
[2018-10-24 18:38:17][1832][INFO]service start running: service <C_RTime>, exitcode <0>
[2018-10-24 18:38:22][1832][INFO]service start running: service <C_Task>, exitcode <0>
[2018-10-24 19:33:27][1720][INFO]service start running: service <C_Media>, exitcode <0>
[2018-10-24 19:33:27][1720][INFO]service start running: service <C_Proxy>, exitcode <0>
[2018-10-24 19:33:27][1720][INFO]service start running: service <C_Forwd>, exitcode <0>
[2018-10-24 19:33:27][1720][INFO]service start running: service <C_RTime>, exitcode <0>
[2018-10-24 19:33:32][1720][INFO]service start running: service <C_Task>, exitcode <0>
[2018-10-25 10:00:06][328][INFO]service start running: service <C_Media>, exitcode <0>
[2018-10-25 10:00:06][328][INFO]service start running: service <C_Proxy>, exitcode <0>
[2018-10-25 10:00:06][328][INFO]service start running: service <C_Forwd>, exitcode <0>
[2018-10-25 10:00:06][328][INFO]service start running: service <C_RTime>, exitcode <0>
[2018-10-25 10:00:11][328][INFO]service start running: service <C_Task>, exitcode <0>
[2018-10-25 21:24:35][1788][INFO]service start running: service <C_Media>, exitcode <0>
[2018-10-25 21:24:35][1788][INFO]service start running: service <C_Proxy>, exitcode <0>
[2018-10-25 21:24:35][1788][INFO]service start running: service <C_Forwd>, exitcode <0>
[2018-10-25 21:24:35][1788][INFO]service start running: service <C_RTime>, exitcode <0>
[2018-10-25 21:24:40][1788][INFO]service start running: service <C_Task>, exitcode <0>
[2018-10-26 12:07:37][1720][INFO]service start running: service <C_Media>, exitcode <0>
[2018-10-26 12:07:37][1720][INFO]service start running: service <C_Proxy>, exitcode <0>
[2018-10-26 12:07:37][1720][INFO]service start running: service <C_Forwd>, exitcode <0>
[2018-10-26 12:07:37][1720][INFO]service start running: service <C_RTime>, exitcode <0>
[2018-10-26 12:07:42][1720][INFO]service start running: service <C_Task>, exitcode <0>
[2018-10-26 18:37:46][1728][INFO]service start running: service <C_Media>, exitcode <0>
[2018-10-26 18:37:46][1728][INFO]service start running: service <C_Proxy>, exitcode <0>
[2018-10-26 18:37:46][1728][INFO]service start running: service <C_Forwd>, exitcode <0>
[2018-10-26 18:37:46][1728][INFO]service start running: service <C_RTime>, exitcode <0>
[2018-10-26 18:37:51][1728][INFO]service start running: service <C_Task>, exitcode <0>
[2018-10-27 14:13:10][1744][INFO]service start running: service <C_Media>, exitcode <0>
[2018-10-27 14:13:10][1744][INFO]service start running: service <C_Proxy>, exitcode <0>
[2018-10-27 14:13:10][1744][INFO]service start running: service <C_Forwd>, exitcode <0>
[2018-10-27 14:13:10][1744][INFO]service start running: service <C_RTime>, exitcode <0>
[2018-10-27 14:13:15][1744][INFO]service start running: service <C_Task>, exitcode <0>
[2018-10-27 18:38:23][1532][INFO]service start running: service <C_Media>, exitcode <0>
[2018-10-27 18:38:23][1532][INFO]service start running: service <C_Proxy>, exitcode <0>
[2018-10-27 18:38:23][1532][INFO]service start running: service <C_Forwd>, exitcode <0>
[2018-10-27 18:38:23][1532][INFO]service start running: service <C_RTime>, exitcode <0>
[2018-10-27 18:38:28][1532][INFO]service start running: service <C_Task>, exitcode <0>
[2018-10-28 15:37:53][1732][INFO]service start running: service <C_Media>, exitcode <0>
[2018-10-28 15:37:53][1732][INFO]service start running: service <C_Proxy>, exitcode <0>
[2018-10-28 15:37:53][1732][INFO]service start running: service <C_Forwd>, exitcode <0>
[2018-10-28 15:37:53][1732][INFO]service start running: service <C_RTime>, exitcode <0>
[2018-10-28 15:37:58][1732][INFO]service start running: service <C_Task>, exitcode <0>
[2018-10-28 18:38:17][1720][INFO]service start running: service <C_Media>, exitcode <0>
[2018-10-28 18:38:17][1720][INFO]service start running: service <C_Proxy>, exitcode <0>
[2018-10-28 18:38:17][1720][INFO]service start running: service <C_Forwd>, exitcode <0>
[2018-10-28 18:38:17][1720][INFO]service start running: service <C_RTime>, exitcode <0>
[2018-10-28 18:38:22][1720][INFO]service start running: service <C_Task>, exitcode <0>
[2018-10-29 12:05:41][1740][INFO]service start running: service <C_Media>, exitcode <0>
[2018-10-29 12:05:41][1740][INFO]service start running: service <C_Proxy>, exitcode <0>
[2018-10-29 12:05:41][1740][INFO]service start running: service <C_Forwd>, exitcode <0>
[2018-10-29 12:05:41][1740][INFO]service start running: service <C_RTime>, exitcode <0>
[2018-10-29 12:05:46][1740][INFO]service start running: service <C_Task>, exitcode <0>
[2018-10-29 13:47:10][1712][INFO]service start running: service <C_Media>, exitcode <0>
[2018-10-29 13:47:10][1712][INFO]service start running: service <C_Proxy>, exitcode <0>
[2018-10-29 13:47:10][1712][INFO]service start running: service <C_Forwd>, exitcode <0>
[2018-10-29 13:47:10][1712][INFO]service start running: service <C_RTime>, exitcode <0>
[2018-10-29 13:47:15][1712][INFO]service start running: service <C_Task>, exitcode <0>
[2018-10-29 18:38:36][616][INFO]service start running: service <C_Media>, exitcode <0>
[2018-10-29 18:38:36][616][INFO]service start running: service <C_Proxy>, exitcode <0>
[2018-10-29 18:38:36][616][INFO]service start running: service <C_Forwd>, exitcode <0>
[2018-10-29 18:38:36][616][INFO]service start running: service <C_RTime>, exitcode <0>
[2018-10-29 18:38:42][616][INFO]service start running: service <C_Task>, exitcode <0>
[2018-10-30 15:35:20][1720][INFO]service start running: service <C_Media>, exitcode <0>
[2018-10-30 15:35:20][1720][INFO]service start running: service <C_Proxy>, exitcode <0>
[2018-10-30 15:35:20][1720][INFO]service start running: service <C_Forwd>, exitcode <0>
[2018-10-30 15:35:20][1720][INFO]service start running: service <C_RTime>, exitcode <0>
[2018-10-30 15:35:25][1720][INFO]service start running: service <C_Task>, exitcode <0>
[2018-10-30 18:39:16][1744][INFO]service start running: service <C_Media>, exitcode <0>
[2018-10-30 18:39:16][1744][INFO]service start running: service <C_Proxy>, exitcode <0>
[2018-10-30 18:39:16][1744][INFO]service start running: service <C_Forwd>, exitcode <0>
[2018-10-30 18:39:16][1744][INFO]service start running: service <C_RTime>, exitcode <0>
[2018-10-30 18:39:21][1744][INFO]service start running: service <C_Task>, exitcode <0>
[2018-10-31 10:18:08][236][INFO]service start running: service <C_Media>, exitcode <0>
[2018-10-31 10:18:08][236][INFO]service start running: service <C_Proxy>, exitcode <0>
[2018-10-31 10:18:08][236][INFO]service start running: service <C_Forwd>, exitcode <0>
[2018-10-31 10:18:08][236][INFO]service start running: service <C_RTime>, exitcode <0>
[2018-10-31 10:18:13][236][INFO]service start running: service <C_Task>, exitcode <0>
[2018-10-31 18:38:11][1988][INFO]service start running: service <C_Media>, exitcode <0>
[2018-10-31 18:38:11][1988][INFO]service start running: service <C_Proxy>, exitcode <0>
[2018-10-31 18:38:11][1988][INFO]service start running: service <C_Forwd>, exitcode <0>
[2018-10-31 18:38:11][1988][INFO]service start running: service <C_RTime>, exitcode <0>
[2018-10-31 18:38:16][1988][INFO]service start running: service <C_Task>, exitcode <0>
[2018-11-01 18:39:07][1480][INFO]service start running: service <C_Media>, exitcode <0>
[2018-11-01 18:39:07][1480][INFO]service start running: service <C_Proxy>, exitcode <0>
[2018-11-01 18:39:07][1480][INFO]service start running: service <C_Forwd>, exitcode <0>
[2018-11-01 18:39:07][1480][INFO]service start running: service <C_RTime>, exitcode <0>
[2018-11-01 18:39:12][1480][INFO]service start running: service <C_Task>, exitcode <0>
[2018-11-04 15:25:08][328][INFO]service start running: service <C_Media>, exitcode <0>
[2018-11-04 15:25:08][328][INFO]service start running: service <C_Proxy>, exitcode <0>
[2018-11-04 15:25:08][328][INFO]service start running: service <C_Forwd>, exitcode <0>
[2018-11-04 15:25:08][328][INFO]service start running: service <C_RTime>, exitcode <0>
[2018-11-04 15:25:13][328][INFO]service start running: service <C_Task>, exitcode <0>
[2018-11-05 12:07:06][1732][INFO]service start running: service <C_Media>, exitcode <0>
[2018-11-05 12:07:06][1732][INFO]service start running: service <C_Proxy>, exitcode <0>
[2018-11-05 12:07:06][1732][INFO]service start running: service <C_Forwd>, exitcode <0>
[2018-11-05 12:07:06][1732][INFO]service start running: service <C_RTime>, exitcode <0>
[2018-11-05 12:07:11][1732][INFO]service start running: service <C_Task>, exitcode <0>
[2018-11-05 19:33:15][1520][INFO]service start running: service <C_Media>, exitcode <0>
[2018-11-05 19:33:15][1520][INFO]service start running: service <C_Proxy>, exitcode <0>
[2018-11-05 19:33:15][1520][INFO]service start running: service <C_Forwd>, exitcode <0>
[2018-11-05 19:33:15][1520][INFO]service start running: service <C_RTime>, exitcode <0>
[2018-11-05 19:33:21][1520][INFO]service start running: service <C_Task>, exitcode <0>
[2018-11-06 06:54:58][616][INFO]service start running: service <C_Media>, exitcode <0>
[2018-11-06 06:54:58][616][INFO]service start running: service <C_Proxy>, exitcode <0>
[2018-11-06 06:54:58][616][INFO]service start running: service <C_Forwd>, exitcode <0>
[2018-11-06 06:54:58][616][INFO]service start running: service <C_RTime>, exitcode <0>
[2018-11-06 06:55:04][616][INFO]service start running: service <C_Task>, exitcode <0>
[2018-11-06 12:11:53][612][INFO]service start running: service <C_Media>, exitcode <0>
[2018-11-06 12:11:53][612][INFO]service start running: service <C_Proxy>, exitcode <0>
[2018-11-06 12:11:53][612][INFO]service start running: service <C_Forwd>, exitcode <0>
[2018-11-06 12:11:53][612][INFO]service start running: service <C_RTime>, exitcode <0>
[2018-11-06 12:11:58][612][INFO]service start running: service <C_Task>, exitcode <0>
[2018-11-06 18:38:59][480][INFO]service start running: service <C_Media>, exitcode <0>
[2018-11-06 18:38:59][480][INFO]service start running: service <C_Proxy>, exitcode <0>
[2018-11-06 18:38:59][480][INFO]service start running: service <C_Forwd>, exitcode <0>
[2018-11-06 18:38:59][480][INFO]service start running: service <C_RTime>, exitcode <0>
[2018-11-06 18:39:04][480][INFO]service start running: service <C_Task>, exitcode <0>
[2018-11-07 12:41:50][1200][INFO]service start running: service <C_Media>, exitcode <0>
[2018-11-07 12:41:50][1200][INFO]service start running: service <C_Proxy>, exitcode <0>
[2018-11-07 12:41:50][1200][INFO]service start running: service <C_Forwd>, exitcode <0>
[2018-11-07 12:41:50][1200][INFO]service start running: service <C_RTime>, exitcode <0>
[2018-11-07 12:41:55][1200][INFO]service start running: service <C_Task>, exitcode <0>
[2018-11-07 19:33:09][1736][INFO]service start running: service <C_Media>, exitcode <0>
[2018-11-07 19:33:09][1736][INFO]service start running: service <C_Proxy>, exitcode <0>
[2018-11-07 19:33:09][1736][INFO]service start running: service <C_Forwd>, exitcode <0>
[2018-11-07 19:33:09][1736][INFO]service start running: service <C_RTime>, exitcode <0>
[2018-11-07 19:33:14][1736][INFO]service start running: service <C_Task>, exitcode <0>
[2018-11-08 17:36:54][1660][INFO]service start running: service <C_Media>, exitcode <0>
[2018-11-08 17:36:54][1660][INFO]service start running: service <C_Proxy>, exitcode <0>
[2018-11-08 17:36:54][1660][INFO]service start running: service <C_Forwd>, exitcode <0>
[2018-11-08 17:36:54][1660][INFO]service start running: service <C_RTime>, exitcode <0>
[2018-11-08 17:37:00][1660][INFO]service start running: service <C_Task>, exitcode <0>
[2018-11-10 16:51:07][1788][INFO]service start running: service <C_Media>, exitcode <0>
[2018-11-10 16:51:07][1788][INFO]service start running: service <C_Proxy>, exitcode <0>
[2018-11-10 16:51:07][1788][INFO]service start running: service <C_Forwd>, exitcode <0>
[2018-11-10 16:51:07][1788][INFO]service start running: service <C_RTime>, exitcode <0>
[2018-11-10 16:51:12][1788][INFO]service start running: service <C_Task>, exitcode <0>
[2018-11-11 13:38:53][1188][INFO]service start running: service <C_Media>, exitcode <0>
[2018-11-11 13:38:53][1188][INFO]service start running: service <C_Proxy>, exitcode <0>
[2018-11-11 13:38:53][1188][INFO]service start running: service <C_Forwd>, exitcode <0>
[2018-11-11 13:38:53][1188][INFO]service start running: service <C_RTime>, exitcode <0>
[2018-11-11 13:38:58][1188][INFO]service start running: service <C_Task>, exitcode <0>
[2018-11-11 15:37:58][1748][INFO]service start running: service <C_Media>, exitcode <0>
[2018-11-11 15:37:58][1748][INFO]service start running: service <C_Proxy>, exitcode <0>
[2018-11-11 15:37:58][1748][INFO]service start running: service <C_Forwd>, exitcode <0>
[2018-11-11 15:37:58][1748][INFO]service start running: service <C_RTime>, exitcode <0>
[2018-11-11 15:38:03][1748][INFO]service start running: service <C_Task>, exitcode <0>
[2018-11-11 18:29:29][792][INFO]service start running: service <C_Media>, exitcode <0>
[2018-11-11 18:29:29][792][INFO]service start running: service <C_Proxy>, exitcode <0>
[2018-11-11 18:29:29][792][INFO]service start running: service <C_Forwd>, exitcode <0>
[2018-11-11 18:29:29][792][INFO]service start running: service <C_RTime>, exitcode <0>
[2018-11-11 18:29:34][792][INFO]service start running: service <C_Task>, exitcode <0>
[2018-11-12 06:56:49][1500][INFO]service start running: service <C_Media>, exitcode <0>
[2018-11-12 06:56:49][1500][INFO]service start running: service <C_Proxy>, exitcode <0>
[2018-11-12 06:56:49][1500][INFO]service start running: service <C_Forwd>, exitcode <0>
[2018-11-12 06:56:49][1500][INFO]service start running: service <C_RTime>, exitcode <0>
[2018-11-12 06:56:54][1500][INFO]service start running: service <C_Task>, exitcode <0>
[2018-11-12 18:40:24][1752][INFO]service start running: service <C_Media>, exitcode <0>
[2018-11-12 18:40:24][1752][INFO]service start running: service <C_Proxy>, exitcode <0>
[2018-11-12 18:40:24][1752][INFO]service start running: service <C_Forwd>, exitcode <0>
[2018-11-12 18:40:24][1752][INFO]service start running: service <C_RTime>, exitcode <0>
[2018-11-12 18:40:29][1752][INFO]service start running: service <C_Task>, exitcode <0>
[2018-11-13 15:38:45][1500][INFO]service start running: service <C_Media>, exitcode <0>
[2018-11-13 15:38:45][1500][INFO]service start running: service <C_Proxy>, exitcode <0>
[2018-11-13 15:38:45][1500][INFO]service start running: service <C_Forwd>, exitcode <0>
[2018-11-13 15:38:45][1500][INFO]service start running: service <C_RTime>, exitcode <0>
[2018-11-13 15:38:51][1500][INFO]service start running: service <C_Task>, exitcode <0>
[2018-11-13 18:38:17][612][INFO]service start running: service <C_Media>, exitcode <0>
[2018-11-13 18:38:17][612][INFO]service start running: service <C_Proxy>, exitcode <0>
[2018-11-13 18:38:17][612][INFO]service start running: service <C_Forwd>, exitcode <0>
[2018-11-13 18:38:17][612][INFO]service start running: service <C_RTime>, exitcode <0>
[2018-11-13 18:38:22][612][INFO]service start running: service <C_Task>, exitcode <0>
[2018-11-14 07:00:29][1512][INFO]service start running: service <C_Media>, exitcode <0>
[2018-11-14 07:00:29][1512][INFO]service start running: service <C_Proxy>, exitcode <0>
[2018-11-14 07:00:29][1512][INFO]service start running: service <C_Forwd>, exitcode <0>
[2018-11-14 07:00:29][1512][INFO]service start running: service <C_RTime>, exitcode <0>
[2018-11-14 07:00:34][1512][INFO]service start running: service <C_Task>, exitcode <0>
[2018-11-14 18:37:59][1712][INFO]service start running: service <C_Media>, exitcode <0>
[2018-11-14 18:37:59][1712][INFO]service start running: service <C_Proxy>, exitcode <0>
[2018-11-14 18:37:59][1712][INFO]service start running: service <C_Forwd>, exitcode <0>
[2018-11-14 18:37:59][1712][INFO]service start running: service <C_RTime>, exitcode <0>
[2018-11-14 18:38:04][1712][INFO]service start running: service <C_Task>, exitcode <0>
[2018-11-18 14:31:06][1756][INFO]service start running: service <C_Media>, exitcode <0>
[2018-11-18 14:31:06][1756][INFO]service start running: service <C_Proxy>, exitcode <0>
[2018-11-18 14:31:06][1756][INFO]service start running: service <C_Forwd>, exitcode <0>
[2018-11-18 14:31:06][1756][INFO]service start running: service <C_RTime>, exitcode <0>
[2018-11-18 14:31:12][1756][INFO]service start running: service <C_Task>, exitcode <0>
[2018-11-18 19:32:35][1744][INFO]service start running: service <C_Media>, exitcode <0>
[2018-11-18 19:32:35][1744][INFO]service start running: service <C_Proxy>, exitcode <0>
[2018-11-18 19:32:35][1744][INFO]service start running: service <C_Forwd>, exitcode <0>
[2018-11-18 19:32:35][1744][INFO]service start running: service <C_RTime>, exitcode <0>
[2018-11-18 19:32:40][1744][INFO]service start running: service <C_Task>, exitcode <0>
[2018-11-19 10:14:14][404][INFO]service start running: service <C_Media>, exitcode <0>
[2018-11-19 10:14:14][404][INFO]service start running: service <C_Proxy>, exitcode <0>
[2018-11-19 10:14:14][404][INFO]service start running: service <C_Forwd>, exitcode <0>
[2018-11-19 10:14:14][404][INFO]service start running: service <C_RTime>, exitcode <0>
[2018-11-19 10:14:19][404][INFO]service start running: service <C_Task>, exitcode <0>
[2018-11-19 19:34:19][1484][INFO]service start running: service <C_Media>, exitcode <0>
[2018-11-19 19:34:19][1484][INFO]service start running: service <C_Proxy>, exitcode <0>
[2018-11-19 19:34:19][1484][INFO]service start running: service <C_Forwd>, exitcode <0>
[2018-11-19 19:34:19][1484][INFO]service start running: service <C_RTime>, exitcode <0>
[2018-11-19 19:34:24][1484][INFO]service start running: service <C_Task>, exitcode <0>
[2018-11-20 13:29:31][1752][INFO]service start running: service <C_Media>, exitcode <0>
[2018-11-20 13:29:31][1752][INFO]service start running: service <C_Proxy>, exitcode <0>
[2018-11-20 13:29:31][1752][INFO]service start running: service <C_Forwd>, exitcode <0>
[2018-11-20 13:29:31][1752][INFO]service start running: service <C_RTime>, exitcode <0>
[2018-11-20 13:29:36][1752][INFO]service start running: service <C_Task>, exitcode <0>
[2018-11-20 15:36:06][1492][INFO]service start running: service <C_Media>, exitcode <0>
[2018-11-20 15:36:06][1492][INFO]service start running: service <C_Proxy>, exitcode <0>
[2018-11-20 15:36:06][1492][INFO]service start running: service <C_Forwd>, exitcode <0>
[2018-11-20 15:36:06][1492][INFO]service start running: service <C_RTime>, exitcode <0>
[2018-11-20 15:36:11][1492][INFO]service start running: service <C_Task>, exitcode <0>
[2018-11-20 18:37:29][1600][INFO]service start running: service <C_Media>, exitcode <0>
[2018-11-20 18:37:29][1600][INFO]service start running: service <C_Proxy>, exitcode <0>
[2018-11-20 18:37:29][1600][INFO]service start running: service <C_Forwd>, exitcode <0>
[2018-11-20 18:37:29][1600][INFO]service start running: service <C_RTime>, exitcode <0>
[2018-11-20 18:37:34][1600][INFO]service start running: service <C_Task>, exitcode <0>
[2018-11-21 09:59:23][500][INFO]service start running: service <C_Media>, exitcode <0>
[2018-11-21 09:59:23][500][INFO]service start running: service <C_Proxy>, exitcode <0>
[2018-11-21 09:59:23][500][INFO]service start running: service <C_Forwd>, exitcode <0>
[2018-11-21 09:59:23][500][INFO]service start running: service <C_RTime>, exitcode <0>
[2018-11-21 09:59:28][500][INFO]service start running: service <C_Task>, exitcode <0>
[2018-11-22 12:02:53][1752][INFO]service start running: service <C_Media>, exitcode <0>
[2018-11-22 12:02:53][1752][INFO]service start running: service <C_Proxy>, exitcode <0>
[2018-11-22 12:02:53][1752][INFO]service start running: service <C_Forwd>, exitcode <0>
[2018-11-22 12:02:53][1752][INFO]service start running: service <C_RTime>, exitcode <0>
[2018-11-22 12:02:58][1752][INFO]service start running: service <C_Task>, exitcode <0>
[2018-11-22 18:39:50][1456][INFO]service start running: service <C_Media>, exitcode <0>
[2018-11-22 18:39:50][1456][INFO]service start running: service <C_Proxy>, exitcode <0>
[2018-11-22 18:39:50][1456][INFO]service start running: service <C_Forwd>, exitcode <0>
[2018-11-22 18:39:50][1456][INFO]service start running: service <C_RTime>, exitcode <0>
[2018-11-22 18:39:56][1456][INFO]service start running: service <C_Task>, exitcode <0>
[2018-11-23 12:32:08][1760][INFO]service start running: service <C_Media>, exitcode <0>
[2018-11-23 12:32:08][1760][INFO]service start running: service <C_Proxy>, exitcode <0>
[2018-11-23 12:32:08][1760][INFO]service start running: service <C_Forwd>, exitcode <0>
[2018-11-23 12:32:08][1760][INFO]service start running: service <C_RTime>, exitcode <0>
[2018-11-23 12:32:13][1760][INFO]service start running: service <C_Task>, exitcode <0>
[2018-11-23 15:44:44][1736][INFO]service start running: service <C_Media>, exitcode <0>
[2018-11-23 15:44:44][1736][INFO]service start running: service <C_Proxy>, exitcode <0>
[2018-11-23 15:44:44][1736][INFO]service start running: service <C_Forwd>, exitcode <0>
[2018-11-23 15:44:44][1736][INFO]service start running: service <C_RTime>, exitcode <0>
[2018-11-23 15:44:49][1736][INFO]service start running: service <C_Task>, exitcode <0>
[2018-11-25 15:20:37][1764][INFO]service start running: service <C_Media>, exitcode <0>
[2018-11-25 15:20:37][1764][INFO]service start running: service <C_Proxy>, exitcode <0>
[2018-11-25 15:20:37][1764][INFO]service start running: service <C_Forwd>, exitcode <0>
[2018-11-25 15:20:37][1764][INFO]service start running: service <C_RTime>, exitcode <0>
[2018-11-25 15:20:42][1764][INFO]service start running: service <C_Task>, exitcode <0>
[2018-11-25 19:32:37][1608][INFO]service start running: service <C_Media>, exitcode <0>
[2018-11-25 19:32:37][1608][INFO]service start running: service <C_Proxy>, exitcode <0>
[2018-11-25 19:32:37][1608][INFO]service start running: service <C_Forwd>, exitcode <0>
[2018-11-25 19:32:37][1608][INFO]service start running: service <C_RTime>, exitcode <0>
[2018-11-25 19:32:42][1608][INFO]service start running: service <C_Task>, exitcode <0>
[2018-11-26 12:37:38][1784][INFO]service start running: service <C_Media>, exitcode <0>
[2018-11-26 12:37:38][1784][INFO]service start running: service <C_Proxy>, exitcode <0>
[2018-11-26 12:37:38][1784][INFO]service start running: service <C_Forwd>, exitcode <0>
[2018-11-26 12:37:38][1784][INFO]service start running: service <C_RTime>, exitcode <0>
[2018-11-26 12:37:43][1784][INFO]service start running: service <C_Task>, exitcode <0>
[2018-11-27 18:38:42][1764][INFO]service start running: service <C_Media>, exitcode <0>
[2018-11-27 18:38:42][1764][INFO]service start running: service <C_Proxy>, exitcode <0>
[2018-11-27 18:38:42][1764][INFO]service start running: service <C_Forwd>, exitcode <0>
[2018-11-27 18:38:42][1764][INFO]service start running: service <C_RTime>, exitcode <0>
[2018-11-27 18:38:48][1764][INFO]service start running: service <C_Task>, exitcode <0>
[2018-11-28 07:02:02][1752][INFO]service start running: service <C_Media>, exitcode <0>
[2018-11-28 07:02:02][1752][INFO]service start running: service <C_Proxy>, exitcode <0>
[2018-11-28 07:02:02][1752][INFO]service start running: service <C_Forwd>, exitcode <0>
[2018-11-28 07:02:02][1752][INFO]service start running: service <C_RTime>, exitcode <0>
[2018-11-28 07:02:07][1752][INFO]service start running: service <C_Task>, exitcode <0>
[2018-11-28 21:24:41][1796][INFO]service start running: service <C_Media>, exitcode <0>
[2018-11-28 21:24:41][1796][INFO]service start running: service <C_Proxy>, exitcode <0>
[2018-11-28 21:24:41][1796][INFO]service start running: service <C_Forwd>, exitcode <0>
[2018-11-28 21:24:41][1796][INFO]service start running: service <C_RTime>, exitcode <0>
[2018-11-28 21:24:47][1796][INFO]service start running: service <C_Task>, exitcode <0>
[2018-11-29 07:08:59][1720][INFO]service start running: service <C_Media>, exitcode <0>
[2018-11-29 07:08:59][1720][INFO]service start running: service <C_Proxy>, exitcode <0>
[2018-11-29 07:08:59][1720][INFO]service start running: service <C_Forwd>, exitcode <0>
[2018-11-29 07:08:59][1720][INFO]service start running: service <C_RTime>, exitcode <0>
[2018-11-29 07:09:04][1720][INFO]service start running: service <C_Task>, exitcode <0>
[2018-11-29 13:05:58][1740][INFO]service start running: service <C_Media>, exitcode <0>
[2018-11-29 13:05:58][1740][INFO]service start running: service <C_Proxy>, exitcode <0>
[2018-11-29 13:05:58][1740][INFO]service start running: service <C_Forwd>, exitcode <0>
[2018-11-29 13:05:58][1740][INFO]service start running: service <C_RTime>, exitcode <0>
[2018-11-29 13:06:03][1740][INFO]service start running: service <C_Task>, exitcode <0>
[2018-11-29 15:36:39][1832][INFO]service start running: service <C_Media>, exitcode <0>
[2018-11-29 15:36:39][1832][INFO]service start running: service <C_Proxy>, exitcode <0>
[2018-11-29 15:36:39][1832][INFO]service start running: service <C_Forwd>, exitcode <0>
[2018-11-29 15:36:39][1832][INFO]service start running: service <C_RTime>, exitcode <0>
[2018-11-29 15:36:44][1832][INFO]service start running: service <C_Task>, exitcode <0>
[2018-11-29 18:38:40][1740][INFO]service start running: service <C_Media>, exitcode <0>
[2018-11-29 18:38:40][1740][INFO]service start running: service <C_Proxy>, exitcode <0>
[2018-11-29 18:38:40][1740][INFO]service start running: service <C_Forwd>, exitcode <0>
[2018-11-29 18:38:40][1740][INFO]service start running: service <C_RTime>, exitcode <0>
[2018-11-29 18:38:45][1740][INFO]service start running: service <C_Task>, exitcode <0>
[2018-11-30 12:17:04][1744][INFO]service start running: service <C_Media>, exitcode <0>
[2018-11-30 12:17:04][1744][INFO]service start running: service <C_Proxy>, exitcode <0>
[2018-11-30 12:17:04][1744][INFO]service start running: service <C_Forwd>, exitcode <0>
[2018-11-30 12:17:04][1744][INFO]service start running: service <C_RTime>, exitcode <0>
[2018-11-30 12:17:09][1744][INFO]service start running: service <C_Task>, exitcode <0>
[2018-12-02 15:16:29][1604][INFO]service start running: service <C_Media>, exitcode <0>
[2018-12-02 15:16:29][1604][INFO]service start running: service <C_Proxy>, exitcode <0>
[2018-12-02 15:16:29][1604][INFO]service start running: service <C_Forwd>, exitcode <0>
[2018-12-02 15:16:29][1604][INFO]service start running: service <C_RTime>, exitcode <0>
[2018-12-02 15:16:34][1604][INFO]service start running: service <C_Task>, exitcode <0>
[2018-12-02 19:34:20][1604][INFO]service start running: service <C_Media>, exitcode <0>
[2018-12-02 19:34:20][1604][INFO]service start running: service <C_Proxy>, exitcode <0>
[2018-12-02 19:34:20][1604][INFO]service start running: service <C_Forwd>, exitcode <0>
[2018-12-02 19:34:20][1604][INFO]service start running: service <C_RTime>, exitcode <0>
[2018-12-02 19:34:25][1604][INFO]service start running: service <C_Task>, exitcode <0>
[2018-12-03 06:57:33][1744][INFO]service start running: service <C_Media>, exitcode <0>
[2018-12-03 06:57:33][1744][INFO]service start running: service <C_Proxy>, exitcode <0>
[2018-12-03 06:57:33][1744][INFO]service start running: service <C_Forwd>, exitcode <0>
[2018-12-03 06:57:33][1744][INFO]service start running: service <C_RTime>, exitcode <0>
[2018-12-03 06:57:38][1744][INFO]service start running: service <C_Task>, exitcode <0>
[2018-12-03 12:31:15][1176][INFO]service start running: service <C_Media>, exitcode <0>
[2018-12-03 12:31:15][1176][INFO]service start running: service <C_Proxy>, exitcode <0>
[2018-12-03 12:31:15][1176][INFO]service start running: service <C_Forwd>, exitcode <0>
[2018-12-03 12:31:15][1176][INFO]service start running: service <C_RTime>, exitcode <0>
[2018-12-03 12:31:20][1176][INFO]service start running: service <C_Task>, exitcode <0>
[2018-12-03 19:38:07][612][INFO]service start running: service <C_Media>, exitcode <0>
[2018-12-03 19:38:07][612][INFO]service start running: service <C_Proxy>, exitcode <0>
[2018-12-03 19:38:07][612][INFO]service start running: service <C_Forwd>, exitcode <0>
[2018-12-03 19:38:07][612][INFO]service start running: service <C_RTime>, exitcode <0>
[2018-12-03 19:38:12][612][INFO]service start running: service <C_Task>, exitcode <0>
[2018-12-04 06:55:14][1196][INFO]service start running: service <C_Media>, exitcode <0>
[2018-12-04 06:55:14][1196][INFO]service start running: service <C_Proxy>, exitcode <0>
[2018-12-04 06:55:14][1196][INFO]service start running: service <C_Forwd>, exitcode <0>
[2018-12-04 06:55:14][1196][INFO]service start running: service <C_RTime>, exitcode <0>
[2018-12-04 06:55:19][1196][INFO]service start running: service <C_Task>, exitcode <0>
[2018-12-04 12:55:24][328][INFO]service start running: service <C_Media>, exitcode <0>
[2018-12-04 12:55:24][328][INFO]service start running: service <C_Proxy>, exitcode <0>
[2018-12-04 12:55:24][328][INFO]service start running: service <C_Forwd>, exitcode <0>
[2018-12-04 12:55:24][328][INFO]service start running: service <C_RTime>, exitcode <0>
[2018-12-04 12:55:29][328][INFO]service start running: service <C_Task>, exitcode <0>
[2018-12-04 15:36:00][1452][INFO]service start running: service <C_Media>, exitcode <0>
[2018-12-04 15:36:00][1452][INFO]service start running: service <C_Proxy>, exitcode <0>
[2018-12-04 15:36:00][1452][INFO]service start running: service <C_Forwd>, exitcode <0>
[2018-12-04 15:36:00][1452][INFO]service start running: service <C_RTime>, exitcode <0>
[2018-12-04 15:36:05][1452][INFO]service start running: service <C_Task>, exitcode <0>
[2018-12-04 20:30:05][820][INFO]service start running: service <C_Media>, exitcode <0>
[2018-12-04 20:30:05][820][INFO]service start running: service <C_Proxy>, exitcode <0>
[2018-12-04 20:30:05][820][INFO]service start running: service <C_Forwd>, exitcode <0>
[2018-12-04 20:30:05][820][INFO]service start running: service <C_RTime>, exitcode <0>
[2018-12-04 20:30:10][820][INFO]service start running: service <C_Task>, exitcode <0>
[2018-12-06 12:51:10][1736][INFO]service start running: service <C_Media>, exitcode <0>
[2018-12-06 12:51:10][1736][INFO]service start running: service <C_Proxy>, exitcode <0>
[2018-12-06 12:51:10][1736][INFO]service start running: service <C_Forwd>, exitcode <0>
[2018-12-06 12:51:10][1736][INFO]service start running: service <C_RTime>, exitcode <0>
[2018-12-06 12:51:15][1736][INFO]service start running: service <C_Task>, exitcode <0>
[2018-12-06 15:41:57][788][INFO]service start running: service <C_Media>, exitcode <0>
[2018-12-06 15:41:57][788][INFO]service start running: service <C_Proxy>, exitcode <0>
[2018-12-06 15:41:57][788][INFO]service start running: service <C_Forwd>, exitcode <0>
[2018-12-06 15:41:57][788][INFO]service start running: service <C_RTime>, exitcode <0>
[2018-12-06 15:42:02][788][INFO]service start running: service <C_Task>, exitcode <0>
[2018-12-06 18:39:25][1760][INFO]service start running: service <C_Media>, exitcode <0>
[2018-12-06 18:39:25][1760][INFO]service start running: service <C_Proxy>, exitcode <0>
[2018-12-06 18:39:25][1760][INFO]service start running: service <C_Forwd>, exitcode <0>
[2018-12-06 18:39:25][1760][INFO]service start running: service <C_RTime>, exitcode <0>
[2018-12-06 18:39:30][1760][INFO]service start running: service <C_Task>, exitcode <0>
[2018-12-06 20:30:25][328][INFO]service start running: service <C_Media>, exitcode <0>
[2018-12-06 20:30:25][328][INFO]service start running: service <C_Proxy>, exitcode <0>
[2018-12-06 20:30:25][328][INFO]service start running: service <C_Forwd>, exitcode <0>
[2018-12-06 20:30:25][328][INFO]service start running: service <C_RTime>, exitcode <0>
[2018-12-06 20:30:30][328][INFO]service start running: service <C_Task>, exitcode <0>
[2018-12-07 06:55:18][1568][INFO]service start running: service <C_Media>, exitcode <0>
[2018-12-07 06:55:18][1568][INFO]service start running: service <C_Proxy>, exitcode <0>
[2018-12-07 06:55:18][1568][INFO]service start running: service <C_Forwd>, exitcode <0>
[2018-12-07 06:55:18][1568][INFO]service start running: service <C_RTime>, exitcode <0>
[2018-12-07 06:55:23][1568][INFO]service start running: service <C_Task>, exitcode <0>
[2018-12-07 12:54:38][1732][INFO]service start running: service <C_Media>, exitcode <0>
[2018-12-07 12:54:38][1732][INFO]service start running: service <C_Proxy>, exitcode <0>
[2018-12-07 12:54:38][1732][INFO]service start running: service <C_Forwd>, exitcode <0>
[2018-12-07 12:54:38][1732][INFO]service start running: service <C_RTime>, exitcode <0>
[2018-12-07 12:54:43][1732][INFO]service start running: service <C_Task>, exitcode <0>
[2018-12-09 15:18:05][1768][INFO]service start running: service <C_Media>, exitcode <0>
[2018-12-09 15:18:05][1768][INFO]service start running: service <C_Proxy>, exitcode <0>
[2018-12-09 15:18:05][1768][INFO]service start running: service <C_Forwd>, exitcode <0>
[2018-12-09 15:18:05][1768][INFO]service start running: service <C_RTime>, exitcode <0>
[2018-12-09 15:18:10][1768][INFO]service start running: service <C_Task>, exitcode <0>
[2018-12-09 18:39:12][1524][INFO]service start running: service <C_Media>, exitcode <0>
[2018-12-09 18:39:12][1524][INFO]service start running: service <C_Proxy>, exitcode <0>
[2018-12-09 18:39:12][1524][INFO]service start running: service <C_Forwd>, exitcode <0>
[2018-12-09 18:39:12][1524][INFO]service start running: service <C_RTime>, exitcode <0>
[2018-12-09 18:39:17][1524][INFO]service start running: service <C_Task>, exitcode <0>
[2018-12-10 12:59:17][676][INFO]service start running: service <C_Media>, exitcode <0>
[2018-12-10 12:59:17][676][INFO]service start running: service <C_Proxy>, exitcode <0>
[2018-12-10 12:59:17][676][INFO]service start running: service <C_Forwd>, exitcode <0>
[2018-12-10 12:59:17][676][INFO]service start running: service <C_RTime>, exitcode <0>
[2018-12-10 12:59:22][676][INFO]service start running: service <C_Task>, exitcode <0>
[2018-12-11 12:35:10][1772][INFO]service start running: service <C_Media>, exitcode <0>
[2018-12-11 12:35:10][1772][INFO]service start running: service <C_Proxy>, exitcode <0>
[2018-12-11 12:35:10][1772][INFO]service start running: service <C_Forwd>, exitcode <0>
[2018-12-11 12:35:10][1772][INFO]service start running: service <C_RTime>, exitcode <0>
[2018-12-11 12:35:15][1772][INFO]service start running: service <C_Task>, exitcode <0>
[2018-12-11 17:14:28][1724][INFO]service start running: service <C_Media>, exitcode <0>
[2018-12-11 17:14:28][1724][INFO]service start running: service <C_Proxy>, exitcode <0>
[2018-12-11 17:14:28][1724][INFO]service start running: service <C_Forwd>, exitcode <0>
[2018-12-11 17:14:28][1724][INFO]service start running: service <C_RTime>, exitcode <0>
[2018-12-11 17:14:33][1724][INFO]service start running: service <C_Task>, exitcode <0>
[2018-12-11 18:37:59][1736][INFO]service start running: service <C_Media>, exitcode <0>
[2018-12-11 18:37:59][1736][INFO]service start running: service <C_Proxy>, exitcode <0>
[2018-12-11 18:37:59][1736][INFO]service start running: service <C_Forwd>, exitcode <0>
[2018-12-11 18:37:59][1736][INFO]service start running: service <C_RTime>, exitcode <0>
[2018-12-11 18:38:04][1736][INFO]service start running: service <C_Task>, exitcode <0>
[2018-12-12 12:43:54][1828][INFO]service start running: service <C_Media>, exitcode <0>
[2018-12-12 12:43:54][1828][INFO]service start running: service <C_Proxy>, exitcode <0>
[2018-12-12 12:43:55][1828][INFO]service start running: service <C_Forwd>, exitcode <0>
[2018-12-12 12:43:55][1828][INFO]service start running: service <C_RTime>, exitcode <0>
[2018-12-12 12:44:00][1828][INFO]service start running: service <C_Task>, exitcode <0>
[2018-12-12 19:33:02][1784][INFO]service start running: service <C_Media>, exitcode <0>
[2018-12-12 19:33:02][1784][INFO]service start running: service <C_Proxy>, exitcode <0>
[2018-12-12 19:33:02][1784][INFO]service start running: service <C_Forwd>, exitcode <0>
[2018-12-12 19:33:02][1784][INFO]service start running: service <C_RTime>, exitcode <0>
[2018-12-12 19:33:07][1784][INFO]service start running: service <C_Task>, exitcode <0>
[2018-12-13 12:41:17][1772][INFO]service start running: service <C_Media>, exitcode <0>
[2018-12-13 12:41:17][1772][INFO]service start running: service <C_Proxy>, exitcode <0>
[2018-12-13 12:41:17][1772][INFO]service start running: service <C_Forwd>, exitcode <0>
[2018-12-13 12:41:17][1772][INFO]service start running: service <C_RTime>, exitcode <0>
[2018-12-13 12:41:22][1772][INFO]service start running: service <C_Task>, exitcode <0>
[2018-12-13 15:41:34][680][INFO]service start running: service <C_Media>, exitcode <0>
[2018-12-13 15:41:34][680][INFO]service start running: service <C_Proxy>, exitcode <0>
[2018-12-13 15:41:34][680][INFO]service start running: service <C_Forwd>, exitcode <0>
[2018-12-13 15:41:34][680][INFO]service start running: service <C_RTime>, exitcode <0>
[2018-12-13 15:41:39][680][INFO]service start running: service <C_Task>, exitcode <0>
[2018-12-13 18:39:55][1664][INFO]service start running: service <C_Media>, exitcode <0>
[2018-12-13 18:39:55][1664][INFO]service start running: service <C_Proxy>, exitcode <0>
[2018-12-13 18:39:55][1664][INFO]service start running: service <C_Forwd>, exitcode <0>
[2018-12-13 18:39:55][1664][INFO]service start running: service <C_RTime>, exitcode <0>
[2018-12-13 18:40:00][1664][INFO]service start running: service <C_Task>, exitcode <0>
[2018-12-14 15:49:37][1752][INFO]service start running: service <C_Media>, exitcode <0>
[2018-12-14 15:49:37][1752][INFO]service start running: service <C_Proxy>, exitcode <0>
[2018-12-14 15:49:37][1752][INFO]service start running: service <C_Forwd>, exitcode <0>
[2018-12-14 15:49:37][1752][INFO]service start running: service <C_RTime>, exitcode <0>
[2018-12-14 15:49:42][1752][INFO]service start running: service <C_Task>, exitcode <0>
[2018-12-16 15:09:45][1748][INFO]service start running: service <C_Media>, exitcode <0>
[2018-12-16 15:09:45][1748][INFO]service start running: service <C_Proxy>, exitcode <0>
[2018-12-16 15:09:45][1748][INFO]service start running: service <C_Forwd>, exitcode <0>
[2018-12-16 15:09:45][1748][INFO]service start running: service <C_RTime>, exitcode <0>
[2018-12-16 15:09:50][1748][INFO]service start running: service <C_Task>, exitcode <0>
[2018-12-16 19:32:47][1728][INFO]service start running: service <C_Media>, exitcode <0>
[2018-12-16 19:32:47][1728][INFO]service start running: service <C_Proxy>, exitcode <0>
[2018-12-16 19:32:47][1728][INFO]service start running: service <C_Forwd>, exitcode <0>
[2018-12-16 19:32:47][1728][INFO]service start running: service <C_RTime>, exitcode <0>
[2018-12-16 19:32:52][1728][INFO]service start running: service <C_Task>, exitcode <0>
[2018-12-17 12:37:40][1580][INFO]service start running: service <C_Media>, exitcode <0>
[2018-12-17 12:37:40][1580][INFO]service start running: service <C_Proxy>, exitcode <0>
[2018-12-17 12:37:40][1580][INFO]service start running: service <C_Forwd>, exitcode <0>
[2018-12-17 12:37:40][1580][INFO]service start running: service <C_RTime>, exitcode <0>
[2018-12-17 12:37:45][1580][INFO]service start running: service <C_Task>, exitcode <0>
[2018-12-17 20:27:33][324][INFO]service start running: service <C_Media>, exitcode <0>
[2018-12-17 20:27:33][324][INFO]service start running: service <C_Proxy>, exitcode <0>
[2018-12-17 20:27:33][324][INFO]service start running: service <C_Forwd>, exitcode <0>
[2018-12-17 20:27:33][324][INFO]service start running: service <C_RTime>, exitcode <0>
[2018-12-17 20:27:38][324][INFO]service start running: service <C_Task>, exitcode <0>
[2018-12-18 12:34:38][1220][INFO]service start running: service <C_Media>, exitcode <0>
[2018-12-18 12:34:38][1220][INFO]service start running: service <C_Proxy>, exitcode <0>
[2018-12-18 12:34:38][1220][INFO]service start running: service <C_Forwd>, exitcode <0>
[2018-12-18 12:34:38][1220][INFO]service start running: service <C_RTime>, exitcode <0>
[2018-12-18 12:34:43][1220][INFO]service start running: service <C_Task>, exitcode <0>
[2018-12-18 15:36:46][1732][INFO]service start running: service <C_Media>, exitcode <0>
[2018-12-18 15:36:46][1732][INFO]service start running: service <C_Proxy>, exitcode <0>
[2018-12-18 15:36:46][1732][INFO]service start running: service <C_Forwd>, exitcode <0>
[2018-12-18 15:36:46][1732][INFO]service start running: service <C_RTime>, exitcode <0>
[2018-12-18 15:36:51][1732][INFO]service start running: service <C_Task>, exitcode <0>
[2018-12-18 16:48:41][612][INFO]service start running: service <C_Media>, exitcode <0>
[2018-12-18 16:48:41][612][INFO]service start running: service <C_Proxy>, exitcode <0>
[2018-12-18 16:48:41][612][INFO]service start running: service <C_Forwd>, exitcode <0>
[2018-12-18 16:48:41][612][INFO]service start running: service <C_RTime>, exitcode <0>
[2018-12-18 16:48:46][612][INFO]service start running: service <C_Task>, exitcode <0>
[2018-12-18 18:38:16][1496][INFO]service start running: service <C_Media>, exitcode <0>
[2018-12-18 18:38:16][1496][INFO]service start running: service <C_Proxy>, exitcode <0>
[2018-12-18 18:38:16][1496][INFO]service start running: service <C_Forwd>, exitcode <0>
[2018-12-18 18:38:16][1496][INFO]service start running: service <C_RTime>, exitcode <0>
[2018-12-18 18:38:21][1496][INFO]service start running: service <C_Task>, exitcode <0>
[2018-12-18 21:28:30][1732][INFO]service start running: service <C_Media>, exitcode <0>
[2018-12-18 21:28:30][1732][INFO]service start running: service <C_Proxy>, exitcode <0>
[2018-12-18 21:28:30][1732][INFO]service start running: service <C_Forwd>, exitcode <0>
[2018-12-18 21:28:30][1732][INFO]service start running: service <C_RTime>, exitcode <0>
[2018-12-18 21:28:35][1732][INFO]service start running: service <C_Task>, exitcode <0>
[2018-12-19 07:03:07][1748][INFO]service start running: service <C_Media>, exitcode <0>
[2018-12-19 07:03:07][1748][INFO]service start running: service <C_Proxy>, exitcode <0>
[2018-12-19 07:03:07][1748][INFO]service start running: service <C_Forwd>, exitcode <0>
[2018-12-19 07:03:07][1748][INFO]service start running: service <C_RTime>, exitcode <0>
[2018-12-19 07:03:12][1748][INFO]service start running: service <C_Task>, exitcode <0>
[2018-12-19 12:24:05][1756][INFO]service start running: service <C_Media>, exitcode <0>
[2018-12-19 12:24:05][1756][INFO]service start running: service <C_Proxy>, exitcode <0>
[2018-12-19 12:24:05][1756][INFO]service start running: service <C_Forwd>, exitcode <0>
[2018-12-19 12:24:05][1756][INFO]service start running: service <C_RTime>, exitcode <0>
[2018-12-19 12:24:10][1756][INFO]service start running: service <C_Task>, exitcode <0>
[2018-12-19 12:53:21][1820][INFO]service start running: service <C_Media>, exitcode <0>
[2018-12-19 12:53:21][1820][INFO]service start running: service <C_Proxy>, exitcode <0>
[2018-12-19 12:53:21][1820][INFO]service start running: service <C_Forwd>, exitcode <0>
[2018-12-19 12:53:21][1820][INFO]service start running: service <C_RTime>, exitcode <0>
[2018-12-19 12:53:26][1820][INFO]service start running: service <C_Task>, exitcode <0>
[2018-12-19 16:24:03][1736][INFO]service start running: service <C_Media>, exitcode <0>
[2018-12-19 16:24:03][1736][INFO]service start running: service <C_Proxy>, exitcode <0>
[2018-12-19 16:24:03][1736][INFO]service start running: service <C_Forwd>, exitcode <0>
[2018-12-19 16:24:03][1736][INFO]service start running: service <C_RTime>, exitcode <0>
[2018-12-19 16:24:08][1736][INFO]service start running: service <C_Task>, exitcode <0>
[2018-12-19 18:39:04][1744][INFO]service start running: service <C_Media>, exitcode <0>
[2018-12-19 18:39:04][1744][INFO]service start running: service <C_Proxy>, exitcode <0>
[2018-12-19 18:39:04][1744][INFO]service start running: service <C_Forwd>, exitcode <0>
[2018-12-19 18:39:04][1744][INFO]service start running: service <C_RTime>, exitcode <0>
[2018-12-19 18:39:09][1744][INFO]service start running: service <C_Task>, exitcode <0>
[2018-12-19 19:33:12][1748][INFO]service start running: service <C_Media>, exitcode <0>
[2018-12-19 19:33:12][1748][INFO]service start running: service <C_Proxy>, exitcode <0>
[2018-12-19 19:33:12][1748][INFO]service start running: service <C_Forwd>, exitcode <0>
[2018-12-19 19:33:12][1748][INFO]service start running: service <C_RTime>, exitcode <0>
[2018-12-19 19:33:17][1748][INFO]service start running: service <C_Task>, exitcode <0>
[2018-12-19 20:30:37][1736][INFO]service start running: service <C_Media>, exitcode <0>
[2018-12-19 20:30:37][1736][INFO]service start running: service <C_Proxy>, exitcode <0>
[2018-12-19 20:30:37][1736][INFO]service start running: service <C_Forwd>, exitcode <0>
[2018-12-19 20:30:37][1736][INFO]service start running: service <C_RTime>, exitcode <0>
[2018-12-19 20:30:42][1736][INFO]service start running: service <C_Task>, exitcode <0>
[2018-12-20 10:13:44][732][INFO]service start running: service <C_Media>, exitcode <0>
[2018-12-20 10:13:44][732][INFO]service start running: service <C_Proxy>, exitcode <0>
[2018-12-20 10:13:44][732][INFO]service start running: service <C_Forwd>, exitcode <0>
[2018-12-20 10:13:44][732][INFO]service start running: service <C_RTime>, exitcode <0>
[2018-12-20 10:13:49][732][INFO]service start running: service <C_Task>, exitcode <0>
[2018-12-20 12:35:31][1752][INFO]service start running: service <C_Media>, exitcode <0>
[2018-12-20 12:35:31][1752][INFO]service start running: service <C_Proxy>, exitcode <0>
[2018-12-20 12:35:31][1752][INFO]service start running: service <C_Forwd>, exitcode <0>
[2018-12-20 12:35:31][1752][INFO]service start running: service <C_RTime>, exitcode <0>
[2018-12-20 12:35:36][1752][INFO]service start running: service <C_Task>, exitcode <0>
[2018-12-20 15:59:15][612][INFO]service start running: service <C_Media>, exitcode <0>
[2018-12-20 15:59:15][612][INFO]service start running: service <C_Proxy>, exitcode <0>
[2018-12-20 15:59:15][612][INFO]service start running: service <C_Forwd>, exitcode <0>
[2018-12-20 15:59:15][612][INFO]service start running: service <C_RTime>, exitcode <0>
[2018-12-20 15:59:20][612][INFO]service start running: service <C_Task>, exitcode <0>
[2018-12-21 12:13:29][1476][INFO]service start running: service <C_Media>, exitcode <0>
[2018-12-21 12:13:29][1476][INFO]service start running: service <C_Proxy>, exitcode <0>
[2018-12-21 12:13:29][1476][INFO]service start running: service <C_Forwd>, exitcode <0>
[2018-12-21 12:13:29][1476][INFO]service start running: service <C_RTime>, exitcode <0>
[2018-12-21 12:13:34][1476][INFO]service start running: service <C_Task>, exitcode <0>
[2018-12-23 15:25:52][1756][INFO]service start running: service <C_Media>, exitcode <0>
[2018-12-23 15:25:52][1756][INFO]service start running: service <C_Proxy>, exitcode <0>
[2018-12-23 15:25:52][1756][INFO]service start running: service <C_Forwd>, exitcode <0>
[2018-12-23 15:25:52][1756][INFO]service start running: service <C_RTime>, exitcode <0>
[2018-12-23 15:25:57][1756][INFO]service start running: service <C_Task>, exitcode <0>
[2018-12-24 06:56:53][1696][INFO]service start running: service <C_Media>, exitcode <0>
[2018-12-24 06:56:53][1696][INFO]service start running: service <C_Proxy>, exitcode <0>
[2018-12-24 06:56:53][1696][INFO]service start running: service <C_Forwd>, exitcode <0>
[2018-12-24 06:56:53][1696][INFO]service start running: service <C_RTime>, exitcode <0>
[2018-12-24 06:56:58][1696][INFO]service start running: service <C_Task>, exitcode <0>
[2018-12-24 12:05:05][1768][INFO]service start running: service <C_Media>, exitcode <0>
[2018-12-24 12:05:05][1768][INFO]service start running: service <C_Proxy>, exitcode <0>
[2018-12-24 12:05:05][1768][INFO]service start running: service <C_Forwd>, exitcode <0>
[2018-12-24 12:05:05][1768][INFO]service start running: service <C_RTime>, exitcode <0>
[2018-12-24 12:05:10][1768][INFO]service start running: service <C_Task>, exitcode <0>
[2018-12-24 18:38:28][1604][INFO]service start running: service <C_Media>, exitcode <0>
[2018-12-24 18:38:28][1604][INFO]service start running: service <C_Proxy>, exitcode <0>
[2018-12-24 18:38:28][1604][INFO]service start running: service <C_Forwd>, exitcode <0>
[2018-12-24 18:38:28][1604][INFO]service start running: service <C_RTime>, exitcode <0>
[2018-12-24 18:38:33][1604][INFO]service start running: service <C_Task>, exitcode <0>
[2018-12-25 07:00:09][1592][INFO]service start running: service <C_Media>, exitcode <0>
[2018-12-25 07:00:09][1592][INFO]service start running: service <C_Proxy>, exitcode <0>
[2018-12-25 07:00:09][1592][INFO]service start running: service <C_Forwd>, exitcode <0>
[2018-12-25 07:00:09][1592][INFO]service start running: service <C_RTime>, exitcode <0>
[2018-12-25 07:00:14][1592][INFO]service start running: service <C_Task>, exitcode <0>
[2018-12-25 13:06:55][1744][INFO]service start running: service <C_Media>, exitcode <0>
[2018-12-25 13:06:55][1744][INFO]service start running: service <C_Proxy>, exitcode <0>
[2018-12-25 13:06:55][1744][INFO]service start running: service <C_Forwd>, exitcode <0>
[2018-12-25 13:06:55][1744][INFO]service start running: service <C_RTime>, exitcode <0>
[2018-12-25 13:07:00][1744][INFO]service start running: service <C_Task>, exitcode <0>
[2018-12-25 15:33:10][1740][INFO]service start running: service <C_Media>, exitcode <0>
[2018-12-25 15:33:10][1740][INFO]service start running: service <C_Proxy>, exitcode <0>
[2018-12-25 15:33:10][1740][INFO]service start running: service <C_Forwd>, exitcode <0>
[2018-12-25 15:33:10][1740][INFO]service start running: service <C_RTime>, exitcode <0>
[2018-12-25 15:33:15][1740][INFO]service start running: service <C_Task>, exitcode <0>
[2018-12-25 18:38:36][1596][INFO]service start running: service <C_Media>, exitcode <0>
[2018-12-25 18:38:36][1596][INFO]service start running: service <C_Proxy>, exitcode <0>
[2018-12-25 18:38:36][1596][INFO]service start running: service <C_Forwd>, exitcode <0>
[2018-12-25 18:38:36][1596][INFO]service start running: service <C_RTime>, exitcode <0>
[2018-12-25 18:38:41][1596][INFO]service start running: service <C_Task>, exitcode <0>
[2018-12-26 12:07:02][1780][INFO]service start running: service <C_Media>, exitcode <0>
[2018-12-26 12:07:02][1780][INFO]service start running: service <C_Proxy>, exitcode <0>
[2018-12-26 12:07:02][1780][INFO]service start running: service <C_Forwd>, exitcode <0>
[2018-12-26 12:07:02][1780][INFO]service start running: service <C_RTime>, exitcode <0>
[2018-12-26 12:07:07][1780][INFO]service start running: service <C_Task>, exitcode <0>
[2018-12-27 09:59:27][1744][INFO]service start running: service <C_Media>, exitcode <0>
[2018-12-27 09:59:27][1744][INFO]service start running: service <C_Proxy>, exitcode <0>
[2018-12-27 09:59:27][1744][INFO]service start running: service <C_Forwd>, exitcode <0>
[2018-12-27 09:59:27][1744][INFO]service start running: service <C_RTime>, exitcode <0>
[2018-12-27 09:59:32][1744][INFO]service start running: service <C_Task>, exitcode <0>
[2018-12-28 12:26:59][1600][INFO]service start running: service <C_Media>, exitcode <0>
[2018-12-28 12:26:59][1600][INFO]service start running: service <C_Proxy>, exitcode <0>
[2018-12-28 12:26:59][1600][INFO]service start running: service <C_Forwd>, exitcode <0>
[2018-12-28 12:26:59][1600][INFO]service start running: service <C_RTime>, exitcode <0>
[2018-12-28 12:27:04][1600][INFO]service start running: service <C_Task>, exitcode <0>
[2018-12-28 19:33:29][1520][INFO]service start running: service <C_Media>, exitcode <0>
[2018-12-28 19:33:29][1520][INFO]service start running: service <C_Proxy>, exitcode <0>
[2018-12-28 19:33:29][1520][INFO]service start running: service <C_Forwd>, exitcode <0>
[2018-12-28 19:33:29][1520][INFO]service start running: service <C_RTime>, exitcode <0>
[2018-12-28 19:33:34][1520][INFO]service start running: service <C_Task>, exitcode <0>
[2018-12-29 06:52:46][1492][INFO]service start running: service <C_Media>, exitcode <0>
[2018-12-29 06:52:46][1492][INFO]service start running: service <C_Proxy>, exitcode <0>
[2018-12-29 06:52:46][1492][INFO]service start running: service <C_Forwd>, exitcode <0>
[2018-12-29 06:52:46][1492][INFO]service start running: service <C_RTime>, exitcode <0>
[2018-12-29 06:52:51][1492][INFO]service start running: service <C_Task>, exitcode <0>
[2018-12-29 12:06:27][1732][INFO]service start running: service <C_Media>, exitcode <0>
[2018-12-29 12:06:27][1732][INFO]service start running: service <C_Proxy>, exitcode <0>
[2018-12-29 12:06:27][1732][INFO]service start running: service <C_Forwd>, exitcode <0>
[2018-12-29 12:06:27][1732][INFO]service start running: service <C_RTime>, exitcode <0>
[2018-12-29 12:06:32][1732][INFO]service start running: service <C_Task>, exitcode <0>
[2019-01-01 15:13:10][1492][INFO]service start running: service <C_Media>, exitcode <0>
[2019-01-01 15:13:10][1492][INFO]service start running: service <C_Proxy>, exitcode <0>
[2019-01-01 15:13:10][1492][INFO]service start running: service <C_Forwd>, exitcode <0>
[2019-01-01 15:13:10][1492][INFO]service start running: service <C_RTime>, exitcode <0>
[2019-01-01 15:13:15][1492][INFO]service start running: service <C_Task>, exitcode <0>
[2019-01-02 06:57:50][1756][INFO]service start running: service <C_Media>, exitcode <0>
[2019-01-02 06:57:50][1756][INFO]service start running: service <C_Proxy>, exitcode <0>
[2019-01-02 06:57:50][1756][INFO]service start running: service <C_Forwd>, exitcode <0>
[2019-01-02 06:57:50][1756][INFO]service start running: service <C_RTime>, exitcode <0>
[2019-01-02 06:57:55][1756][INFO]service start running: service <C_Task>, exitcode <0>
[2019-01-02 10:09:57][404][INFO]service start running: service <C_Media>, exitcode <0>
[2019-01-02 10:09:57][404][INFO]service start running: service <C_Proxy>, exitcode <0>
[2019-01-02 10:09:57][404][INFO]service start running: service <C_Forwd>, exitcode <0>
[2019-01-02 10:09:57][404][INFO]service start running: service <C_RTime>, exitcode <0>
[2019-01-02 10:10:02][404][INFO]service start running: service <C_Task>, exitcode <0>
[2019-01-02 19:32:49][1760][INFO]service start running: service <C_Media>, exitcode <0>
[2019-01-02 19:32:49][1760][INFO]service start running: service <C_Proxy>, exitcode <0>
[2019-01-02 19:32:49][1760][INFO]service start running: service <C_Forwd>, exitcode <0>
[2019-01-02 19:32:49][1760][INFO]service start running: service <C_RTime>, exitcode <0>
[2019-01-02 19:32:54][1760][INFO]service start running: service <C_Task>, exitcode <0>
[2019-01-04 12:06:20][1764][INFO]service start running: service <C_Media>, exitcode <0>
[2019-01-04 12:06:20][1764][INFO]service start running: service <C_Proxy>, exitcode <0>
[2019-01-04 12:06:20][1764][INFO]service start running: service <C_Forwd>, exitcode <0>
[2019-01-04 12:06:20][1764][INFO]service start running: service <C_RTime>, exitcode <0>
[2019-01-04 12:06:25][1764][INFO]service start running: service <C_Task>, exitcode <0>
[2019-01-04 15:52:18][1736][INFO]service start running: service <C_Media>, exitcode <0>
[2019-01-04 15:52:18][1736][INFO]service start running: service <C_Proxy>, exitcode <0>
[2019-01-04 15:52:18][1736][INFO]service start running: service <C_Forwd>, exitcode <0>
[2019-01-04 15:52:18][1736][INFO]service start running: service <C_RTime>, exitcode <0>
[2019-01-04 15:52:23][1736][INFO]service start running: service <C_Task>, exitcode <0>
[2019-01-06 12:33:40][1760][INFO]service start running: service <C_Media>, exitcode <0>
[2019-01-06 12:33:40][1760][INFO]service start running: service <C_Proxy>, exitcode <0>
[2019-01-06 12:33:40][1760][INFO]service start running: service <C_Forwd>, exitcode <0>
[2019-01-06 12:33:40][1760][INFO]service start running: service <C_RTime>, exitcode <0>
[2019-01-06 12:33:45][1760][INFO]service start running: service <C_Task>, exitcode <0>
[2019-01-06 15:38:55][1780][INFO]service start running: service <C_Media>, exitcode <0>
[2019-01-06 15:38:55][1780][INFO]service start running: service <C_Proxy>, exitcode <0>
[2019-01-06 15:38:55][1780][INFO]service start running: service <C_Forwd>, exitcode <0>
[2019-01-06 15:38:55][1780][INFO]service start running: service <C_RTime>, exitcode <0>
[2019-01-06 15:39:00][1780][INFO]service start running: service <C_Task>, exitcode <0>
[2019-01-07 06:58:53][1448][INFO]service start running: service <C_Media>, exitcode <0>
[2019-01-07 06:58:53][1448][INFO]service start running: service <C_Proxy>, exitcode <0>
[2019-01-07 06:58:53][1448][INFO]service start running: service <C_Forwd>, exitcode <0>
[2019-01-07 06:58:53][1448][INFO]service start running: service <C_RTime>, exitcode <0>
[2019-01-07 06:58:58][1448][INFO]service start running: service <C_Task>, exitcode <0>
[2019-01-07 12:38:27][1784][INFO]service start running: service <C_Media>, exitcode <0>
[2019-01-07 12:38:27][1784][INFO]service start running: service <C_Proxy>, exitcode <0>
[2019-01-07 12:38:27][1784][INFO]service start running: service <C_Forwd>, exitcode <0>
[2019-01-07 12:38:27][1784][INFO]service start running: service <C_RTime>, exitcode <0>
[2019-01-07 12:38:32][1784][INFO]service start running: service <C_Task>, exitcode <0>
[2019-01-07 19:33:00][1756][INFO]service start running: service <C_Media>, exitcode <0>
[2019-01-07 19:33:00][1756][INFO]service start running: service <C_Proxy>, exitcode <0>
[2019-01-07 19:33:00][1756][INFO]service start running: service <C_Forwd>, exitcode <0>
[2019-01-07 19:33:00][1756][INFO]service start running: service <C_RTime>, exitcode <0>
[2019-01-07 19:33:05][1756][INFO]service start running: service <C_Task>, exitcode <0>
[2019-01-08 07:01:14][736][INFO]service start running: service <C_Media>, exitcode <0>
[2019-01-08 07:01:14][736][INFO]service start running: service <C_Proxy>, exitcode <0>
[2019-01-08 07:01:14][736][INFO]service start running: service <C_Forwd>, exitcode <0>
[2019-01-08 07:01:14][736][INFO]service start running: service <C_RTime>, exitcode <0>
[2019-01-08 07:01:19][736][INFO]service start running: service <C_Task>, exitcode <0>
[2019-01-08 12:11:12][1508][INFO]service start running: service <C_Media>, exitcode <0>
[2019-01-08 12:11:12][1508][INFO]service start running: service <C_Proxy>, exitcode <0>
[2019-01-08 12:11:12][1508][INFO]service start running: service <C_Forwd>, exitcode <0>
[2019-01-08 12:11:12][1508][INFO]service start running: service <C_RTime>, exitcode <0>
[2019-01-08 12:11:17][1508][INFO]service start running: service <C_Task>, exitcode <0>
[2019-01-08 12:13:18][1524][INFO]service start running: service <C_Media>, exitcode <0>
[2019-01-08 12:13:18][1524][INFO]service start running: service <C_Proxy>, exitcode <0>
[2019-01-08 12:13:18][1524][INFO]service start running: service <C_Forwd>, exitcode <0>
[2019-01-08 12:13:18][1524][INFO]service start running: service <C_RTime>, exitcode <0>
[2019-01-08 12:13:23][1524][INFO]service start running: service <C_Task>, exitcode <0>
[2019-01-08 15:37:35][1752][INFO]service start running: service <C_Media>, exitcode <0>
[2019-01-08 15:37:35][1752][INFO]service start running: service <C_Proxy>, exitcode <0>
[2019-01-08 15:37:35][1752][INFO]service start running: service <C_Forwd>, exitcode <0>
[2019-01-08 15:37:35][1752][INFO]service start running: service <C_RTime>, exitcode <0>
[2019-01-08 15:37:40][1752][INFO]service start running: service <C_Task>, exitcode <0>
[2019-01-08 18:39:14][1496][INFO]service start running: service <C_Media>, exitcode <0>
[2019-01-08 18:39:14][1496][INFO]service start running: service <C_Proxy>, exitcode <0>
[2019-01-08 18:39:14][1496][INFO]service start running: service <C_Forwd>, exitcode <0>
[2019-01-08 18:39:14][1496][INFO]service start running: service <C_RTime>, exitcode <0>
[2019-01-08 18:39:19][1496][INFO]service start running: service <C_Task>, exitcode <0>
[2019-01-09 10:01:51][1728][INFO]service start running: service <C_Media>, exitcode <0>
[2019-01-09 10:01:51][1728][INFO]service start running: service <C_Proxy>, exitcode <0>
[2019-01-09 10:01:51][1728][INFO]service start running: service <C_Forwd>, exitcode <0>
[2019-01-09 10:01:51][1728][INFO]service start running: service <C_RTime>, exitcode <0>
[2019-01-09 10:01:56][1728][INFO]service start running: service <C_Task>, exitcode <0>
[2019-01-09 12:05:37][1472][INFO]service start running: service <C_Media>, exitcode <0>
[2019-01-09 12:05:37][1472][INFO]service start running: service <C_Proxy>, exitcode <0>
[2019-01-09 12:05:37][1472][INFO]service start running: service <C_Forwd>, exitcode <0>
[2019-01-09 12:05:37][1472][INFO]service start running: service <C_RTime>, exitcode <0>
[2019-01-09 12:05:42][1472][INFO]service start running: service <C_Task>, exitcode <0>
[2019-01-09 18:38:26][1752][INFO]service start running: service <C_Media>, exitcode <0>
[2019-01-09 18:38:26][1752][INFO]service start running: service <C_Proxy>, exitcode <0>
[2019-01-09 18:38:26][1752][INFO]service start running: service <C_Forwd>, exitcode <0>
[2019-01-09 18:38:26][1752][INFO]service start running: service <C_RTime>, exitcode <0>
[2019-01-09 18:38:31][1752][INFO]service start running: service <C_Task>, exitcode <0>
[2019-01-10 12:28:42][1752][INFO]service start running: service <C_Media>, exitcode <0>
[2019-01-10 12:28:42][1752][INFO]service start running: service <C_Proxy>, exitcode <0>
[2019-01-10 12:28:42][1752][INFO]service start running: service <C_Forwd>, exitcode <0>
[2019-01-10 12:28:42][1752][INFO]service start running: service <C_RTime>, exitcode <0>
[2019-01-10 12:28:47][1752][INFO]service start running: service <C_Task>, exitcode <0>
[2019-01-10 15:47:53][1736][INFO]service start running: service <C_Media>, exitcode <0>
[2019-01-10 15:47:53][1736][INFO]service start running: service <C_Proxy>, exitcode <0>
[2019-01-10 15:47:53][1736][INFO]service start running: service <C_Forwd>, exitcode <0>
[2019-01-10 15:47:53][1736][INFO]service start running: service <C_RTime>, exitcode <0>
[2019-01-10 15:47:58][1736][INFO]service start running: service <C_Task>, exitcode <0>
[2019-01-10 18:38:17][1740][INFO]service start running: service <C_Media>, exitcode <0>
[2019-01-10 18:38:17][1740][INFO]service start running: service <C_Proxy>, exitcode <0>
[2019-01-10 18:38:17][1740][INFO]service start running: service <C_Forwd>, exitcode <0>
[2019-01-10 18:38:17][1740][INFO]service start running: service <C_RTime>, exitcode <0>
[2019-01-10 18:38:22][1740][INFO]service start running: service <C_Task>, exitcode <0>
[2019-01-11 16:25:42][1468][INFO]service start running: service <C_Media>, exitcode <0>
[2019-01-11 16:25:42][1468][INFO]service start running: service <C_Proxy>, exitcode <0>
[2019-01-11 16:25:42][1468][INFO]service start running: service <C_Forwd>, exitcode <0>
[2019-01-11 16:25:42][1468][INFO]service start running: service <C_RTime>, exitcode <0>
[2019-01-11 16:25:47][1468][INFO]service start running: service <C_Task>, exitcode <0>
[2019-01-13 14:53:33][1492][INFO]service start running: service <C_Media>, exitcode <0>
[2019-01-13 14:53:33][1492][INFO]service start running: service <C_Proxy>, exitcode <0>
[2019-01-13 14:53:33][1492][INFO]service start running: service <C_Forwd>, exitcode <0>
[2019-01-13 14:53:33][1492][INFO]service start running: service <C_RTime>, exitcode <0>
[2019-01-13 14:53:38][1492][INFO]service start running: service <C_Task>, exitcode <0>
[2019-01-13 21:26:07][1808][INFO]service start running: service <C_Media>, exitcode <0>
[2019-01-13 21:26:07][1808][INFO]service start running: service <C_Proxy>, exitcode <0>
[2019-01-13 21:26:07][1808][INFO]service start running: service <C_Forwd>, exitcode <0>
[2019-01-13 21:26:07][1808][INFO]service start running: service <C_RTime>, exitcode <0>
[2019-01-13 21:26:12][1808][INFO]service start running: service <C_Task>, exitcode <0>
[2019-01-14 13:05:45][1388][INFO]service start running: service <C_Media>, exitcode <0>
[2019-01-14 13:05:45][1388][INFO]service start running: service <C_Proxy>, exitcode <0>
[2019-01-14 13:05:45][1388][INFO]service start running: service <C_Forwd>, exitcode <0>
[2019-01-14 13:05:45][1388][INFO]service start running: service <C_RTime>, exitcode <0>
[2019-01-14 13:05:50][1388][INFO]service start running: service <C_Task>, exitcode <0>
[2019-01-14 17:59:58][404][INFO]service start running: service <C_Media>, exitcode <0>
[2019-01-14 17:59:58][404][INFO]service start running: service <C_Proxy>, exitcode <0>
[2019-01-14 17:59:58][404][INFO]service start running: service <C_Forwd>, exitcode <0>
[2019-01-14 17:59:58][404][INFO]service start running: service <C_RTime>, exitcode <0>
[2019-01-14 18:00:03][404][INFO]service start running: service <C_Task>, exitcode <0>
[2019-01-16 07:04:41][1480][INFO]service start running: service <C_Media>, exitcode <0>
[2019-01-16 07:04:41][1480][INFO]service start running: service <C_Proxy>, exitcode <0>
[2019-01-16 07:04:41][1480][INFO]service start running: service <C_Forwd>, exitcode <0>
[2019-01-16 07:04:41][1480][INFO]service start running: service <C_RTime>, exitcode <0>
[2019-01-16 07:04:46][1480][INFO]service start running: service <C_Task>, exitcode <0>
[2019-01-18 10:21:02][1756][INFO]service start running: service <C_Media>, exitcode <0>
[2019-01-18 10:21:02][1756][INFO]service start running: service <C_Proxy>, exitcode <0>
[2019-01-18 10:21:02][1756][INFO]service start running: service <C_Forwd>, exitcode <0>
[2019-01-18 10:21:02][1756][INFO]service start running: service <C_RTime>, exitcode <0>
[2019-01-18 10:21:07][1756][INFO]service start running: service <C_Task>, exitcode <0>
[2019-02-17 16:00:21][1504][INFO]service start running: service <C_Media>, exitcode <0>
[2019-02-17 16:00:21][1504][INFO]service start running: service <C_Proxy>, exitcode <0>
[2019-02-17 16:00:21][1504][INFO]service start running: service <C_Forwd>, exitcode <0>
[2019-02-17 16:00:21][1504][INFO]service start running: service <C_RTime>, exitcode <0>
[2019-02-17 16:00:26][1504][INFO]service start running: service <C_Task>, exitcode <0>
[2019-02-18 06:57:40][1592][INFO]service start running: service <C_Media>, exitcode <0>
[2019-02-18 06:57:40][1592][INFO]service start running: service <C_Proxy>, exitcode <0>
[2019-02-18 06:57:40][1592][INFO]service start running: service <C_Forwd>, exitcode <0>
[2019-02-18 06:57:40][1592][INFO]service start running: service <C_RTime>, exitcode <0>
[2019-02-18 06:57:45][1592][INFO]service start running: service <C_Task>, exitcode <0>
[2019-02-20 18:40:22][1728][INFO]service start running: service <C_Media>, exitcode <0>
[2019-02-20 18:40:22][1728][INFO]service start running: service <C_Proxy>, exitcode <0>
[2019-02-20 18:40:22][1728][INFO]service start running: service <C_Forwd>, exitcode <0>
[2019-02-20 18:40:22][1728][INFO]service start running: service <C_RTime>, exitcode <0>
[2019-02-20 18:40:27][1728][INFO]service start running: service <C_Task>, exitcode <0>
[2019-02-21 13:03:26][1644][INFO]service start running: service <C_Media>, exitcode <0>
[2019-02-21 13:03:26][1644][INFO]service start running: service <C_Proxy>, exitcode <0>
[2019-02-21 13:03:26][1644][INFO]service start running: service <C_Forwd>, exitcode <0>
[2019-02-21 13:03:26][1644][INFO]service start running: service <C_RTime>, exitcode <0>
[2019-02-21 13:03:31][1644][INFO]service start running: service <C_Task>, exitcode <0>
[2019-02-21 17:20:42][1772][INFO]service start running: service <C_Media>, exitcode <0>
[2019-02-21 17:20:42][1772][INFO]service start running: service <C_Proxy>, exitcode <0>
[2019-02-21 17:20:42][1772][INFO]service start running: service <C_Forwd>, exitcode <0>
[2019-02-21 17:20:42][1772][INFO]service start running: service <C_RTime>, exitcode <0>
[2019-02-21 17:20:47][1772][INFO]service start running: service <C_Task>, exitcode <0>
[2019-02-24 14:40:55][1488][INFO]service start running: service <C_Media>, exitcode <0>
[2019-02-24 14:40:55][1488][INFO]service start running: service <C_Proxy>, exitcode <0>
[2019-02-24 14:40:55][1488][INFO]service start running: service <C_Forwd>, exitcode <0>
[2019-02-24 14:40:55][1488][INFO]service start running: service <C_RTime>, exitcode <0>
[2019-02-24 14:41:00][1488][INFO]service start running: service <C_Task>, exitcode <0>
[2019-02-24 17:21:22][1744][INFO]service start running: service <C_Media>, exitcode <0>
[2019-02-24 17:21:22][1744][INFO]service start running: service <C_Proxy>, exitcode <0>
[2019-02-24 17:21:22][1744][INFO]service start running: service <C_Forwd>, exitcode <0>
[2019-02-24 17:21:22][1744][INFO]service start running: service <C_RTime>, exitcode <0>
[2019-02-24 17:21:28][1744][INFO]service start running: service <C_Task>, exitcode <0>
[2019-02-25 12:25:15][1752][INFO]service start running: service <C_Media>, exitcode <0>
[2019-02-25 12:25:15][1752][INFO]service start running: service <C_Proxy>, exitcode <0>
[2019-02-25 12:25:15][1752][INFO]service start running: service <C_Forwd>, exitcode <0>
[2019-02-25 12:25:15][1752][INFO]service start running: service <C_RTime>, exitcode <0>
[2019-02-25 12:25:20][1752][INFO]service start running: service <C_Task>, exitcode <0>
[2019-02-25 18:38:22][680][INFO]service start running: service <C_Media>, exitcode <0>
[2019-02-25 18:38:22][680][INFO]service start running: service <C_Proxy>, exitcode <0>
[2019-02-25 18:38:22][680][INFO]service start running: service <C_Forwd>, exitcode <0>
[2019-02-25 18:38:22][680][INFO]service start running: service <C_RTime>, exitcode <0>
[2019-02-25 18:38:27][680][INFO]service start running: service <C_Task>, exitcode <0>
[2019-02-26 12:19:33][1660][INFO]service start running: service <C_Media>, exitcode <0>
[2019-02-26 12:19:33][1660][INFO]service start running: service <C_Proxy>, exitcode <0>
[2019-02-26 12:19:33][1660][INFO]service start running: service <C_Forwd>, exitcode <0>
[2019-02-26 12:19:33][1660][INFO]service start running: service <C_RTime>, exitcode <0>
[2019-02-26 12:19:38][1660][INFO]service start running: service <C_Task>, exitcode <0>
[2019-02-26 18:40:09][1740][INFO]service start running: service <C_Media>, exitcode <0>
[2019-02-26 18:40:09][1740][INFO]service start running: service <C_Proxy>, exitcode <0>
[2019-02-26 18:40:09][1740][INFO]service start running: service <C_Forwd>, exitcode <0>
[2019-02-26 18:40:09][1740][INFO]service start running: service <C_RTime>, exitcode <0>
[2019-02-26 18:40:14][1740][INFO]service start running: service <C_Task>, exitcode <0>
[2019-02-27 19:33:35][1752][INFO]service start running: service <C_Media>, exitcode <0>
[2019-02-27 19:33:35][1752][INFO]service start running: service <C_Proxy>, exitcode <0>
[2019-02-27 19:33:35][1752][INFO]service start running: service <C_Forwd>, exitcode <0>
[2019-02-27 19:33:35][1752][INFO]service start running: service <C_RTime>, exitcode <0>
[2019-02-27 19:33:40][1752][INFO]service start running: service <C_Task>, exitcode <0>
[2019-02-28 12:28:59][1744][INFO]service start running: service <C_Media>, exitcode <0>
[2019-02-28 12:28:59][1744][INFO]service start running: service <C_Proxy>, exitcode <0>
[2019-02-28 12:28:59][1744][INFO]service start running: service <C_Forwd>, exitcode <0>
[2019-02-28 12:28:59][1744][INFO]service start running: service <C_RTime>, exitcode <0>
[2019-02-28 12:29:04][1744][INFO]service start running: service <C_Task>, exitcode <0>
[2019-02-28 18:38:06][1516][INFO]service start running: service <C_Media>, exitcode <0>
[2019-02-28 18:38:06][1516][INFO]service start running: service <C_Proxy>, exitcode <0>
[2019-02-28 18:38:06][1516][INFO]service start running: service <C_Forwd>, exitcode <0>
[2019-02-28 18:38:06][1516][INFO]service start running: service <C_RTime>, exitcode <0>
[2019-02-28 18:38:11][1516][INFO]service start running: service <C_Task>, exitcode <0>
[2019-03-03 14:49:40][1732][INFO]service start running: service <C_Media>, exitcode <0>
[2019-03-03 14:49:40][1732][INFO]service start running: service <C_Proxy>, exitcode <0>
[2019-03-03 14:49:40][1732][INFO]service start running: service <C_Forwd>, exitcode <0>
[2019-03-03 14:49:40][1732][INFO]service start running: service <C_RTime>, exitcode <0>
[2019-03-03 14:49:45][1732][INFO]service start running: service <C_Task>, exitcode <0>
[2019-03-04 11:15:41][1184][INFO]service start running: service <C_Media>, exitcode <0>
[2019-03-04 11:15:41][1184][INFO]service start running: service <C_Proxy>, exitcode <0>
[2019-03-04 11:15:41][1184][INFO]service start running: service <C_Forwd>, exitcode <0>
[2019-03-04 11:15:41][1184][INFO]service start running: service <C_RTime>, exitcode <0>
[2019-03-04 11:15:46][1184][INFO]service start running: service <C_Task>, exitcode <0>
[2019-03-04 18:37:57][404][INFO]service start running: service <C_Media>, exitcode <0>
[2019-03-04 18:37:57][404][INFO]service start running: service <C_Proxy>, exitcode <0>
[2019-03-04 18:37:57][404][INFO]service start running: service <C_Forwd>, exitcode <0>
[2019-03-04 18:37:57][404][INFO]service start running: service <C_RTime>, exitcode <0>
[2019-03-04 18:38:02][404][INFO]service start running: service <C_Task>, exitcode <0>
[2019-03-05 12:03:17][680][INFO]service start running: service <C_Media>, exitcode <0>
[2019-03-05 12:03:17][680][INFO]service start running: service <C_Proxy>, exitcode <0>
[2019-03-05 12:03:17][680][INFO]service start running: service <C_Forwd>, exitcode <0>
[2019-03-05 12:03:17][680][INFO]service start running: service <C_RTime>, exitcode <0>
[2019-03-05 12:03:23][680][INFO]service start running: service <C_Task>, exitcode <0>
[2019-03-05 17:11:23][1744][INFO]service start running: service <C_Media>, exitcode <0>
[2019-03-05 17:11:23][1744][INFO]service start running: service <C_Proxy>, exitcode <0>
[2019-03-05 17:11:23][1744][INFO]service start running: service <C_Forwd>, exitcode <0>
[2019-03-05 17:11:23][1744][INFO]service start running: service <C_RTime>, exitcode <0>
[2019-03-05 17:11:29][1744][INFO]service start running: service <C_Task>, exitcode <0>
[2019-03-05 18:39:11][1476][INFO]service start running: service <C_Media>, exitcode <0>
[2019-03-05 18:39:11][1476][INFO]service start running: service <C_Proxy>, exitcode <0>
[2019-03-05 18:39:11][1476][INFO]service start running: service <C_Forwd>, exitcode <0>
[2019-03-05 18:39:11][1476][INFO]service start running: service <C_RTime>, exitcode <0>
[2019-03-05 18:39:16][1476][INFO]service start running: service <C_Task>, exitcode <0>
[2019-03-05 18:41:02][1216][INFO]service start running: service <C_Media>, exitcode <0>
[2019-03-05 18:41:02][1216][INFO]service start running: service <C_Proxy>, exitcode <0>
[2019-03-05 18:41:02][1216][INFO]service start running: service <C_Forwd>, exitcode <0>
[2019-03-05 18:41:02][1216][INFO]service start running: service <C_RTime>, exitcode <0>
[2019-03-05 18:41:07][1216][INFO]service start running: service <C_Task>, exitcode <0>
[2019-03-06 12:28:54][1588][INFO]service start running: service <C_Media>, exitcode <0>
[2019-03-06 12:28:54][1588][INFO]service start running: service <C_Proxy>, exitcode <0>
[2019-03-06 12:28:54][1588][INFO]service start running: service <C_Forwd>, exitcode <0>
[2019-03-06 12:28:54][1588][INFO]service start running: service <C_RTime>, exitcode <0>
[2019-03-06 12:28:59][1588][INFO]service start running: service <C_Task>, exitcode <0>
[2019-03-07 12:49:56][680][INFO]service start running: service <C_Media>, exitcode <0>
[2019-03-07 12:49:56][680][INFO]service start running: service <C_Proxy>, exitcode <0>
[2019-03-07 12:49:56][680][INFO]service start running: service <C_Forwd>, exitcode <0>
[2019-03-07 12:49:56][680][INFO]service start running: service <C_RTime>, exitcode <0>
[2019-03-07 12:50:01][680][INFO]service start running: service <C_Task>, exitcode <0>
[2019-03-07 19:32:53][620][INFO]service start running: service <C_Media>, exitcode <0>
[2019-03-07 19:32:53][620][INFO]service start running: service <C_Proxy>, exitcode <0>
[2019-03-07 19:32:53][620][INFO]service start running: service <C_Forwd>, exitcode <0>
[2019-03-07 19:32:53][620][INFO]service start running: service <C_RTime>, exitcode <0>
[2019-03-07 19:32:58][620][INFO]service start running: service <C_Task>, exitcode <0>
[2019-03-08 12:03:57][1488][INFO]service start running: service <C_Media>, exitcode <0>
[2019-03-08 12:03:57][1488][INFO]service start running: service <C_Proxy>, exitcode <0>
[2019-03-08 12:03:57][1488][INFO]service start running: service <C_Forwd>, exitcode <0>
[2019-03-08 12:03:57][1488][INFO]service start running: service <C_RTime>, exitcode <0>
[2019-03-08 12:04:02][1488][INFO]service start running: service <C_Task>, exitcode <0>
[2019-03-10 15:20:09][1600][INFO]service start running: service <C_Media>, exitcode <0>
[2019-03-10 15:20:09][1600][INFO]service start running: service <C_Proxy>, exitcode <0>
[2019-03-10 15:20:09][1600][INFO]service start running: service <C_Forwd>, exitcode <0>
[2019-03-10 15:20:09][1600][INFO]service start running: service <C_RTime>, exitcode <0>
[2019-03-10 15:20:14][1600][INFO]service start running: service <C_Task>, exitcode <0>
[2019-03-11 06:56:11][1728][INFO]service start running: service <C_Media>, exitcode <0>
[2019-03-11 06:56:11][1728][INFO]service start running: service <C_Proxy>, exitcode <0>
[2019-03-11 06:56:11][1728][INFO]service start running: service <C_Forwd>, exitcode <0>
[2019-03-11 06:56:11][1728][INFO]service start running: service <C_RTime>, exitcode <0>
[2019-03-11 06:56:16][1728][INFO]service start running: service <C_Task>, exitcode <0>
[2019-03-11 12:22:41][1780][INFO]service start running: service <C_Media>, exitcode <0>
[2019-03-11 12:22:41][1780][INFO]service start running: service <C_Proxy>, exitcode <0>
[2019-03-11 12:22:41][1780][INFO]service start running: service <C_Forwd>, exitcode <0>
[2019-03-11 12:22:41][1780][INFO]service start running: service <C_RTime>, exitcode <0>
[2019-03-11 12:22:46][1780][INFO]service start running: service <C_Task>, exitcode <0>
[2019-03-12 06:52:33][1748][INFO]service start running: service <C_Media>, exitcode <0>
[2019-03-12 06:52:33][1748][INFO]service start running: service <C_Proxy>, exitcode <0>
[2019-03-12 06:52:33][1748][INFO]service start running: service <C_Forwd>, exitcode <0>
[2019-03-12 06:52:33][1748][INFO]service start running: service <C_RTime>, exitcode <0>
[2019-03-12 06:52:38][1748][INFO]service start running: service <C_Task>, exitcode <0>
[2019-03-12 15:33:50][680][INFO]service start running: service <C_Media>, exitcode <0>
[2019-03-12 15:33:50][680][INFO]service start running: service <C_Proxy>, exitcode <0>
[2019-03-12 15:33:50][680][INFO]service start running: service <C_Forwd>, exitcode <0>
[2019-03-12 15:33:50][680][INFO]service start running: service <C_RTime>, exitcode <0>
[2019-03-12 15:33:55][680][INFO]service start running: service <C_Task>, exitcode <0>
[2019-03-12 18:38:30][1760][INFO]service start running: service <C_Media>, exitcode <0>
[2019-03-12 18:38:30][1760][INFO]service start running: service <C_Proxy>, exitcode <0>
[2019-03-12 18:38:30][1760][INFO]service start running: service <C_Forwd>, exitcode <0>
[2019-03-12 18:38:30][1760][INFO]service start running: service <C_RTime>, exitcode <0>
[2019-03-12 18:38:35][1760][INFO]service start running: service <C_Task>, exitcode <0>
[2019-03-13 12:16:07][1764][INFO]service start running: service <C_Media>, exitcode <0>
[2019-03-13 12:16:07][1764][INFO]service start running: service <C_Proxy>, exitcode <0>
[2019-03-13 12:16:07][1764][INFO]service start running: service <C_Forwd>, exitcode <0>
[2019-03-13 12:16:07][1764][INFO]service start running: service <C_RTime>, exitcode <0>
[2019-03-13 12:16:12][1764][INFO]service start running: service <C_Task>, exitcode <0>
[2019-03-14 13:02:33][1372][INFO]service start running: service <C_Media>, exitcode <0>
[2019-03-14 13:02:33][1372][INFO]service start running: service <C_Proxy>, exitcode <0>
[2019-03-14 13:02:33][1372][INFO]service start running: service <C_Forwd>, exitcode <0>
[2019-03-14 13:02:33][1372][INFO]service start running: service <C_RTime>, exitcode <0>
[2019-03-14 13:02:38][1372][INFO]service start running: service <C_Task>, exitcode <0>
[2019-03-14 18:27:10][1492][INFO]service start running: service <C_Media>, exitcode <0>
[2019-03-14 18:27:10][1492][INFO]service start running: service <C_Proxy>, exitcode <0>
[2019-03-14 18:27:10][1492][INFO]service start running: service <C_Forwd>, exitcode <0>
[2019-03-14 18:27:10][1492][INFO]service start running: service <C_RTime>, exitcode <0>
[2019-03-14 18:27:15][1492][INFO]service start running: service <C_Task>, exitcode <0>
[2019-03-17 15:10:09][1772][INFO]service start running: service <C_Media>, exitcode <0>
[2019-03-17 15:10:09][1772][INFO]service start running: service <C_Proxy>, exitcode <0>
[2019-03-17 15:10:09][1772][INFO]service start running: service <C_Forwd>, exitcode <0>
[2019-03-17 15:10:09][1772][INFO]service start running: service <C_RTime>, exitcode <0>
[2019-03-17 15:10:14][1772][INFO]service start running: service <C_Task>, exitcode <0>
[2019-03-18 06:56:21][1756][INFO]service start running: service <C_Media>, exitcode <0>
[2019-03-18 06:56:21][1756][INFO]service start running: service <C_Proxy>, exitcode <0>
[2019-03-18 06:56:21][1756][INFO]service start running: service <C_Forwd>, exitcode <0>
[2019-03-18 06:56:21][1756][INFO]service start running: service <C_RTime>, exitcode <0>
[2019-03-18 06:56:26][1756][INFO]service start running: service <C_Task>, exitcode <0>
[2019-03-19 09:58:02][1744][INFO]service start running: service <C_Media>, exitcode <0>
[2019-03-19 09:58:02][1744][INFO]service start running: service <C_Proxy>, exitcode <0>
[2019-03-19 09:58:02][1744][INFO]service start running: service <C_Forwd>, exitcode <0>
[2019-03-19 09:58:02][1744][INFO]service start running: service <C_RTime>, exitcode <0>
[2019-03-19 09:58:07][1744][INFO]service start running: service <C_Task>, exitcode <0>
[2019-03-19 12:03:51][1732][INFO]service start running: service <C_Media>, exitcode <0>
[2019-03-19 12:03:51][1732][INFO]service start running: service <C_Proxy>, exitcode <0>
[2019-03-19 12:03:51][1732][INFO]service start running: service <C_Forwd>, exitcode <0>
[2019-03-19 12:03:51][1732][INFO]service start running: service <C_RTime>, exitcode <0>
[2019-03-19 12:03:56][1732][INFO]service start running: service <C_Task>, exitcode <0>
[2019-03-19 17:58:18][1724][INFO]service start running: service <C_Media>, exitcode <0>
[2019-03-19 17:58:18][1724][INFO]service start running: service <C_Proxy>, exitcode <0>
[2019-03-19 17:58:18][1724][INFO]service start running: service <C_Forwd>, exitcode <0>
[2019-03-19 17:58:18][1724][INFO]service start running: service <C_RTime>, exitcode <0>
[2019-03-19 17:58:23][1724][INFO]service start running: service <C_Task>, exitcode <0>
[2019-03-20 12:16:29][1744][INFO]service start running: service <C_Media>, exitcode <0>
[2019-03-20 12:16:29][1744][INFO]service start running: service <C_Proxy>, exitcode <0>
[2019-03-20 12:16:29][1744][INFO]service start running: service <C_Forwd>, exitcode <0>
[2019-03-20 12:16:29][1744][INFO]service start running: service <C_RTime>, exitcode <0>
[2019-03-20 12:16:35][1744][INFO]service start running: service <C_Task>, exitcode <0>
[2019-03-20 19:33:11][1748][INFO]service start running: service <C_Media>, exitcode <0>
[2019-03-20 19:33:11][1748][INFO]service start running: service <C_Proxy>, exitcode <0>
[2019-03-20 19:33:11][1748][INFO]service start running: service <C_Forwd>, exitcode <0>
[2019-03-20 19:33:11][1748][INFO]service start running: service <C_RTime>, exitcode <0>
[2019-03-20 19:33:16][1748][INFO]service start running: service <C_Task>, exitcode <0>
[2019-03-21 12:08:15][1488][INFO]service start running: service <C_Media>, exitcode <0>
[2019-03-21 12:08:15][1488][INFO]service start running: service <C_Proxy>, exitcode <0>
[2019-03-21 12:08:15][1488][INFO]service start running: service <C_Forwd>, exitcode <0>
[2019-03-21 12:08:15][1488][INFO]service start running: service <C_RTime>, exitcode <0>
[2019-03-21 12:08:20][1488][INFO]service start running: service <C_Task>, exitcode <0>
[2019-03-24 15:11:12][1824][INFO]service start running: service <C_Media>, exitcode <0>
[2019-03-24 15:11:12][1824][INFO]service start running: service <C_Proxy>, exitcode <0>
[2019-03-24 15:11:12][1824][INFO]service start running: service <C_Forwd>, exitcode <0>
[2019-03-24 15:11:12][1824][INFO]service start running: service <C_RTime>, exitcode <0>
[2019-03-24 15:11:17][1824][INFO]service start running: service <C_Task>, exitcode <0>
[2019-03-25 06:40:00][1476][INFO]service start running: service <C_Media>, exitcode <0>
[2019-03-25 06:40:00][1476][INFO]service start running: service <C_Proxy>, exitcode <0>
[2019-03-25 06:40:00][1476][INFO]service start running: service <C_Forwd>, exitcode <0>
[2019-03-25 06:40:00][1476][INFO]service start running: service <C_RTime>, exitcode <0>
[2019-03-25 06:40:05][1476][INFO]service start running: service <C_Task>, exitcode <0>
[2019-03-25 12:35:38][1532][INFO]service start running: service <C_Media>, exitcode <0>
[2019-03-25 12:35:38][1532][INFO]service start running: service <C_Proxy>, exitcode <0>
[2019-03-25 12:35:38][1532][INFO]service start running: service <C_Forwd>, exitcode <0>
[2019-03-25 12:35:38][1532][INFO]service start running: service <C_RTime>, exitcode <0>
[2019-03-25 12:35:43][1532][INFO]service start running: service <C_Task>, exitcode <0>
[2019-03-25 17:36:07][1476][INFO]service start running: service <C_Media>, exitcode <0>
[2019-03-25 17:36:07][1476][INFO]service start running: service <C_Proxy>, exitcode <0>
[2019-03-25 17:36:07][1476][INFO]service start running: service <C_Forwd>, exitcode <0>
[2019-03-25 17:36:07][1476][INFO]service start running: service <C_RTime>, exitcode <0>
[2019-03-25 17:36:13][1476][INFO]service start running: service <C_Task>, exitcode <0>
[2019-03-25 19:34:18][1472][INFO]service start running: service <C_Media>, exitcode <0>
[2019-03-25 19:34:18][1472][INFO]service start running: service <C_Proxy>, exitcode <0>
[2019-03-25 19:34:18][1472][INFO]service start running: service <C_Forwd>, exitcode <0>
[2019-03-25 19:34:18][1472][INFO]service start running: service <C_RTime>, exitcode <0>
[2019-03-25 19:34:23][1472][INFO]service start running: service <C_Task>, exitcode <0>
[2019-03-26 12:18:22][1724][INFO]service start running: service <C_Media>, exitcode <0>
[2019-03-26 12:18:22][1724][INFO]service start running: service <C_Proxy>, exitcode <0>
[2019-03-26 12:18:22][1724][INFO]service start running: service <C_Forwd>, exitcode <0>
[2019-03-26 12:18:22][1724][INFO]service start running: service <C_RTime>, exitcode <0>
[2019-03-26 12:18:28][1724][INFO]service start running: service <C_Task>, exitcode <0>
[2019-03-27 21:23:14][1472][INFO]service start running: service <C_Media>, exitcode <0>
[2019-03-27 21:23:14][1472][INFO]service start running: service <C_Proxy>, exitcode <0>
[2019-03-27 21:23:14][1472][INFO]service start running: service <C_Forwd>, exitcode <0>
[2019-03-27 21:23:14][1472][INFO]service start running: service <C_RTime>, exitcode <0>
[2019-03-27 21:23:19][1472][INFO]service start running: service <C_Task>, exitcode <0>
[2019-03-28 18:38:04][1748][INFO]service start running: service <C_Media>, exitcode <0>
[2019-03-28 18:38:04][1748][INFO]service start running: service <C_Proxy>, exitcode <0>
[2019-03-28 18:38:04][1748][INFO]service start running: service <C_Forwd>, exitcode <0>
[2019-03-28 18:38:04][1748][INFO]service start running: service <C_RTime>, exitcode <0>
[2019-03-28 18:38:09][1748][INFO]service start running: service <C_Task>, exitcode <0>
[2019-03-31 15:07:52][1748][INFO]service start running: service <C_Media>, exitcode <0>
[2019-03-31 15:07:52][1748][INFO]service start running: service <C_Proxy>, exitcode <0>
[2019-03-31 15:07:52][1748][INFO]service start running: service <C_Forwd>, exitcode <0>
[2019-03-31 15:07:52][1748][INFO]service start running: service <C_RTime>, exitcode <0>
[2019-03-31 15:07:57][1748][INFO]service start running: service <C_Task>, exitcode <0>
[2019-04-01 12:33:52][1516][INFO]service start running: service <C_Media>, exitcode <0>
[2019-04-01 12:33:52][1516][INFO]service start running: service <C_Proxy>, exitcode <0>
[2019-04-01 12:33:52][1516][INFO]service start running: service <C_Forwd>, exitcode <0>
[2019-04-01 12:33:52][1516][INFO]service start running: service <C_RTime>, exitcode <0>
[2019-04-01 12:33:57][1516][INFO]service start running: service <C_Task>, exitcode <0>
[2019-04-01 18:38:20][1736][INFO]service start running: service <C_Media>, exitcode <0>
[2019-04-01 18:38:20][1736][INFO]service start running: service <C_Proxy>, exitcode <0>
[2019-04-01 18:38:20][1736][INFO]service start running: service <C_Forwd>, exitcode <0>
[2019-04-01 18:38:20][1736][INFO]service start running: service <C_RTime>, exitcode <0>
[2019-04-01 18:38:26][1736][INFO]service start running: service <C_Task>, exitcode <0>
[2019-04-02 09:03:47][1776][INFO]service start running: service <C_Media>, exitcode <0>
[2019-04-02 09:03:47][1776][INFO]service start running: service <C_Proxy>, exitcode <0>
[2019-04-02 09:03:47][1776][INFO]service start running: service <C_Forwd>, exitcode <0>
[2019-04-02 09:03:47][1776][INFO]service start running: service <C_RTime>, exitcode <0>
[2019-04-02 09:03:52][1776][INFO]service start running: service <C_Task>, exitcode <0>
[2019-04-02 09:55:31][480][INFO]service start running: service <C_Media>, exitcode <0>
[2019-04-02 09:55:31][480][INFO]service start running: service <C_Proxy>, exitcode <0>
[2019-04-02 09:55:31][480][INFO]service start running: service <C_Forwd>, exitcode <0>
[2019-04-02 09:55:31][480][INFO]service start running: service <C_RTime>, exitcode <0>
[2019-04-02 09:55:36][480][INFO]service start running: service <C_Task>, exitcode <0>
[2019-04-02 12:15:57][1772][INFO]service start running: service <C_Media>, exitcode <0>
[2019-04-02 12:15:57][1772][INFO]service start running: service <C_Proxy>, exitcode <0>
[2019-04-02 12:15:57][1772][INFO]service start running: service <C_Forwd>, exitcode <0>
[2019-04-02 12:15:57][1772][INFO]service start running: service <C_RTime>, exitcode <0>
[2019-04-02 12:16:02][1772][INFO]service start running: service <C_Task>, exitcode <0>
[2019-04-02 15:35:17][676][INFO]service start running: service <C_Media>, exitcode <0>
[2019-04-02 15:35:17][676][INFO]service start running: service <C_Proxy>, exitcode <0>
[2019-04-02 15:35:17][676][INFO]service start running: service <C_Forwd>, exitcode <0>
[2019-04-02 15:35:17][676][INFO]service start running: service <C_RTime>, exitcode <0>
[2019-04-02 15:35:22][676][INFO]service start running: service <C_Task>, exitcode <0>
[2019-04-02 18:40:09][1760][INFO]service start running: service <C_Media>, exitcode <0>
[2019-04-02 18:40:09][1760][INFO]service start running: service <C_Proxy>, exitcode <0>
[2019-04-02 18:40:09][1760][INFO]service start running: service <C_Forwd>, exitcode <0>
[2019-04-02 18:40:09][1760][INFO]service start running: service <C_RTime>, exitcode <0>
[2019-04-02 18:40:14][1760][INFO]service start running: service <C_Task>, exitcode <0>
[2019-04-03 12:26:32][1644][INFO]service start running: service <C_Media>, exitcode <0>
[2019-04-03 12:26:32][1644][INFO]service start running: service <C_Proxy>, exitcode <0>
[2019-04-03 12:26:32][1644][INFO]service start running: service <C_Forwd>, exitcode <0>
[2019-04-03 12:26:32][1644][INFO]service start running: service <C_RTime>, exitcode <0>
[2019-04-03 12:26:37][1644][INFO]service start running: service <C_Task>, exitcode <0>
[2019-04-04 06:51:40][788][INFO]service start running: service <C_Media>, exitcode <0>
[2019-04-04 06:51:40][788][INFO]service start running: service <C_Proxy>, exitcode <0>
[2019-04-04 06:51:40][788][INFO]service start running: service <C_Forwd>, exitcode <0>
[2019-04-04 06:51:40][788][INFO]service start running: service <C_RTime>, exitcode <0>
[2019-04-04 06:51:45][788][INFO]service start running: service <C_Task>, exitcode <0>
[2019-04-07 18:38:33][1608][INFO]service start running: service <C_Media>, exitcode <0>
[2019-04-07 18:38:33][1608][INFO]service start running: service <C_Proxy>, exitcode <0>
[2019-04-07 18:38:33][1608][INFO]service start running: service <C_Forwd>, exitcode <0>
[2019-04-07 18:38:33][1608][INFO]service start running: service <C_RTime>, exitcode <0>
[2019-04-07 18:38:38][1608][INFO]service start running: service <C_Task>, exitcode <0>
[2019-04-09 06:53:17][616][INFO]service start running: service <C_Media>, exitcode <0>
[2019-04-09 06:53:17][616][INFO]service start running: service <C_Proxy>, exitcode <0>
[2019-04-09 06:53:17][616][INFO]service start running: service <C_Forwd>, exitcode <0>
[2019-04-09 06:53:17][616][INFO]service start running: service <C_RTime>, exitcode <0>
[2019-04-09 06:53:22][616][INFO]service start running: service <C_Task>, exitcode <0>
[2019-04-09 12:22:44][1744][INFO]service start running: service <C_Media>, exitcode <0>
[2019-04-09 12:22:44][1744][INFO]service start running: service <C_Proxy>, exitcode <0>
[2019-04-09 12:22:44][1744][INFO]service start running: service <C_Forwd>, exitcode <0>
[2019-04-09 12:22:44][1744][INFO]service start running: service <C_RTime>, exitcode <0>
[2019-04-09 12:22:49][1744][INFO]service start running: service <C_Task>, exitcode <0>
[2019-04-09 15:35:59][1520][INFO]service start running: service <C_Media>, exitcode <0>
[2019-04-09 15:35:59][1520][INFO]service start running: service <C_Proxy>, exitcode <0>
[2019-04-09 15:35:59][1520][INFO]service start running: service <C_Forwd>, exitcode <0>
[2019-04-09 15:35:59][1520][INFO]service start running: service <C_RTime>, exitcode <0>
[2019-04-09 15:36:04][1520][INFO]service start running: service <C_Task>, exitcode <0>
[2019-04-09 19:34:00][1784][INFO]service start running: service <C_Media>, exitcode <0>
[2019-04-09 19:34:00][1784][INFO]service start running: service <C_Proxy>, exitcode <0>
[2019-04-09 19:34:00][1784][INFO]service start running: service <C_Forwd>, exitcode <0>
[2019-04-09 19:34:00][1784][INFO]service start running: service <C_RTime>, exitcode <0>
[2019-04-09 19:34:05][1784][INFO]service start running: service <C_Task>, exitcode <0>
[2019-04-10 17:35:00][1756][INFO]service start running: service <C_Media>, exitcode <0>
[2019-04-10 17:35:00][1756][INFO]service start running: service <C_Proxy>, exitcode <0>
[2019-04-10 17:35:00][1756][INFO]service start running: service <C_Forwd>, exitcode <0>
[2019-04-10 17:35:00][1756][INFO]service start running: service <C_RTime>, exitcode <0>
[2019-04-10 17:35:06][1756][INFO]service start running: service <C_Task>, exitcode <0>
[2019-04-14 16:51:35][1720][INFO]service start running: service <C_Media>, exitcode <0>
[2019-04-14 16:51:35][1720][INFO]service start running: service <C_Proxy>, exitcode <0>
[2019-04-14 16:51:35][1720][INFO]service start running: service <C_Forwd>, exitcode <0>
[2019-04-14 16:51:35][1720][INFO]service start running: service <C_RTime>, exitcode <0>
[2019-04-14 16:51:40][1720][INFO]service start running: service <C_Task>, exitcode <0>
[2019-04-15 12:30:21][1684][INFO]service start running: service <C_Media>, exitcode <0>
[2019-04-15 12:30:21][1684][INFO]service start running: service <C_Proxy>, exitcode <0>
[2019-04-15 12:30:21][1684][INFO]service start running: service <C_Forwd>, exitcode <0>
[2019-04-15 12:30:21][1684][INFO]service start running: service <C_RTime>, exitcode <0>
[2019-04-15 12:30:26][1684][INFO]service start running: service <C_Task>, exitcode <0>
[2019-04-16 10:08:13][1568][INFO]service start running: service <C_Media>, exitcode <0>
[2019-04-16 10:08:13][1568][INFO]service start running: service <C_Proxy>, exitcode <0>
[2019-04-16 10:08:13][1568][INFO]service start running: service <C_Forwd>, exitcode <0>
[2019-04-16 10:08:13][1568][INFO]service start running: service <C_RTime>, exitcode <0>
[2019-04-16 10:08:18][1568][INFO]service start running: service <C_Task>, exitcode <0>
[2019-04-17 12:17:20][1448][INFO]service start running: service <C_Media>, exitcode <0>
[2019-04-17 12:17:20][1448][INFO]service start running: service <C_Proxy>, exitcode <0>
[2019-04-17 12:17:20][1448][INFO]service start running: service <C_Forwd>, exitcode <0>
[2019-04-17 12:17:20][1448][INFO]service start running: service <C_RTime>, exitcode <0>
[2019-04-17 12:17:25][1448][INFO]service start running: service <C_Task>, exitcode <0>
[2019-04-18 21:27:51][1764][INFO]service start running: service <C_Media>, exitcode <0>
[2019-04-18 21:27:51][1764][INFO]service start running: service <C_Proxy>, exitcode <0>
[2019-04-18 21:27:51][1764][INFO]service start running: service <C_Forwd>, exitcode <0>
[2019-04-18 21:27:51][1764][INFO]service start running: service <C_RTime>, exitcode <0>
[2019-04-18 21:27:56][1764][INFO]service start running: service <C_Task>, exitcode <0>
[2019-04-22 19:34:08][1756][INFO]service start running: service <C_Media>, exitcode <0>
[2019-04-22 19:34:08][1756][INFO]service start running: service <C_Proxy>, exitcode <0>
[2019-04-22 19:34:08][1756][INFO]service start running: service <C_Forwd>, exitcode <0>
[2019-04-22 19:34:08][1756][INFO]service start running: service <C_RTime>, exitcode <0>
[2019-04-22 19:34:13][1756][INFO]service start running: service <C_Task>, exitcode <0>
[2019-04-23 12:32:49][1724][INFO]service start running: service <C_Media>, exitcode <0>
[2019-04-23 12:32:49][1724][INFO]service start running: service <C_Proxy>, exitcode <0>
[2019-04-23 12:32:49][1724][INFO]service start running: service <C_Forwd>, exitcode <0>
[2019-04-23 12:32:49][1724][INFO]service start running: service <C_RTime>, exitcode <0>
[2019-04-23 12:32:55][1724][INFO]service start running: service <C_Task>, exitcode <0>
[2019-04-23 18:41:05][1744][INFO]service start running: service <C_Media>, exitcode <0>
[2019-04-23 18:41:05][1744][INFO]service start running: service <C_Proxy>, exitcode <0>
[2019-04-23 18:41:05][1744][INFO]service start running: service <C_Forwd>, exitcode <0>
[2019-04-23 18:41:05][1744][INFO]service start running: service <C_RTime>, exitcode <0>
[2019-04-23 18:41:10][1744][INFO]service start running: service <C_Task>, exitcode <0>
[2019-04-24 11:53:14][1736][INFO]service start running: service <C_Media>, exitcode <0>
[2019-04-24 11:53:14][1736][INFO]service start running: service <C_Proxy>, exitcode <0>
[2019-04-24 11:53:14][1736][INFO]service start running: service <C_Forwd>, exitcode <0>
[2019-04-24 11:53:14][1736][INFO]service start running: service <C_RTime>, exitcode <0>
[2019-04-24 11:53:19][1736][INFO]service start running: service <C_Task>, exitcode <0>
[2019-04-25 10:08:24][404][INFO]service start running: service <C_Media>, exitcode <0>
[2019-04-25 10:08:24][404][INFO]service start running: service <C_Proxy>, exitcode <0>
[2019-04-25 10:08:24][404][INFO]service start running: service <C_Forwd>, exitcode <0>
[2019-04-25 10:08:24][404][INFO]service start running: service <C_RTime>, exitcode <0>
[2019-04-25 10:08:29][404][INFO]service start running: service <C_Task>, exitcode <0>
[2019-04-27 21:29:57][1180][INFO]service start running: service <C_Media>, exitcode <0>
[2019-04-27 21:29:57][1180][INFO]service start running: service <C_Proxy>, exitcode <0>
[2019-04-27 21:29:57][1180][INFO]service start running: service <C_Forwd>, exitcode <0>
[2019-04-27 21:29:57][1180][INFO]service start running: service <C_RTime>, exitcode <0>
[2019-04-27 21:30:02][1180][INFO]service start running: service <C_Task>, exitcode <0>
[2019-04-28 18:39:17][1608][INFO]service start running: service <C_Media>, exitcode <0>
[2019-04-28 18:39:17][1608][INFO]service start running: service <C_Proxy>, exitcode <0>
[2019-04-28 18:39:17][1608][INFO]service start running: service <C_Forwd>, exitcode <0>
[2019-04-28 18:39:17][1608][INFO]service start running: service <C_RTime>, exitcode <0>
[2019-04-28 18:39:23][1608][INFO]service start running: service <C_Task>, exitcode <0>
[2019-04-29 09:55:13][1756][INFO]service start running: service <C_Media>, exitcode <0>
[2019-04-29 09:55:13][1756][INFO]service start running: service <C_Proxy>, exitcode <0>
[2019-04-29 09:55:13][1756][INFO]service start running: service <C_Forwd>, exitcode <0>
[2019-04-29 09:55:13][1756][INFO]service start running: service <C_RTime>, exitcode <0>
[2019-04-29 09:55:18][1756][INFO]service start running: service <C_Task>, exitcode <0>
[2019-04-29 17:23:32][1740][INFO]service start running: service <C_Media>, exitcode <0>
[2019-04-29 17:23:32][1740][INFO]service start running: service <C_Proxy>, exitcode <0>
[2019-04-29 17:23:32][1740][INFO]service start running: service <C_Forwd>, exitcode <0>
[2019-04-29 17:23:32][1740][INFO]service start running: service <C_RTime>, exitcode <0>
[2019-04-29 17:23:37][1740][INFO]service start running: service <C_Task>, exitcode <0>
[2019-04-30 13:15:07][792][INFO]service start running: service <C_Media>, exitcode <0>
[2019-04-30 13:15:07][792][INFO]service start running: service <C_Proxy>, exitcode <0>
[2019-04-30 13:15:07][792][INFO]service start running: service <C_Forwd>, exitcode <0>
[2019-04-30 13:15:07][792][INFO]service start running: service <C_RTime>, exitcode <0>
[2019-04-30 13:15:12][792][INFO]service start running: service <C_Task>, exitcode <0>
[2019-05-04 15:01:20][404][INFO]service start running: service <C_Media>, exitcode <0>
[2019-05-04 15:01:20][404][INFO]service start running: service <C_Proxy>, exitcode <0>
[2019-05-04 15:01:20][404][INFO]service start running: service <C_Forwd>, exitcode <0>
[2019-05-04 15:01:20][404][INFO]service start running: service <C_RTime>, exitcode <0>
[2019-05-04 15:01:25][404][INFO]service start running: service <C_Task>, exitcode <0>
[2019-05-07 19:46:13][1268][INFO]service start running: service <C_Media>, exitcode <0>
[2019-05-07 19:46:13][1268][INFO]service start running: service <C_Proxy>, exitcode <0>
[2019-05-07 19:46:13][1268][INFO]service start running: service <C_Forwd>, exitcode <0>
[2019-05-07 19:46:13][1268][INFO]service start running: service <C_RTime>, exitcode <0>
[2019-05-07 19:46:18][1268][INFO]service start running: service <C_Task>, exitcode <0>
[2019-05-08 13:38:43][1748][INFO]service start running: service <C_Media>, exitcode <0>
[2019-05-08 13:38:43][1748][INFO]service start running: service <C_Proxy>, exitcode <0>
[2019-05-08 13:38:43][1748][INFO]service start running: service <C_Forwd>, exitcode <0>
[2019-05-08 13:38:43][1748][INFO]service start running: service <C_RTime>, exitcode <0>
[2019-05-08 13:38:48][1748][INFO]service start running: service <C_Task>, exitcode <0>
[2019-05-08 19:43:43][1792][INFO]service start running: service <C_Media>, exitcode <0>
[2019-05-08 19:43:43][1792][INFO]service start running: service <C_Proxy>, exitcode <0>
[2019-05-08 19:43:43][1792][INFO]service start running: service <C_Forwd>, exitcode <0>
[2019-05-08 19:43:43][1792][INFO]service start running: service <C_RTime>, exitcode <0>
[2019-05-08 19:43:49][1792][INFO]service start running: service <C_Task>, exitcode <0>
[2019-05-12 15:06:06][1736][INFO]service start running: service <C_Media>, exitcode <0>
[2019-05-12 15:06:06][1736][INFO]service start running: service <C_Proxy>, exitcode <0>
[2019-05-12 15:06:06][1736][INFO]service start running: service <C_Forwd>, exitcode <0>
[2019-05-12 15:06:06][1736][INFO]service start running: service <C_RTime>, exitcode <0>
[2019-05-12 15:06:11][1736][INFO]service start running: service <C_Task>, exitcode <0>
[2019-05-13 12:30:13][1772][INFO]service start running: service <C_Media>, exitcode <0>
[2019-05-13 12:30:13][1772][INFO]service start running: service <C_Proxy>, exitcode <0>
[2019-05-13 12:30:13][1772][INFO]service start running: service <C_Forwd>, exitcode <0>
[2019-05-13 12:30:13][1772][INFO]service start running: service <C_RTime>, exitcode <0>
[2019-05-13 12:30:19][1772][INFO]service start running: service <C_Task>, exitcode <0>
[2019-05-14 12:12:48][1764][INFO]service start running: service <C_Media>, exitcode <0>
[2019-05-14 12:12:48][1764][INFO]service start running: service <C_Proxy>, exitcode <0>
[2019-05-14 12:12:48][1764][INFO]service start running: service <C_Forwd>, exitcode <0>
[2019-05-14 12:12:48][1764][INFO]service start running: service <C_RTime>, exitcode <0>
[2019-05-14 12:12:53][1764][INFO]service start running: service <C_Task>, exitcode <0>
[2019-05-14 20:15:57][1768][INFO]service start running: service <C_Media>, exitcode <0>
[2019-05-14 20:15:57][1768][INFO]service start running: service <C_Proxy>, exitcode <0>
[2019-05-14 20:15:57][1768][INFO]service start running: service <C_Forwd>, exitcode <0>
[2019-05-14 20:15:57][1768][INFO]service start running: service <C_RTime>, exitcode <0>
[2019-05-14 20:16:03][1768][INFO]service start running: service <C_Task>, exitcode <0>
[2019-05-15 19:44:35][1756][INFO]service start running: service <C_Media>, exitcode <0>
[2019-05-15 19:44:35][1756][INFO]service start running: service <C_Proxy>, exitcode <0>
[2019-05-15 19:44:35][1756][INFO]service start running: service <C_Forwd>, exitcode <0>
[2019-05-15 19:44:35][1756][INFO]service start running: service <C_RTime>, exitcode <0>
[2019-05-15 19:44:40][1756][INFO]service start running: service <C_Task>, exitcode <0>
[2019-05-16 16:09:05][1816][INFO]service start running: service <C_Media>, exitcode <0>
[2019-05-16 16:09:05][1816][INFO]service start running: service <C_Proxy>, exitcode <0>
[2019-05-16 16:09:05][1816][INFO]service start running: service <C_Forwd>, exitcode <0>
[2019-05-16 16:09:05][1816][INFO]service start running: service <C_RTime>, exitcode <0>
[2019-05-16 16:09:10][1816][INFO]service start running: service <C_Task>, exitcode <0>
[2019-05-20 12:33:43][1472][INFO]service start running: service <C_Media>, exitcode <0>
[2019-05-20 12:33:43][1472][INFO]service start running: service <C_Proxy>, exitcode <0>
[2019-05-20 12:33:43][1472][INFO]service start running: service <C_Forwd>, exitcode <0>
[2019-05-20 12:33:43][1472][INFO]service start running: service <C_RTime>, exitcode <0>
[2019-05-20 12:33:48][1472][INFO]service start running: service <C_Task>, exitcode <0>
[2019-05-21 12:29:38][1728][INFO]service start running: service <C_Media>, exitcode <0>
[2019-05-21 12:29:38][1728][INFO]service start running: service <C_Proxy>, exitcode <0>
[2019-05-21 12:29:38][1728][INFO]service start running: service <C_Forwd>, exitcode <0>
[2019-05-21 12:29:38][1728][INFO]service start running: service <C_RTime>, exitcode <0>
[2019-05-21 12:29:43][1728][INFO]service start running: service <C_Task>, exitcode <0>
[2019-05-22 06:42:49][1744][INFO]service start running: service <C_Media>, exitcode <0>
[2019-05-22 06:42:49][1744][INFO]service start running: service <C_Proxy>, exitcode <0>
[2019-05-22 06:42:49][1744][INFO]service start running: service <C_Forwd>, exitcode <0>
[2019-05-22 06:42:49][1744][INFO]service start running: service <C_RTime>, exitcode <0>
[2019-05-22 06:42:54][1744][INFO]service start running: service <C_Task>, exitcode <0>
[2019-05-26 21:30:13][1732][INFO]service start running: service <C_Media>, exitcode <0>
[2019-05-26 21:30:13][1732][INFO]service start running: service <C_Proxy>, exitcode <0>
[2019-05-26 21:30:13][1732][INFO]service start running: service <C_Forwd>, exitcode <0>
[2019-05-26 21:30:13][1732][INFO]service start running: service <C_RTime>, exitcode <0>
[2019-05-26 21:30:18][1732][INFO]service start running: service <C_Task>, exitcode <0>
[2019-05-28 12:46:36][1704][INFO]service start running: service <C_Media>, exitcode <0>
[2019-05-28 12:46:36][1704][INFO]service start running: service <C_Proxy>, exitcode <0>
[2019-05-28 12:46:36][1704][INFO]service start running: service <C_Forwd>, exitcode <0>
[2019-05-28 12:46:36][1704][INFO]service start running: service <C_RTime>, exitcode <0>
[2019-05-28 12:46:41][1704][INFO]service start running: service <C_Task>, exitcode <0>
[2019-06-02 16:54:05][1740][INFO]service start running: service <C_Media>, exitcode <0>
[2019-06-02 16:54:05][1740][INFO]service start running: service <C_Proxy>, exitcode <0>
[2019-06-02 16:54:05][1740][INFO]service start running: service <C_Forwd>, exitcode <0>
[2019-06-02 16:54:05][1740][INFO]service start running: service <C_RTime>, exitcode <0>
[2019-06-02 16:54:10][1740][INFO]service start running: service <C_Task>, exitcode <0>
[2019-06-04 12:06:36][1764][INFO]service start running: service <C_Media>, exitcode <0>
[2019-06-04 12:06:36][1764][INFO]service start running: service <C_Proxy>, exitcode <0>
[2019-06-04 12:06:36][1764][INFO]service start running: service <C_Forwd>, exitcode <0>
[2019-06-04 12:06:36][1764][INFO]service start running: service <C_RTime>, exitcode <0>
[2019-06-04 12:06:41][1764][INFO]service start running: service <C_Task>, exitcode <0>
[2019-06-05 12:03:57][680][INFO]service start running: service <C_Media>, exitcode <0>
[2019-06-05 12:03:57][680][INFO]service start running: service <C_Proxy>, exitcode <0>
[2019-06-05 12:03:57][680][INFO]service start running: service <C_Forwd>, exitcode <0>
[2019-06-05 12:03:57][680][INFO]service start running: service <C_RTime>, exitcode <0>
[2019-06-05 12:04:02][680][INFO]service start running: service <C_Task>, exitcode <0>
[2019-06-14 11:38:18][1748][INFO]service start running: service <C_Media>, exitcode <0>
[2019-06-14 11:38:18][1748][INFO]service start running: service <C_Proxy>, exitcode <0>
[2019-06-14 11:38:18][1748][INFO]service start running: service <C_Forwd>, exitcode <0>
[2019-06-14 11:38:18][1748][INFO]service start running: service <C_RTime>, exitcode <0>
[2019-06-14 11:38:23][1748][INFO]service start running: service <C_Task>, exitcode <0>
[2019-06-16 16:32:52][1508][INFO]service start running: service <C_Media>, exitcode <0>
[2019-06-16 16:32:52][1508][INFO]service start running: service <C_Proxy>, exitcode <0>
[2019-06-16 16:32:52][1508][INFO]service start running: service <C_Forwd>, exitcode <0>
[2019-06-16 16:32:52][1508][INFO]service start running: service <C_RTime>, exitcode <0>
[2019-06-16 16:32:57][1508][INFO]service start running: service <C_Task>, exitcode <0>
[2019-06-17 13:44:03][1752][INFO]service start running: service <C_Media>, exitcode <0>
[2019-06-17 13:44:03][1752][INFO]service start running: service <C_Proxy>, exitcode <0>
[2019-06-17 13:44:03][1752][INFO]service start running: service <C_Forwd>, exitcode <0>
[2019-06-17 13:44:03][1752][INFO]service start running: service <C_RTime>, exitcode <0>
[2019-06-17 13:44:08][1752][INFO]service start running: service <C_Task>, exitcode <0>
[2019-06-18 09:09:31][1508][INFO]service start running: service <C_Media>, exitcode <0>
[2019-06-18 09:09:31][1508][INFO]service start running: service <C_Proxy>, exitcode <0>
[2019-06-18 09:09:31][1508][INFO]service start running: service <C_Forwd>, exitcode <0>
[2019-06-18 09:09:31][1508][INFO]service start running: service <C_RTime>, exitcode <0>
[2019-06-18 09:09:36][1508][INFO]service start running: service <C_Task>, exitcode <0>
[2019-06-18 12:09:14][1752][INFO]service start running: service <C_Media>, exitcode <0>
[2019-06-18 12:09:14][1752][INFO]service start running: service <C_Proxy>, exitcode <0>
[2019-06-18 12:09:14][1752][INFO]service start running: service <C_Forwd>, exitcode <0>
[2019-06-18 12:09:14][1752][INFO]service start running: service <C_RTime>, exitcode <0>
[2019-06-18 12:09:19][1752][INFO]service start running: service <C_Task>, exitcode <0>
[2019-06-19 09:18:04][1760][INFO]service start running: service <C_Media>, exitcode <0>
[2019-06-19 09:18:04][1760][INFO]service start running: service <C_Proxy>, exitcode <0>
[2019-06-19 09:18:04][1760][INFO]service start running: service <C_Forwd>, exitcode <0>
[2019-06-19 09:18:04][1760][INFO]service start running: service <C_RTime>, exitcode <0>
[2019-06-19 09:18:09][1760][INFO]service start running: service <C_Task>, exitcode <0>
[2019-06-19 13:50:32][1748][INFO]service start running: service <C_Media>, exitcode <0>
[2019-06-19 13:50:32][1748][INFO]service start running: service <C_Proxy>, exitcode <0>
[2019-06-19 13:50:32][1748][INFO]service start running: service <C_Forwd>, exitcode <0>
[2019-06-19 13:50:32][1748][INFO]service start running: service <C_RTime>, exitcode <0>
[2019-06-19 13:50:37][1748][INFO]service start running: service <C_Task>, exitcode <0>
[2019-06-19 20:33:41][1732][INFO]service start running: service <C_Media>, exitcode <0>
[2019-06-19 20:33:41][1732][INFO]service start running: service <C_Proxy>, exitcode <0>
[2019-06-19 20:33:41][1732][INFO]service start running: service <C_Forwd>, exitcode <0>
[2019-06-19 20:33:41][1732][INFO]service start running: service <C_RTime>, exitcode <0>
[2019-06-19 20:33:47][1732][INFO]service start running: service <C_Task>, exitcode <0>
[2019-06-20 13:58:42][732][INFO]service start running: service <C_Media>, exitcode <0>
[2019-06-20 13:58:42][732][INFO]service start running: service <C_Proxy>, exitcode <0>
[2019-06-20 13:58:42][732][INFO]service start running: service <C_Forwd>, exitcode <0>
[2019-06-20 13:58:42][732][INFO]service start running: service <C_RTime>, exitcode <0>
[2019-06-20 13:58:48][732][INFO]service start running: service <C_Task>, exitcode <0>
[2019-06-20 15:58:51][564][INFO]service start running: service <C_Media>, exitcode <0>
[2019-06-20 15:58:51][564][INFO]service start running: service <C_Proxy>, exitcode <0>
[2019-06-20 15:58:51][564][INFO]service start running: service <C_Forwd>, exitcode <0>
[2019-06-20 15:58:51][564][INFO]service start running: service <C_RTime>, exitcode <0>
[2019-06-20 15:58:56][564][INFO]service start running: service <C_Task>, exitcode <0>
[2019-06-23 14:41:54][1756][INFO]service start running: service <C_Media>, exitcode <0>
[2019-06-23 14:41:54][1756][INFO]service start running: service <C_Proxy>, exitcode <0>
[2019-06-23 14:41:54][1756][INFO]service start running: service <C_Forwd>, exitcode <0>
[2019-06-23 14:41:54][1756][INFO]service start running: service <C_RTime>, exitcode <0>
[2019-06-23 14:42:00][1756][INFO]service start running: service <C_Task>, exitcode <0>
[2019-06-24 12:37:04][1756][INFO]service start running: service <C_Media>, exitcode <0>
[2019-06-24 12:37:04][1756][INFO]service start running: service <C_Proxy>, exitcode <0>
[2019-06-24 12:37:04][1756][INFO]service start running: service <C_Forwd>, exitcode <0>
[2019-06-24 12:37:04][1756][INFO]service start running: service <C_RTime>, exitcode <0>
[2019-06-24 12:37:10][1756][INFO]service start running: service <C_Task>, exitcode <0>
[2019-06-25 06:55:08][1604][INFO]service start running: service <C_Media>, exitcode <0>
[2019-06-25 06:55:08][1604][INFO]service start running: service <C_Proxy>, exitcode <0>
[2019-06-25 06:55:08][1604][INFO]service start running: service <C_Forwd>, exitcode <0>
[2019-06-25 06:55:08][1604][INFO]service start running: service <C_RTime>, exitcode <0>
[2019-06-25 06:55:14][1604][INFO]service start running: service <C_Task>, exitcode <0>
[2019-06-25 12:06:17][1760][INFO]service start running: service <C_Media>, exitcode <0>
[2019-06-25 12:06:17][1760][INFO]service start running: service <C_Proxy>, exitcode <0>
[2019-06-25 12:06:17][1760][INFO]service start running: service <C_Forwd>, exitcode <0>
[2019-06-25 12:06:17][1760][INFO]service start running: service <C_RTime>, exitcode <0>
[2019-06-25 12:06:22][1760][INFO]service start running: service <C_Task>, exitcode <0>
[2019-06-26 09:17:11][1608][INFO]service start running: service <C_Media>, exitcode <0>
[2019-06-26 09:17:11][1608][INFO]service start running: service <C_Proxy>, exitcode <0>
[2019-06-26 09:17:11][1608][INFO]service start running: service <C_Forwd>, exitcode <0>
[2019-06-26 09:17:11][1608][INFO]service start running: service <C_RTime>, exitcode <0>
[2019-06-26 09:17:17][1608][INFO]service start running: service <C_Task>, exitcode <0>
[2019-06-26 12:32:54][1760][INFO]service start running: service <C_Media>, exitcode <0>
[2019-06-26 12:32:54][1760][INFO]service start running: service <C_Proxy>, exitcode <0>
[2019-06-26 12:32:54][1760][INFO]service start running: service <C_Forwd>, exitcode <0>
[2019-06-26 12:32:54][1760][INFO]service start running: service <C_RTime>, exitcode <0>
[2019-06-26 12:32:59][1760][INFO]service start running: service <C_Task>, exitcode <0>
[2019-06-27 06:50:34][1776][INFO]service start running: service <C_Media>, exitcode <0>
[2019-06-27 06:50:34][1776][INFO]service start running: service <C_Proxy>, exitcode <0>
[2019-06-27 06:50:34][1776][INFO]service start running: service <C_Forwd>, exitcode <0>
[2019-06-27 06:50:34][1776][INFO]service start running: service <C_RTime>, exitcode <0>
[2019-06-27 06:50:39][1776][INFO]service start running: service <C_Task>, exitcode <0>
[2019-06-30 14:37:38][1744][INFO]service start running: service <C_Media>, exitcode <0>
[2019-06-30 14:37:38][1744][INFO]service start running: service <C_Proxy>, exitcode <0>
[2019-06-30 14:37:38][1744][INFO]service start running: service <C_Forwd>, exitcode <0>
[2019-06-30 14:37:38][1744][INFO]service start running: service <C_RTime>, exitcode <0>
[2019-06-30 14:37:43][1744][INFO]service start running: service <C_Task>, exitcode <0>
[2019-07-01 19:43:53][1648][INFO]service start running: service <C_Media>, exitcode <0>
[2019-07-01 19:43:53][1648][INFO]service start running: service <C_Proxy>, exitcode <0>
[2019-07-01 19:43:53][1648][INFO]service start running: service <C_Forwd>, exitcode <0>
[2019-07-01 19:43:53][1648][INFO]service start running: service <C_RTime>, exitcode <0>
[2019-07-01 19:43:58][1648][INFO]service start running: service <C_Task>, exitcode <0>
[2019-08-23 13:45:44][1604][INFO]service start running: service <C_Media>, exitcode <0>
[2019-08-23 13:45:44][1604][INFO]service start running: service <C_Proxy>, exitcode <0>
[2019-08-23 13:45:44][1604][INFO]service start running: service <C_Forwd>, exitcode <0>
[2019-08-23 13:45:44][1604][INFO]service start running: service <C_RTime>, exitcode <0>
[2019-08-23 13:45:50][1604][INFO]service start running: service <C_Task>, exitcode <0>
[2019-08-24 12:12:58][1832][INFO]service start running: service <C_Media>, exitcode <0>
[2019-08-24 12:12:58][1832][INFO]service start running: service <C_Proxy>, exitcode <0>
[2019-08-24 12:12:58][1832][INFO]service start running: service <C_Forwd>, exitcode <0>
[2019-08-24 12:12:58][1832][INFO]service start running: service <C_RTime>, exitcode <0>
[2019-08-24 12:13:03][1832][INFO]service start running: service <C_Task>, exitcode <0>
[2019-08-25 13:08:56][612][INFO]service start running: service <C_Media>, exitcode <0>
[2019-08-25 13:08:56][612][INFO]service start running: service <C_Proxy>, exitcode <0>
[2019-08-25 13:08:56][612][INFO]service start running: service <C_Forwd>, exitcode <0>
[2019-08-25 13:08:56][612][INFO]service start running: service <C_RTime>, exitcode <0>
[2019-08-25 13:09:01][612][INFO]service start running: service <C_Task>, exitcode <0>
[2019-08-27 16:09:50][1476][INFO]service start running: service <C_Media>, exitcode <0>
[2019-08-27 16:09:50][1476][INFO]service start running: service <C_Proxy>, exitcode <0>
[2019-08-27 16:09:50][1476][INFO]service start running: service <C_Forwd>, exitcode <0>
[2019-08-27 16:09:50][1476][INFO]service start running: service <C_RTime>, exitcode <0>
[2019-08-27 16:09:56][1476][INFO]service start running: service <C_Task>, exitcode <0>
[2019-08-28 12:20:24][1752][INFO]service start running: service <C_Media>, exitcode <0>
[2019-08-28 12:20:24][1752][INFO]service start running: service <C_Proxy>, exitcode <0>
[2019-08-28 12:20:24][1752][INFO]service start running: service <C_Forwd>, exitcode <0>
[2019-08-28 12:20:24][1752][INFO]service start running: service <C_RTime>, exitcode <0>
[2019-08-28 12:20:29][1752][INFO]service start running: service <C_Task>, exitcode <0>
[2019-08-29 12:18:52][1776][INFO]service start running: service <C_Media>, exitcode <0>
[2019-08-29 12:18:52][1776][INFO]service start running: service <C_Proxy>, exitcode <0>
[2019-08-29 12:18:52][1776][INFO]service start running: service <C_Forwd>, exitcode <0>
[2019-08-29 12:18:52][1776][INFO]service start running: service <C_RTime>, exitcode <0>
[2019-08-29 12:18:57][1776][INFO]service start running: service <C_Task>, exitcode <0>
[2019-08-29 17:48:39][1748][INFO]service start running: service <C_Media>, exitcode <0>
[2019-08-29 17:48:39][1748][INFO]service start running: service <C_Proxy>, exitcode <0>
[2019-08-29 17:48:39][1748][INFO]service start running: service <C_Forwd>, exitcode <0>
[2019-08-29 17:48:39][1748][INFO]service start running: service <C_RTime>, exitcode <0>
[2019-08-29 17:48:44][1748][INFO]service start running: service <C_Task>, exitcode <0>
[2019-09-02 06:58:27][1756][INFO]service start running: service <C_Media>, exitcode <0>
[2019-09-02 06:58:27][1756][INFO]service start running: service <C_Proxy>, exitcode <0>
[2019-09-02 06:58:27][1756][INFO]service start running: service <C_Forwd>, exitcode <0>
[2019-09-02 06:58:27][1756][INFO]service start running: service <C_RTime>, exitcode <0>
[2019-09-02 06:58:32][1756][INFO]service start running: service <C_Task>, exitcode <0>
[2019-09-02 13:03:31][1732][INFO]service start running: service <C_Media>, exitcode <0>
[2019-09-02 13:03:31][1732][INFO]service start running: service <C_Proxy>, exitcode <0>
[2019-09-02 13:03:31][1732][INFO]service start running: service <C_Forwd>, exitcode <0>
[2019-09-02 13:03:31][1732][INFO]service start running: service <C_RTime>, exitcode <0>
[2019-09-02 13:03:36][1732][INFO]service start running: service <C_Task>, exitcode <0>
[2019-09-02 13:35:46][1596][INFO]service start running: service <C_Media>, exitcode <0>
[2019-09-02 13:35:46][1596][INFO]service start running: service <C_Proxy>, exitcode <0>
[2019-09-02 13:35:46][1596][INFO]service start running: service <C_Forwd>, exitcode <0>
[2019-09-02 13:35:46][1596][INFO]service start running: service <C_RTime>, exitcode <0>
[2019-09-02 13:35:51][1596][INFO]service start running: service <C_Task>, exitcode <0>
[2019-09-03 09:18:16][1752][INFO]service start running: service <C_Media>, exitcode <0>
[2019-09-03 09:18:16][1752][INFO]service start running: service <C_Proxy>, exitcode <0>
[2019-09-03 09:18:16][1752][INFO]service start running: service <C_Forwd>, exitcode <0>
[2019-09-03 09:18:16][1752][INFO]service start running: service <C_RTime>, exitcode <0>
[2019-09-03 09:18:21][1752][INFO]service start running: service <C_Task>, exitcode <0>
[2019-09-04 09:19:27][1768][INFO]service start running: service <C_Media>, exitcode <0>
[2019-09-04 09:19:27][1768][INFO]service start running: service <C_Proxy>, exitcode <0>
[2019-09-04 09:19:27][1768][INFO]service start running: service <C_Forwd>, exitcode <0>
[2019-09-04 09:19:27][1768][INFO]service start running: service <C_RTime>, exitcode <0>
[2019-09-04 09:19:32][1768][INFO]service start running: service <C_Task>, exitcode <0>
[2019-09-06 12:03:48][1748][INFO]service start running: service <C_Media>, exitcode <0>
[2019-09-06 12:03:48][1748][INFO]service start running: service <C_Proxy>, exitcode <0>
[2019-09-06 12:03:48][1748][INFO]service start running: service <C_Forwd>, exitcode <0>
[2019-09-06 12:03:48][1748][INFO]service start running: service <C_RTime>, exitcode <0>
[2019-09-06 12:03:54][1748][INFO]service start running: service <C_Task>, exitcode <0>
[2019-09-09 12:04:18][1732][INFO]service start running: service <C_Media>, exitcode <0>
[2019-09-09 12:04:18][1732][INFO]service start running: service <C_Proxy>, exitcode <0>
[2019-09-09 12:04:18][1732][INFO]service start running: service <C_Forwd>, exitcode <0>
[2019-09-09 12:04:18][1732][INFO]service start running: service <C_RTime>, exitcode <0>
[2019-09-09 12:04:23][1732][INFO]service start running: service <C_Task>, exitcode <0>
[2019-09-09 12:06:35][1764][INFO]service start running: service <C_Media>, exitcode <0>
[2019-09-09 12:06:35][1764][INFO]service start running: service <C_Proxy>, exitcode <0>
[2019-09-09 12:06:35][1764][INFO]service start running: service <C_Forwd>, exitcode <0>
[2019-09-09 12:06:35][1764][INFO]service start running: service <C_RTime>, exitcode <0>
[2019-09-09 12:06:40][1764][INFO]service start running: service <C_Task>, exitcode <0>
[2019-09-10 12:10:00][1744][INFO]service start running: service <C_Media>, exitcode <0>
[2019-09-10 12:10:00][1744][INFO]service start running: service <C_Proxy>, exitcode <0>
[2019-09-10 12:10:00][1744][INFO]service start running: service <C_Forwd>, exitcode <0>
[2019-09-10 12:10:00][1744][INFO]service start running: service <C_RTime>, exitcode <0>
[2019-09-10 12:10:05][1744][INFO]service start running: service <C_Task>, exitcode <0>
[2019-09-10 12:11:37][1736][INFO]service start running: service <C_Media>, exitcode <0>
[2019-09-10 12:11:37][1736][INFO]service start running: service <C_Proxy>, exitcode <0>
[2019-09-10 12:11:37][1736][INFO]service start running: service <C_Forwd>, exitcode <0>
[2019-09-10 12:11:37][1736][INFO]service start running: service <C_RTime>, exitcode <0>
[2019-09-10 12:11:42][1736][INFO]service start running: service <C_Task>, exitcode <0>
[2019-09-10 16:12:44][1768][INFO]service start running: service <C_Media>, exitcode <0>
[2019-09-10 16:12:44][1768][INFO]service start running: service <C_Proxy>, exitcode <0>
[2019-09-10 16:12:44][1768][INFO]service start running: service <C_Forwd>, exitcode <0>
[2019-09-10 16:12:44][1768][INFO]service start running: service <C_RTime>, exitcode <0>
[2019-09-10 16:12:49][1768][INFO]service start running: service <C_Task>, exitcode <0>
[2019-09-10 19:01:32][1748][INFO]service start running: service <C_Media>, exitcode <0>
[2019-09-10 19:01:32][1748][INFO]service start running: service <C_Proxy>, exitcode <0>
[2019-09-10 19:01:32][1748][INFO]service start running: service <C_Forwd>, exitcode <0>
[2019-09-10 19:01:32][1748][INFO]service start running: service <C_RTime>, exitcode <0>
[2019-09-10 19:01:37][1748][INFO]service start running: service <C_Task>, exitcode <0>
[2019-09-15 14:51:48][1752][INFO]service start running: service <C_Media>, exitcode <0>
[2019-09-15 14:51:48][1752][INFO]service start running: service <C_Proxy>, exitcode <0>
[2019-09-15 14:51:48][1752][INFO]service start running: service <C_Forwd>, exitcode <0>
[2019-09-15 14:51:48][1752][INFO]service start running: service <C_RTime>, exitcode <0>
[2019-09-15 14:51:53][1752][INFO]service start running: service <C_Task>, exitcode <0>
[2019-09-15 14:56:31][500][INFO]service start running: service <C_Media>, exitcode <0>
[2019-09-15 14:56:31][500][INFO]service start running: service <C_Proxy>, exitcode <0>
[2019-09-15 14:56:31][500][INFO]service start running: service <C_Forwd>, exitcode <0>
[2019-09-15 14:56:31][500][INFO]service start running: service <C_RTime>, exitcode <0>
[2019-09-15 14:56:36][500][INFO]service start running: service <C_Task>, exitcode <0>
[2019-09-15 15:34:52][1608][INFO]service start running: service <C_Media>, exitcode <0>
[2019-09-15 15:34:52][1608][INFO]service start running: service <C_Proxy>, exitcode <0>
[2019-09-15 15:34:52][1608][INFO]service start running: service <C_Forwd>, exitcode <0>
[2019-09-15 15:34:52][1608][INFO]service start running: service <C_RTime>, exitcode <0>
[2019-09-15 15:34:57][1608][INFO]service start running: service <C_Task>, exitcode <0>
[2019-09-15 15:38:55][1744][INFO]service start running: service <C_Media>, exitcode <0>
[2019-09-15 15:38:55][1744][INFO]service start running: service <C_Proxy>, exitcode <0>
[2019-09-15 15:38:55][1744][INFO]service start running: service <C_Forwd>, exitcode <0>
[2019-09-15 15:38:55][1744][INFO]service start running: service <C_RTime>, exitcode <0>
[2019-09-15 15:39:00][1744][INFO]service start running: service <C_Task>, exitcode <0>
[2019-09-15 16:18:52][680][INFO]service start running: service <C_Media>, exitcode <0>
[2019-09-15 16:18:52][680][INFO]service start running: service <C_Proxy>, exitcode <0>
[2019-09-15 16:18:52][680][INFO]service start running: service <C_Forwd>, exitcode <0>
[2019-09-15 16:18:52][680][INFO]service start running: service <C_RTime>, exitcode <0>
[2019-09-15 16:18:57][680][INFO]service start running: service <C_Task>, exitcode <0>
[2019-09-15 19:03:22][1760][INFO]service start running: service <C_Media>, exitcode <0>
[2019-09-15 19:03:22][1760][INFO]service start running: service <C_Proxy>, exitcode <0>
[2019-09-15 19:03:22][1760][INFO]service start running: service <C_Forwd>, exitcode <0>
[2019-09-15 19:03:22][1760][INFO]service start running: service <C_RTime>, exitcode <0>
[2019-09-15 19:03:27][1760][INFO]service start running: service <C_Task>, exitcode <0>
[2019-09-15 20:43:37][1756][INFO]service start running: service <C_Media>, exitcode <0>
[2019-09-15 20:43:37][1756][INFO]service start running: service <C_Proxy>, exitcode <0>
[2019-09-15 20:43:37][1756][INFO]service start running: service <C_Forwd>, exitcode <0>
[2019-09-15 20:43:37][1756][INFO]service start running: service <C_RTime>, exitcode <0>
[2019-09-15 20:43:42][1756][INFO]service start running: service <C_Task>, exitcode <0>
[2019-09-16 06:51:55][1752][INFO]service start running: service <C_Media>, exitcode <0>
[2019-09-16 06:51:55][1752][INFO]service start running: service <C_Proxy>, exitcode <0>
[2019-09-16 06:51:55][1752][INFO]service start running: service <C_Forwd>, exitcode <0>
[2019-09-16 06:51:55][1752][INFO]service start running: service <C_RTime>, exitcode <0>
[2019-09-16 06:52:00][1752][INFO]service start running: service <C_Task>, exitcode <0>
[2019-09-16 12:12:53][1784][INFO]service start running: service <C_Media>, exitcode <0>
[2019-09-16 12:12:53][1784][INFO]service start running: service <C_Proxy>, exitcode <0>
[2019-09-16 12:12:53][1784][INFO]service start running: service <C_Forwd>, exitcode <0>
[2019-09-16 12:12:53][1784][INFO]service start running: service <C_RTime>, exitcode <0>
[2019-09-16 12:12:58][1784][INFO]service start running: service <C_Task>, exitcode <0>
[2019-09-16 12:46:01][1604][INFO]service start running: service <C_Media>, exitcode <0>
[2019-09-16 12:46:01][1604][INFO]service start running: service <C_Proxy>, exitcode <0>
[2019-09-16 12:46:01][1604][INFO]service start running: service <C_Forwd>, exitcode <0>
[2019-09-16 12:46:01][1604][INFO]service start running: service <C_RTime>, exitcode <0>
[2019-09-16 12:46:06][1604][INFO]service start running: service <C_Task>, exitcode <0>
[2019-09-16 12:53:10][1768][INFO]service start running: service <C_Media>, exitcode <0>
[2019-09-16 12:53:10][1768][INFO]service start running: service <C_Proxy>, exitcode <0>
[2019-09-16 12:53:10][1768][INFO]service start running: service <C_Forwd>, exitcode <0>
[2019-09-16 12:53:10][1768][INFO]service start running: service <C_RTime>, exitcode <0>
[2019-09-16 12:53:15][1768][INFO]service start running: service <C_Task>, exitcode <0>
[2019-09-16 12:57:08][1620][INFO]service start running: service <C_Media>, exitcode <0>
[2019-09-16 12:57:08][1620][INFO]service start running: service <C_Proxy>, exitcode <0>
[2019-09-16 12:57:08][1620][INFO]service start running: service <C_Forwd>, exitcode <0>
[2019-09-16 12:57:08][1620][INFO]service start running: service <C_RTime>, exitcode <0>
[2019-09-16 12:57:13][1620][INFO]service start running: service <C_Task>, exitcode <0>
[2019-09-17 06:43:31][1776][INFO]service start running: service <C_Media>, exitcode <0>
[2019-09-17 06:43:31][1776][INFO]service start running: service <C_Proxy>, exitcode <0>
[2019-09-17 06:43:31][1776][INFO]service start running: service <C_Forwd>, exitcode <0>
[2019-09-17 06:43:31][1776][INFO]service start running: service <C_RTime>, exitcode <0>
[2019-09-17 06:43:37][1776][INFO]service start running: service <C_Task>, exitcode <0>
[2019-09-17 16:00:56][1760][INFO]service start running: service <C_Media>, exitcode <0>
[2019-09-17 16:00:56][1760][INFO]service start running: service <C_Proxy>, exitcode <0>
[2019-09-17 16:00:56][1760][INFO]service start running: service <C_Forwd>, exitcode <0>
[2019-09-17 16:00:56][1760][INFO]service start running: service <C_RTime>, exitcode <0>
[2019-09-17 16:01:01][1760][INFO]service start running: service <C_Task>, exitcode <0>
[2019-09-18 06:45:33][1744][INFO]service start running: service <C_Media>, exitcode <0>
[2019-09-18 06:45:33][1744][INFO]service start running: service <C_Proxy>, exitcode <0>
[2019-09-18 06:45:33][1744][INFO]service start running: service <C_Forwd>, exitcode <0>
[2019-09-18 06:45:33][1744][INFO]service start running: service <C_RTime>, exitcode <0>
[2019-09-18 06:45:38][1744][INFO]service start running: service <C_Task>, exitcode <0>
[2019-09-18 12:13:58][1448][INFO]service start running: service <C_Media>, exitcode <0>
[2019-09-18 12:13:58][1448][INFO]service start running: service <C_Proxy>, exitcode <0>
[2019-09-18 12:13:58][1448][INFO]service start running: service <C_Forwd>, exitcode <0>
[2019-09-18 12:13:58][1448][INFO]service start running: service <C_RTime>, exitcode <0>
[2019-09-18 12:14:04][1448][INFO]service start running: service <C_Task>, exitcode <0>
[2019-09-18 12:45:00][1752][INFO]service start running: service <C_Media>, exitcode <0>
[2019-09-18 12:45:00][1752][INFO]service start running: service <C_Proxy>, exitcode <0>
[2019-09-18 12:45:00][1752][INFO]service start running: service <C_Forwd>, exitcode <0>
[2019-09-18 12:45:00][1752][INFO]service start running: service <C_RTime>, exitcode <0>
[2019-09-18 12:45:05][1752][INFO]service start running: service <C_Task>, exitcode <0>
[2019-09-18 19:06:49][1492][INFO]service start running: service <C_Media>, exitcode <0>
[2019-09-18 19:06:49][1492][INFO]service start running: service <C_Proxy>, exitcode <0>
[2019-09-18 19:06:49][1492][INFO]service start running: service <C_Forwd>, exitcode <0>
[2019-09-18 19:06:49][1492][INFO]service start running: service <C_RTime>, exitcode <0>
[2019-09-18 19:06:54][1492][INFO]service start running: service <C_Task>, exitcode <0>
[2019-09-19 12:57:35][1512][INFO]service start running: service <C_Media>, exitcode <0>
[2019-09-19 12:57:35][1512][INFO]service start running: service <C_Proxy>, exitcode <0>
[2019-09-19 12:57:35][1512][INFO]service start running: service <C_Forwd>, exitcode <0>
[2019-09-19 12:57:35][1512][INFO]service start running: service <C_RTime>, exitcode <0>
[2019-09-19 12:57:40][1512][INFO]service start running: service <C_Task>, exitcode <0>
[2019-09-19 13:46:41][1740][INFO]service start running: service <C_Media>, exitcode <0>
[2019-09-19 13:46:41][1740][INFO]service start running: service <C_Proxy>, exitcode <0>
[2019-09-19 13:46:41][1740][INFO]service start running: service <C_Forwd>, exitcode <0>
[2019-09-19 13:46:41][1740][INFO]service start running: service <C_RTime>, exitcode <0>
[2019-09-19 13:46:46][1740][INFO]service start running: service <C_Task>, exitcode <0>
[2019-09-20 06:48:18][1752][INFO]service start running: service <C_Media>, exitcode <0>
[2019-09-20 06:48:18][1752][INFO]service start running: service <C_Proxy>, exitcode <0>
[2019-09-20 06:48:18][1752][INFO]service start running: service <C_Forwd>, exitcode <0>
[2019-09-20 06:48:18][1752][INFO]service start running: service <C_RTime>, exitcode <0>
[2019-09-20 06:48:23][1752][INFO]service start running: service <C_Task>, exitcode <0>
[2019-09-23 16:01:50][1500][INFO]service start running: service <C_Media>, exitcode <0>
[2019-09-23 16:01:50][1500][INFO]service start running: service <C_Proxy>, exitcode <0>
[2019-09-23 16:01:50][1500][INFO]service start running: service <C_Forwd>, exitcode <0>
[2019-09-23 16:01:50][1500][INFO]service start running: service <C_RTime>, exitcode <0>
[2019-09-23 16:01:55][1500][INFO]service start running: service <C_Task>, exitcode <0>
[2019-09-24 06:36:37][1408][INFO]service start running: service <C_Media>, exitcode <0>
[2019-09-24 06:36:37][1408][INFO]service start running: service <C_Proxy>, exitcode <0>
[2019-09-24 06:36:37][1408][INFO]service start running: service <C_Forwd>, exitcode <0>
[2019-09-24 06:36:37][1408][INFO]service start running: service <C_RTime>, exitcode <0>
[2019-09-24 06:36:42][1408][INFO]service start running: service <C_Task>, exitcode <0>
[2019-09-24 12:17:38][1532][INFO]service start running: service <C_Media>, exitcode <0>
[2019-09-24 12:17:38][1532][INFO]service start running: service <C_Proxy>, exitcode <0>
[2019-09-24 12:17:38][1532][INFO]service start running: service <C_Forwd>, exitcode <0>
[2019-09-24 12:17:38][1532][INFO]service start running: service <C_RTime>, exitcode <0>
[2019-09-24 12:17:43][1532][INFO]service start running: service <C_Task>, exitcode <0>
[2019-09-24 17:34:41][1780][INFO]service start running: service <C_Media>, exitcode <0>
[2019-09-24 17:34:41][1780][INFO]service start running: service <C_Proxy>, exitcode <0>
[2019-09-24 17:34:41][1780][INFO]service start running: service <C_Forwd>, exitcode <0>
[2019-09-24 17:34:41][1780][INFO]service start running: service <C_RTime>, exitcode <0>
[2019-09-24 17:34:46][1780][INFO]service start running: service <C_Task>, exitcode <0>
[2019-09-25 11:52:17][1504][INFO]service start running: service <C_Media>, exitcode <0>
[2019-09-25 11:52:17][1504][INFO]service start running: service <C_Proxy>, exitcode <0>
[2019-09-25 11:52:17][1504][INFO]service start running: service <C_Forwd>, exitcode <0>
[2019-09-25 11:52:17][1504][INFO]service start running: service <C_RTime>, exitcode <0>
[2019-09-25 11:52:23][1504][INFO]service start running: service <C_Task>, exitcode <0>
[2019-09-25 17:39:02][1756][INFO]service start running: service <C_Media>, exitcode <0>
[2019-09-25 17:39:02][1756][INFO]service start running: service <C_Proxy>, exitcode <0>
[2019-09-25 17:39:02][1756][INFO]service start running: service <C_Forwd>, exitcode <0>
[2019-09-25 17:39:02][1756][INFO]service start running: service <C_RTime>, exitcode <0>
[2019-09-25 17:39:08][1756][INFO]service start running: service <C_Task>, exitcode <0>
[2019-09-26 15:59:19][1388][INFO]service start running: service <C_Media>, exitcode <0>
[2019-09-26 15:59:19][1388][INFO]service start running: service <C_Proxy>, exitcode <0>
[2019-09-26 15:59:19][1388][INFO]service start running: service <C_Forwd>, exitcode <0>
[2019-09-26 15:59:19][1388][INFO]service start running: service <C_RTime>, exitcode <0>
[2019-09-26 15:59:24][1388][INFO]service start running: service <C_Task>, exitcode <0>
[2019-09-28 21:34:12][1776][INFO]service start running: service <C_Media>, exitcode <0>
[2019-09-28 21:34:12][1776][INFO]service start running: service <C_Proxy>, exitcode <0>
[2019-09-28 21:34:12][1776][INFO]service start running: service <C_Forwd>, exitcode <0>
[2019-09-28 21:34:12][1776][INFO]service start running: service <C_RTime>, exitcode <0>
[2019-09-28 21:34:17][1776][INFO]service start running: service <C_Task>, exitcode <0>
[2019-09-29 09:07:55][1532][INFO]service start running: service <C_Media>, exitcode <0>
[2019-09-29 09:07:55][1532][INFO]service start running: service <C_Proxy>, exitcode <0>
[2019-09-29 09:07:55][1532][INFO]service start running: service <C_Forwd>, exitcode <0>
[2019-09-29 09:07:55][1532][INFO]service start running: service <C_RTime>, exitcode <0>
[2019-09-29 09:08:00][1532][INFO]service start running: service <C_Task>, exitcode <0>
[2019-09-29 13:46:09][1744][INFO]service start running: service <C_Media>, exitcode <0>
[2019-09-29 13:46:09][1744][INFO]service start running: service <C_Proxy>, exitcode <0>
[2019-09-29 13:46:09][1744][INFO]service start running: service <C_Forwd>, exitcode <0>
[2019-09-29 13:46:09][1744][INFO]service start running: service <C_RTime>, exitcode <0>
[2019-09-29 13:46:14][1744][INFO]service start running: service <C_Task>, exitcode <0>
[2019-09-30 11:54:45][1608][INFO]service start running: service <C_Media>, exitcode <0>
[2019-09-30 11:54:45][1608][INFO]service start running: service <C_Proxy>, exitcode <0>
[2019-09-30 11:54:45][1608][INFO]service start running: service <C_Forwd>, exitcode <0>
[2019-09-30 11:54:45][1608][INFO]service start running: service <C_RTime>, exitcode <0>
[2019-09-30 11:54:50][1608][INFO]service start running: service <C_Task>, exitcode <0>
[2019-10-08 15:37:00][1180][INFO]service start running: service <C_Media>, exitcode <0>
[2019-10-08 15:37:00][1180][INFO]service start running: service <C_Proxy>, exitcode <0>
[2019-10-08 15:37:00][1180][INFO]service start running: service <C_Forwd>, exitcode <0>
[2019-10-08 15:37:00][1180][INFO]service start running: service <C_RTime>, exitcode <0>
[2019-10-08 15:37:05][1180][INFO]service start running: service <C_Task>, exitcode <0>
[2019-10-08 16:33:45][1188][INFO]service start running: service <C_Media>, exitcode <0>
[2019-10-08 16:33:45][1188][INFO]service start running: service <C_Proxy>, exitcode <0>
[2019-10-08 16:33:45][1188][INFO]service start running: service <C_Forwd>, exitcode <0>
[2019-10-08 16:33:45][1188][INFO]service start running: service <C_RTime>, exitcode <0>
[2019-10-08 16:33:51][1188][INFO]service start running: service <C_Task>, exitcode <0>
[2019-10-08 17:28:02][1740][INFO]service start running: service <C_Media>, exitcode <0>
[2019-10-08 17:28:02][1740][INFO]service start running: service <C_Proxy>, exitcode <0>
[2019-10-08 17:28:02][1740][INFO]service start running: service <C_Forwd>, exitcode <0>
[2019-10-08 17:28:02][1740][INFO]service start running: service <C_RTime>, exitcode <0>
[2019-10-08 17:28:07][1740][INFO]service start running: service <C_Task>, exitcode <0>
[2019-10-08 21:26:27][344][INFO]service start running: service <C_Media>, exitcode <0>
[2019-10-08 21:26:27][344][INFO]service start running: service <C_Proxy>, exitcode <0>
[2019-10-08 21:26:27][344][INFO]service start running: service <C_Forwd>, exitcode <0>
[2019-10-08 21:26:27][344][INFO]service start running: service <C_RTime>, exitcode <0>
[2019-10-08 21:26:32][344][INFO]service start running: service <C_Task>, exitcode <0>
[2019-10-09 13:02:26][1776][INFO]service start running: service <C_Media>, exitcode <0>
[2019-10-09 13:02:26][1776][INFO]service start running: service <C_Proxy>, exitcode <0>
[2019-10-09 13:02:26][1776][INFO]service start running: service <C_Forwd>, exitcode <0>
[2019-10-09 13:02:26][1776][INFO]service start running: service <C_RTime>, exitcode <0>
[2019-10-09 13:02:32][1776][INFO]service start running: service <C_Task>, exitcode <0>
[2019-10-10 12:40:29][1732][INFO]service start running: service <C_Media>, exitcode <0>
[2019-10-10 12:40:29][1732][INFO]service start running: service <C_Proxy>, exitcode <0>
[2019-10-10 12:40:29][1732][INFO]service start running: service <C_Forwd>, exitcode <0>
[2019-10-10 12:40:29][1732][INFO]service start running: service <C_RTime>, exitcode <0>
[2019-10-10 12:40:34][1732][INFO]service start running: service <C_Task>, exitcode <0>
[2019-10-10 21:24:17][1752][INFO]service start running: service <C_Media>, exitcode <0>
[2019-10-10 21:24:17][1752][INFO]service start running: service <C_Proxy>, exitcode <0>
[2019-10-10 21:24:17][1752][INFO]service start running: service <C_Forwd>, exitcode <0>
[2019-10-10 21:24:17][1752][INFO]service start running: service <C_RTime>, exitcode <0>
[2019-10-10 21:24:22][1752][INFO]service start running: service <C_Task>, exitcode <0>
[2019-10-11 09:57:04][1728][INFO]service start running: service <C_Media>, exitcode <0>
[2019-10-11 09:57:04][1728][INFO]service start running: service <C_Proxy>, exitcode <0>
[2019-10-11 09:57:04][1728][INFO]service start running: service <C_Forwd>, exitcode <0>
[2019-10-11 09:57:04][1728][INFO]service start running: service <C_RTime>, exitcode <0>
[2019-10-11 09:57:09][1728][INFO]service start running: service <C_Task>, exitcode <0>
[2019-10-11 13:15:56][1748][INFO]service start running: service <C_Media>, exitcode <0>
[2019-10-11 13:15:56][1748][INFO]service start running: service <C_Proxy>, exitcode <0>
[2019-10-11 13:15:56][1748][INFO]service start running: service <C_Forwd>, exitcode <0>
[2019-10-11 13:15:56][1748][INFO]service start running: service <C_RTime>, exitcode <0>
[2019-10-11 13:16:01][1748][INFO]service start running: service <C_Task>, exitcode <0>
[2019-10-11 16:23:49][1736][INFO]service start running: service <C_Media>, exitcode <0>
[2019-10-11 16:23:49][1736][INFO]service start running: service <C_Proxy>, exitcode <0>
[2019-10-11 16:23:49][1736][INFO]service start running: service <C_Forwd>, exitcode <0>
[2019-10-11 16:23:49][1736][INFO]service start running: service <C_RTime>, exitcode <0>
[2019-10-11 16:23:54][1736][INFO]service start running: service <C_Task>, exitcode <0>
[2019-10-14 12:24:31][824][INFO]service start running: service <C_Media>, exitcode <0>
[2019-10-14 12:24:31][824][INFO]service start running: service <C_Proxy>, exitcode <0>
[2019-10-14 12:24:31][824][INFO]service start running: service <C_Forwd>, exitcode <0>
[2019-10-14 12:24:31][824][INFO]service start running: service <C_RTime>, exitcode <0>
[2019-10-14 12:24:36][824][INFO]service start running: service <C_Task>, exitcode <0>
[2019-10-15 11:55:21][1584][INFO]service start running: service <C_Media>, exitcode <0>
[2019-10-15 11:55:21][1584][INFO]service start running: service <C_Proxy>, exitcode <0>
[2019-10-15 11:55:21][1584][INFO]service start running: service <C_Forwd>, exitcode <0>
[2019-10-15 11:55:21][1584][INFO]service start running: service <C_RTime>, exitcode <0>
[2019-10-15 11:55:26][1584][INFO]service start running: service <C_Task>, exitcode <0>
[2019-10-15 18:33:00][1760][INFO]service start running: service <C_Media>, exitcode <0>
[2019-10-15 18:33:00][1760][INFO]service start running: service <C_Proxy>, exitcode <0>
[2019-10-15 18:33:00][1760][INFO]service start running: service <C_Forwd>, exitcode <0>
[2019-10-15 18:33:00][1760][INFO]service start running: service <C_RTime>, exitcode <0>
[2019-10-15 18:33:06][1760][INFO]service start running: service <C_Task>, exitcode <0>
[2019-10-16 12:26:16][1768][INFO]service start running: service <C_Media>, exitcode <0>
[2019-10-16 12:26:16][1768][INFO]service start running: service <C_Proxy>, exitcode <0>
[2019-10-16 12:26:16][1768][INFO]service start running: service <C_Forwd>, exitcode <0>
[2019-10-16 12:26:16][1768][INFO]service start running: service <C_RTime>, exitcode <0>
[2019-10-16 12:26:21][1768][INFO]service start running: service <C_Task>, exitcode <0>
[2019-10-16 19:33:16][1380][INFO]service start running: service <C_Media>, exitcode <0>
[2019-10-16 19:33:16][1380][INFO]service start running: service <C_Proxy>, exitcode <0>
[2019-10-16 19:33:16][1380][INFO]service start running: service <C_Forwd>, exitcode <0>
[2019-10-16 19:33:16][1380][INFO]service start running: service <C_RTime>, exitcode <0>
[2019-10-16 19:33:21][1380][INFO]service start running: service <C_Task>, exitcode <0>
[2019-10-17 20:19:31][1724][INFO]service start running: service <C_Media>, exitcode <0>
[2019-10-17 20:19:31][1724][INFO]service start running: service <C_Proxy>, exitcode <0>
[2019-10-17 20:19:31][1724][INFO]service start running: service <C_Forwd>, exitcode <0>
[2019-10-17 20:19:31][1724][INFO]service start running: service <C_RTime>, exitcode <0>
[2019-10-17 20:19:37][1724][INFO]service start running: service <C_Task>, exitcode <0>
[2019-10-20 16:24:35][500][INFO]service start running: service <C_Media>, exitcode <0>
[2019-10-20 16:24:35][500][INFO]service start running: service <C_Proxy>, exitcode <0>
[2019-10-20 16:24:35][500][INFO]service start running: service <C_Forwd>, exitcode <0>
[2019-10-20 16:24:35][500][INFO]service start running: service <C_RTime>, exitcode <0>
[2019-10-20 16:24:41][500][INFO]service start running: service <C_Task>, exitcode <0>
[2019-10-21 12:26:45][1760][INFO]service start running: service <C_Media>, exitcode <0>
[2019-10-21 12:26:45][1760][INFO]service start running: service <C_Proxy>, exitcode <0>
[2019-10-21 12:26:45][1760][INFO]service start running: service <C_Forwd>, exitcode <0>
[2019-10-21 12:26:45][1760][INFO]service start running: service <C_RTime>, exitcode <0>
[2019-10-21 12:26:50][1760][INFO]service start running: service <C_Task>, exitcode <0>
[2019-10-22 12:42:03][1756][INFO]service start running: service <C_Media>, exitcode <0>
[2019-10-22 12:42:03][1756][INFO]service start running: service <C_Proxy>, exitcode <0>
[2019-10-22 12:42:03][1756][INFO]service start running: service <C_Forwd>, exitcode <0>
[2019-10-22 12:42:03][1756][INFO]service start running: service <C_RTime>, exitcode <0>
[2019-10-22 12:42:08][1756][INFO]service start running: service <C_Task>, exitcode <0>
[2019-10-23 15:09:01][500][INFO]service start running: service <C_Media>, exitcode <0>
[2019-10-23 15:09:01][500][INFO]service start running: service <C_Proxy>, exitcode <0>
[2019-10-23 15:09:01][500][INFO]service start running: service <C_Forwd>, exitcode <0>
[2019-10-23 15:09:01][500][INFO]service start running: service <C_RTime>, exitcode <0>
[2019-10-23 15:09:06][500][INFO]service start running: service <C_Task>, exitcode <0>
[2019-10-24 16:16:51][1776][INFO]service start running: service <C_Media>, exitcode <0>
[2019-10-24 16:16:51][1776][INFO]service start running: service <C_Proxy>, exitcode <0>
[2019-10-24 16:16:51][1776][INFO]service start running: service <C_Forwd>, exitcode <0>
[2019-10-24 16:16:51][1776][INFO]service start running: service <C_RTime>, exitcode <0>
[2019-10-24 16:16:56][1776][INFO]service start running: service <C_Task>, exitcode <0>
[2019-10-24 16:18:36][1684][INFO]service start running: service <C_Media>, exitcode <0>
[2019-10-24 16:18:36][1684][INFO]service start running: service <C_Proxy>, exitcode <0>
[2019-10-24 16:18:36][1684][INFO]service start running: service <C_Forwd>, exitcode <0>
[2019-10-24 16:18:36][1684][INFO]service start running: service <C_RTime>, exitcode <0>
[2019-10-24 16:18:42][1684][INFO]service start running: service <C_Task>, exitcode <0>
[2019-10-25 12:11:23][1736][INFO]service start running: service <C_Media>, exitcode <0>
[2019-10-25 12:11:23][1736][INFO]service start running: service <C_Proxy>, exitcode <0>
[2019-10-25 12:11:23][1736][INFO]service start running: service <C_Forwd>, exitcode <0>
[2019-10-25 12:11:23][1736][INFO]service start running: service <C_RTime>, exitcode <0>
[2019-10-25 12:11:29][1736][INFO]service start running: service <C_Task>, exitcode <0>
[2019-10-27 17:13:44][1604][INFO]service start running: service <C_Media>, exitcode <0>
[2019-10-27 17:13:44][1604][INFO]service start running: service <C_Proxy>, exitcode <0>
[2019-10-27 17:13:44][1604][INFO]service start running: service <C_Forwd>, exitcode <0>
[2019-10-27 17:13:44][1604][INFO]service start running: service <C_RTime>, exitcode <0>
[2019-10-27 17:13:49][1604][INFO]service start running: service <C_Task>, exitcode <0>
[2019-10-28 12:57:37][1744][INFO]service start running: service <C_Media>, exitcode <0>
[2019-10-28 12:57:37][1744][INFO]service start running: service <C_Proxy>, exitcode <0>
[2019-10-28 12:57:37][1744][INFO]service start running: service <C_Forwd>, exitcode <0>
[2019-10-28 12:57:37][1744][INFO]service start running: service <C_RTime>, exitcode <0>
[2019-10-28 12:57:42][1744][INFO]service start running: service <C_Task>, exitcode <0>
[2019-10-29 12:23:38][1756][INFO]service start running: service <C_Media>, exitcode <0>
[2019-10-29 12:23:38][1756][INFO]service start running: service <C_Proxy>, exitcode <0>
[2019-10-29 12:23:38][1756][INFO]service start running: service <C_Forwd>, exitcode <0>
[2019-10-29 12:23:38][1756][INFO]service start running: service <C_RTime>, exitcode <0>
[2019-10-29 12:23:43][1756][INFO]service start running: service <C_Task>, exitcode <0>
[2019-10-30 17:28:49][1756][INFO]service start running: service <C_Media>, exitcode <0>
[2019-10-30 17:28:49][1756][INFO]service start running: service <C_Proxy>, exitcode <0>
[2019-10-30 17:28:49][1756][INFO]service start running: service <C_Forwd>, exitcode <0>
[2019-10-30 17:28:49][1756][INFO]service start running: service <C_RTime>, exitcode <0>
[2019-10-30 17:28:54][1756][INFO]service start running: service <C_Task>, exitcode <0>
[2019-11-01 11:55:16][1496][INFO]service start running: service <C_Media>, exitcode <0>
[2019-11-01 11:55:16][1496][INFO]service start running: service <C_Proxy>, exitcode <0>
[2019-11-01 11:55:16][1496][INFO]service start running: service <C_Forwd>, exitcode <0>
[2019-11-01 11:55:16][1496][INFO]service start running: service <C_RTime>, exitcode <0>
[2019-11-01 11:55:21][1496][INFO]service start running: service <C_Task>, exitcode <0>
[2019-11-04 12:05:53][1720][INFO]service start running: service <C_Media>, exitcode <0>
[2019-11-04 12:05:53][1720][INFO]service start running: service <C_Proxy>, exitcode <0>
[2019-11-04 12:05:53][1720][INFO]service start running: service <C_Forwd>, exitcode <0>
[2019-11-04 12:05:53][1720][INFO]service start running: service <C_RTime>, exitcode <0>
[2019-11-04 12:05:59][1720][INFO]service start running: service <C_Task>, exitcode <0>
[2019-11-05 10:05:36][1496][INFO]service start running: service <C_Media>, exitcode <0>
[2019-11-05 10:05:36][1496][INFO]service start running: service <C_Proxy>, exitcode <0>
[2019-11-05 10:05:36][1496][INFO]service start running: service <C_Forwd>, exitcode <0>
[2019-11-05 10:05:36][1496][INFO]service start running: service <C_RTime>, exitcode <0>
[2019-11-05 10:05:41][1496][INFO]service start running: service <C_Task>, exitcode <0>
[2019-11-05 16:24:08][1740][INFO]service start running: service <C_Media>, exitcode <0>
[2019-11-05 16:24:08][1740][INFO]service start running: service <C_Proxy>, exitcode <0>
[2019-11-05 16:24:08][1740][INFO]service start running: service <C_Forwd>, exitcode <0>
[2019-11-05 16:24:08][1740][INFO]service start running: service <C_RTime>, exitcode <0>
[2019-11-05 16:24:14][1740][INFO]service start running: service <C_Task>, exitcode <0>
[2019-11-05 21:33:54][1652][INFO]service start running: service <C_Media>, exitcode <0>
[2019-11-05 21:33:54][1652][INFO]service start running: service <C_Proxy>, exitcode <0>
[2019-11-05 21:33:54][1652][INFO]service start running: service <C_Forwd>, exitcode <0>
[2019-11-05 21:33:54][1652][INFO]service start running: service <C_RTime>, exitcode <0>
[2019-11-05 21:33:59][1652][INFO]service stopped: service <C_Task>, exitcode <1>
[2019-11-05 21:33:59][1652][INFO]rise service: service <C_Task>, exitcode <1>
[2019-11-05 21:34:04][1652][INFO]service start running: service <C_Task>, exitcode <0>
[2019-11-07 12:51:55][680][INFO]service start running: service <C_Media>, exitcode <0>
[2019-11-07 12:51:55][680][INFO]service start running: service <C_Proxy>, exitcode <0>
[2019-11-07 12:51:55][680][INFO]service start running: service <C_Forwd>, exitcode <0>
[2019-11-07 12:51:55][680][INFO]service start running: service <C_RTime>, exitcode <0>
[2019-11-07 12:52:00][680][INFO]service start running: service <C_Task>, exitcode <0>
[2019-11-07 16:23:48][1764][INFO]service start running: service <C_Media>, exitcode <0>
[2019-11-07 16:23:48][1764][INFO]service start running: service <C_Proxy>, exitcode <0>
[2019-11-07 16:23:48][1764][INFO]service start running: service <C_Forwd>, exitcode <0>
[2019-11-07 16:23:48][1764][INFO]service start running: service <C_RTime>, exitcode <0>
[2019-11-07 16:23:53][1764][INFO]service start running: service <C_Task>, exitcode <0>
[2019-11-08 12:04:21][1720][INFO]service start running: service <C_Media>, exitcode <0>
[2019-11-08 12:04:21][1720][INFO]service start running: service <C_Proxy>, exitcode <0>
[2019-11-08 12:04:21][1720][INFO]service start running: service <C_Forwd>, exitcode <0>
[2019-11-08 12:04:21][1720][INFO]service start running: service <C_RTime>, exitcode <0>
[2019-11-08 12:04:27][1720][INFO]service start running: service <C_Task>, exitcode <0>
[2019-11-11 12:28:45][1596][INFO]service start running: service <C_Media>, exitcode <0>
[2019-11-11 12:28:45][1596][INFO]service start running: service <C_Proxy>, exitcode <0>
[2019-11-11 12:28:45][1596][INFO]service start running: service <C_Forwd>, exitcode <0>
[2019-11-11 12:28:45][1596][INFO]service start running: service <C_RTime>, exitcode <0>
[2019-11-11 12:28:50][1596][INFO]service start running: service <C_Task>, exitcode <0>
[2019-11-12 16:19:11][1736][INFO]service start running: service <C_Media>, exitcode <0>
[2019-11-12 16:19:11][1736][INFO]service start running: service <C_Proxy>, exitcode <0>
[2019-11-12 16:19:11][1736][INFO]service start running: service <C_Forwd>, exitcode <0>
[2019-11-12 16:19:11][1736][INFO]service start running: service <C_RTime>, exitcode <0>
[2019-11-12 16:19:16][1736][INFO]service start running: service <C_Task>, exitcode <0>
[2019-11-13 10:12:19][1480][INFO]service start running: service <C_Media>, exitcode <0>
[2019-11-13 10:12:19][1480][INFO]service start running: service <C_Proxy>, exitcode <0>
[2019-11-13 10:12:19][1480][INFO]service start running: service <C_Forwd>, exitcode <0>
[2019-11-13 10:12:19][1480][INFO]service start running: service <C_RTime>, exitcode <0>
[2019-11-13 10:12:24][1480][INFO]service start running: service <C_Task>, exitcode <0>
[2019-11-14 16:25:53][1480][INFO]service start running: service <C_Media>, exitcode <0>
[2019-11-14 16:25:53][1480][INFO]service start running: service <C_Proxy>, exitcode <0>
[2019-11-14 16:25:53][1480][INFO]service start running: service <C_Forwd>, exitcode <0>
[2019-11-14 16:25:53][1480][INFO]service start running: service <C_RTime>, exitcode <0>
[2019-11-14 16:25:58][1480][INFO]service start running: service <C_Task>, exitcode <0>
[2019-11-14 17:18:35][1712][INFO]service start running: service <C_Media>, exitcode <0>
[2019-11-14 17:18:35][1712][INFO]service start running: service <C_Proxy>, exitcode <0>
[2019-11-14 17:18:35][1712][INFO]service start running: service <C_Forwd>, exitcode <0>
[2019-11-14 17:18:35][1712][INFO]service start running: service <C_RTime>, exitcode <0>
[2019-11-14 17:18:40][1712][INFO]service start running: service <C_Task>, exitcode <0>
[2019-11-15 12:15:08][1776][INFO]service start running: service <C_Media>, exitcode <0>
[2019-11-15 12:15:08][1776][INFO]service start running: service <C_Proxy>, exitcode <0>
[2019-11-15 12:15:08][1776][INFO]service start running: service <C_Forwd>, exitcode <0>
[2019-11-15 12:15:08][1776][INFO]service start running: service <C_RTime>, exitcode <0>
[2019-11-15 12:15:13][1776][INFO]service start running: service <C_Task>, exitcode <0>
[2019-11-18 12:36:13][1752][INFO]service start running: service <C_Media>, exitcode <0>
[2019-11-18 12:36:13][1752][INFO]service start running: service <C_Proxy>, exitcode <0>
[2019-11-18 12:36:13][1752][INFO]service start running: service <C_Forwd>, exitcode <0>
[2019-11-18 12:36:13][1752][INFO]service start running: service <C_RTime>, exitcode <0>
[2019-11-18 12:36:18][1752][INFO]service start running: service <C_Task>, exitcode <0>
[2019-11-19 12:03:58][1740][INFO]service start running: service <C_Media>, exitcode <0>
[2019-11-19 12:03:58][1740][INFO]service start running: service <C_Proxy>, exitcode <0>
[2019-11-19 12:03:58][1740][INFO]service start running: service <C_Forwd>, exitcode <0>
[2019-11-19 12:03:58][1740][INFO]service start running: service <C_RTime>, exitcode <0>
[2019-11-19 12:04:03][1740][INFO]service start running: service <C_Task>, exitcode <0>
[2019-11-19 18:34:09][1504][INFO]service start running: service <C_Media>, exitcode <0>
[2019-11-19 18:34:09][1504][INFO]service start running: service <C_Proxy>, exitcode <0>
[2019-11-19 18:34:09][1504][INFO]service start running: service <C_Forwd>, exitcode <0>
[2019-11-19 18:34:09][1504][INFO]service start running: service <C_RTime>, exitcode <0>
[2019-11-19 18:34:14][1504][INFO]service start running: service <C_Task>, exitcode <0>
[2019-11-20 10:13:30][1732][INFO]service start running: service <C_Media>, exitcode <0>
[2019-11-20 10:13:30][1732][INFO]service start running: service <C_Proxy>, exitcode <0>
[2019-11-20 10:13:30][1732][INFO]service start running: service <C_Forwd>, exitcode <0>
[2019-11-20 10:13:30][1732][INFO]service start running: service <C_RTime>, exitcode <0>
[2019-11-20 10:13:35][1732][INFO]service start running: service <C_Task>, exitcode <0>
[2019-11-20 18:33:50][1744][INFO]service start running: service <C_Media>, exitcode <0>
[2019-11-20 18:33:50][1744][INFO]service start running: service <C_Proxy>, exitcode <0>
[2019-11-20 18:33:50][1744][INFO]service start running: service <C_Forwd>, exitcode <0>
[2019-11-20 18:33:50][1744][INFO]service start running: service <C_RTime>, exitcode <0>
[2019-11-20 18:33:55][1744][INFO]service start running: service <C_Task>, exitcode <0>
[2019-11-21 12:11:17][1740][INFO]service start running: service <C_Media>, exitcode <0>
[2019-11-21 12:11:17][1740][INFO]service start running: service <C_Proxy>, exitcode <0>
[2019-11-21 12:11:17][1740][INFO]service start running: service <C_Forwd>, exitcode <0>
[2019-11-21 12:11:17][1740][INFO]service start running: service <C_RTime>, exitcode <0>
[2019-11-21 12:11:22][1740][INFO]service start running: service <C_Task>, exitcode <0>
[2019-11-21 15:48:01][1640][INFO]service start running: service <C_Media>, exitcode <0>
[2019-11-21 15:48:01][1640][INFO]service start running: service <C_Proxy>, exitcode <0>
[2019-11-21 15:48:01][1640][INFO]service start running: service <C_Forwd>, exitcode <0>
[2019-11-21 15:48:01][1640][INFO]service start running: service <C_RTime>, exitcode <0>
[2019-11-21 15:48:06][1640][INFO]service start running: service <C_Task>, exitcode <0>
[2019-11-21 19:34:31][1792][INFO]service start running: service <C_Media>, exitcode <0>
[2019-11-21 19:34:31][1792][INFO]service start running: service <C_Proxy>, exitcode <0>
[2019-11-21 19:34:31][1792][INFO]service start running: service <C_Forwd>, exitcode <0>
[2019-11-21 19:34:31][1792][INFO]service start running: service <C_RTime>, exitcode <0>
[2019-11-21 19:34:37][1792][INFO]service start running: service <C_Task>, exitcode <0>
[2019-11-22 09:56:44][1508][INFO]service start running: service <C_Media>, exitcode <0>
[2019-11-22 09:56:44][1508][INFO]service start running: service <C_Proxy>, exitcode <0>
[2019-11-22 09:56:44][1508][INFO]service start running: service <C_Forwd>, exitcode <0>
[2019-11-22 09:56:44][1508][INFO]service start running: service <C_RTime>, exitcode <0>
[2019-11-22 09:56:49][1508][INFO]service start running: service <C_Task>, exitcode <0>
[2019-11-22 11:54:08][1728][INFO]service start running: service <C_Media>, exitcode <0>
[2019-11-22 11:54:08][1728][INFO]service start running: service <C_Proxy>, exitcode <0>
[2019-11-22 11:54:08][1728][INFO]service start running: service <C_Forwd>, exitcode <0>
[2019-11-22 11:54:08][1728][INFO]service start running: service <C_RTime>, exitcode <0>
[2019-11-22 11:54:13][1728][INFO]service start running: service <C_Task>, exitcode <0>
[2019-11-22 16:33:47][1512][INFO]service start running: service <C_Media>, exitcode <0>
[2019-11-22 16:33:47][1512][INFO]service start running: service <C_Proxy>, exitcode <0>
[2019-11-22 16:33:47][1512][INFO]service start running: service <C_Forwd>, exitcode <0>
[2019-11-22 16:33:47][1512][INFO]service start running: service <C_RTime>, exitcode <0>
[2019-11-22 16:33:52][1512][INFO]service start running: service <C_Task>, exitcode <0>
[2019-11-22 21:53:17][1740][INFO]service start running: service <C_Media>, exitcode <0>
[2019-11-22 21:53:17][1740][INFO]service start running: service <C_Proxy>, exitcode <0>
[2019-11-22 21:53:17][1740][INFO]service start running: service <C_Forwd>, exitcode <0>
[2019-11-22 21:53:17][1740][INFO]service start running: service <C_RTime>, exitcode <0>
[2019-11-22 21:53:22][1740][INFO]service start running: service <C_Task>, exitcode <0>
[2019-11-23 09:56:47][1184][INFO]service start running: service <C_Media>, exitcode <0>
[2019-11-23 09:56:47][1184][INFO]service start running: service <C_Proxy>, exitcode <0>
[2019-11-23 09:56:47][1184][INFO]service start running: service <C_Forwd>, exitcode <0>
[2019-11-23 09:56:47][1184][INFO]service start running: service <C_RTime>, exitcode <0>
[2019-11-23 09:56:52][1184][INFO]service start running: service <C_Task>, exitcode <0>
[2019-11-25 12:54:20][1740][INFO]service start running: service <C_Media>, exitcode <0>
[2019-11-25 12:54:20][1740][INFO]service start running: service <C_Proxy>, exitcode <0>
[2019-11-25 12:54:20][1740][INFO]service start running: service <C_Forwd>, exitcode <0>
[2019-11-25 12:54:20][1740][INFO]service start running: service <C_RTime>, exitcode <0>
[2019-11-25 12:54:25][1740][INFO]service start running: service <C_Task>, exitcode <0>
[2019-11-25 12:57:45][1512][INFO]service start running: service <C_Media>, exitcode <0>
[2019-11-25 12:57:45][1512][INFO]service start running: service <C_Proxy>, exitcode <0>
[2019-11-25 12:57:45][1512][INFO]service start running: service <C_Forwd>, exitcode <0>
[2019-11-25 12:57:45][1512][INFO]service start running: service <C_RTime>, exitcode <0>
[2019-11-25 12:57:50][1512][INFO]service start running: service <C_Task>, exitcode <0>
[2019-11-26 12:20:47][1764][INFO]service start running: service <C_Media>, exitcode <0>
[2019-11-26 12:20:47][1764][INFO]service start running: service <C_Proxy>, exitcode <0>
[2019-11-26 12:20:47][1764][INFO]service start running: service <C_Forwd>, exitcode <0>
[2019-11-26 12:20:47][1764][INFO]service start running: service <C_RTime>, exitcode <0>
[2019-11-26 12:20:52][1764][INFO]service start running: service <C_Task>, exitcode <0>
[2019-11-26 21:36:10][1752][INFO]service start running: service <C_Media>, exitcode <0>
[2019-11-26 21:36:10][1752][INFO]service start running: service <C_Proxy>, exitcode <0>
[2019-11-26 21:36:10][1752][INFO]service start running: service <C_Forwd>, exitcode <0>
[2019-11-26 21:36:10][1752][INFO]service start running: service <C_RTime>, exitcode <0>
[2019-11-26 21:36:15][1752][INFO]service start running: service <C_Task>, exitcode <0>
[2019-11-27 17:23:01][1520][INFO]service start running: service <C_Media>, exitcode <0>
[2019-11-27 17:23:01][1520][INFO]service start running: service <C_Proxy>, exitcode <0>
[2019-11-27 17:23:01][1520][INFO]service start running: service <C_Forwd>, exitcode <0>
[2019-11-27 17:23:01][1520][INFO]service start running: service <C_RTime>, exitcode <0>
[2019-11-27 17:23:06][1520][INFO]service start running: service <C_Task>, exitcode <0>
[2019-11-28 16:30:01][480][INFO]service start running: service <C_Media>, exitcode <0>
[2019-11-28 16:30:01][480][INFO]service start running: service <C_Proxy>, exitcode <0>
[2019-11-28 16:30:01][480][INFO]service start running: service <C_Forwd>, exitcode <0>
[2019-11-28 16:30:01][480][INFO]service start running: service <C_RTime>, exitcode <0>
[2019-11-28 16:30:06][480][INFO]service start running: service <C_Task>, exitcode <0>
[2019-12-05 15:51:03][1748][INFO]service start running: service <C_Media>, exitcode <0>
[2019-12-05 15:51:03][1748][INFO]service start running: service <C_Proxy>, exitcode <0>
[2019-12-05 15:51:03][1748][INFO]service start running: service <C_Forwd>, exitcode <0>
[2019-12-05 15:51:03][1748][INFO]service start running: service <C_RTime>, exitcode <0>
[2019-12-05 15:51:08][1748][INFO]service start running: service <C_Task>, exitcode <0>
[2019-12-10 12:04:39][1752][INFO]service start running: service <C_Media>, exitcode <0>
[2019-12-10 12:04:39][1752][INFO]service start running: service <C_Proxy>, exitcode <0>
[2019-12-10 12:04:39][1752][INFO]service start running: service <C_Forwd>, exitcode <0>
[2019-12-10 12:04:39][1752][INFO]service start running: service <C_RTime>, exitcode <0>
[2019-12-10 12:04:44][1752][INFO]service start running: service <C_Task>, exitcode <0>
[2019-12-11 10:15:58][1732][INFO]service start running: service <C_Media>, exitcode <0>
[2019-12-11 10:15:58][1732][INFO]service start running: service <C_Proxy>, exitcode <0>
[2019-12-11 10:15:58][1732][INFO]service start running: service <C_Forwd>, exitcode <0>
[2019-12-11 10:15:58][1732][INFO]service start running: service <C_RTime>, exitcode <0>
[2019-12-11 10:16:03][1732][INFO]service start running: service <C_Task>, exitcode <0>
[2019-12-12 15:54:47][2052][INFO]service start running: service <C_Media>, exitcode <0>
[2019-12-12 15:54:47][2052][INFO]service start running: service <C_Proxy>, exitcode <0>
[2019-12-12 15:54:47][2052][INFO]service start running: service <C_Forwd>, exitcode <0>
[2019-12-12 15:54:47][2052][INFO]service start running: service <C_RTime>, exitcode <0>
[2019-12-12 15:54:52][2052][INFO]service start running: service <C_Task>, exitcode <0>
[2019-12-15 15:26:22][1484][INFO]service start running: service <C_Media>, exitcode <0>
[2019-12-15 15:26:22][1484][INFO]service start running: service <C_Proxy>, exitcode <0>
[2019-12-15 15:26:22][1484][INFO]service start running: service <C_Forwd>, exitcode <0>
[2019-12-15 15:26:22][1484][INFO]service start running: service <C_RTime>, exitcode <0>
[2019-12-15 15:26:27][1484][INFO]service start running: service <C_Task>, exitcode <0>
[2019-12-16 10:08:15][1736][INFO]service start running: service <C_Media>, exitcode <0>
[2019-12-16 10:08:15][1736][INFO]service start running: service <C_Proxy>, exitcode <0>
[2019-12-16 10:08:15][1736][INFO]service start running: service <C_Forwd>, exitcode <0>
[2019-12-16 10:08:15][1736][INFO]service start running: service <C_RTime>, exitcode <0>
[2019-12-16 10:08:20][1736][INFO]service start running: service <C_Task>, exitcode <0>
[2019-12-17 12:06:55][1560][INFO]service start running: service <C_Media>, exitcode <0>
[2019-12-17 12:06:55][1560][INFO]service start running: service <C_Proxy>, exitcode <0>
[2019-12-17 12:06:55][1560][INFO]service start running: service <C_Forwd>, exitcode <0>
[2019-12-17 12:06:55][1560][INFO]service start running: service <C_RTime>, exitcode <0>
[2019-12-17 12:07:00][1560][INFO]service start running: service <C_Task>, exitcode <0>
[2019-12-17 19:43:40][1768][INFO]service start running: service <C_Media>, exitcode <0>
[2019-12-17 19:43:40][1768][INFO]service start running: service <C_Proxy>, exitcode <0>
[2019-12-17 19:43:40][1768][INFO]service start running: service <C_Forwd>, exitcode <0>
[2019-12-17 19:43:40][1768][INFO]service start running: service <C_RTime>, exitcode <0>
[2019-12-17 19:43:45][1768][INFO]service start running: service <C_Task>, exitcode <0>
[2019-12-19 16:27:16][1748][INFO]service start running: service <C_Media>, exitcode <0>
[2019-12-19 16:27:16][1748][INFO]service start running: service <C_Proxy>, exitcode <0>
[2019-12-19 16:27:16][1748][INFO]service start running: service <C_Forwd>, exitcode <0>
[2019-12-19 16:27:16][1748][INFO]service start running: service <C_RTime>, exitcode <0>
[2019-12-19 16:27:21][1748][INFO]service start running: service <C_Task>, exitcode <0>
[2019-12-20 12:05:26][1736][INFO]service start running: service <C_Media>, exitcode <0>
[2019-12-20 12:05:26][1736][INFO]service start running: service <C_Proxy>, exitcode <0>
[2019-12-20 12:05:26][1736][INFO]service start running: service <C_Forwd>, exitcode <0>
[2019-12-20 12:05:26][1736][INFO]service start running: service <C_RTime>, exitcode <0>
[2019-12-20 12:05:31][1736][INFO]service start running: service <C_Task>, exitcode <0>
[2019-12-20 16:11:40][1752][INFO]service start running: service <C_Media>, exitcode <0>
[2019-12-20 16:11:40][1752][INFO]service start running: service <C_Proxy>, exitcode <0>
[2019-12-20 16:11:40][1752][INFO]service start running: service <C_Forwd>, exitcode <0>
[2019-12-20 16:11:40][1752][INFO]service start running: service <C_RTime>, exitcode <0>
[2019-12-20 16:11:45][1752][INFO]service start running: service <C_Task>, exitcode <0>
[2019-12-23 20:33:23][1756][INFO]service start running: service <C_Media>, exitcode <0>
[2019-12-23 20:33:23][1756][INFO]service start running: service <C_Proxy>, exitcode <0>
[2019-12-23 20:33:23][1756][INFO]service start running: service <C_Forwd>, exitcode <0>
[2019-12-23 20:33:23][1756][INFO]service start running: service <C_RTime>, exitcode <0>
[2019-12-23 20:33:28][1756][INFO]service start running: service <C_Task>, exitcode <0>
[2019-12-24 20:33:36][1744][INFO]service start running: service <C_Media>, exitcode <0>
[2019-12-24 20:33:36][1744][INFO]service start running: service <C_Proxy>, exitcode <0>
[2019-12-24 20:33:36][1744][INFO]service start running: service <C_Forwd>, exitcode <0>
[2019-12-24 20:33:36][1744][INFO]service start running: service <C_RTime>, exitcode <0>
[2019-12-24 20:33:41][1744][INFO]service start running: service <C_Task>, exitcode <0>
[2019-12-24 20:43:30][1756][INFO]service start running: service <C_Media>, exitcode <0>
[2019-12-24 20:43:30][1756][INFO]service start running: service <C_Proxy>, exitcode <0>
[2019-12-24 20:43:30][1756][INFO]service start running: service <C_Forwd>, exitcode <0>
[2019-12-24 20:43:30][1756][INFO]service start running: service <C_RTime>, exitcode <0>
[2019-12-24 20:43:35][1756][INFO]service start running: service <C_Task>, exitcode <0>
[2019-12-25 12:34:07][1764][INFO]service start running: service <C_Media>, exitcode <0>
[2019-12-25 12:34:07][1764][INFO]service start running: service <C_Proxy>, exitcode <0>
[2019-12-25 12:34:07][1764][INFO]service start running: service <C_Forwd>, exitcode <0>
[2019-12-25 12:34:07][1764][INFO]service start running: service <C_RTime>, exitcode <0>
[2019-12-25 12:34:13][1764][INFO]service start running: service <C_Task>, exitcode <0>
[2019-12-25 21:24:04][1740][INFO]service start running: service <C_Media>, exitcode <0>
[2019-12-25 21:24:04][1740][INFO]service start running: service <C_Proxy>, exitcode <0>
[2019-12-25 21:24:04][1740][INFO]service start running: service <C_Forwd>, exitcode <0>
[2019-12-25 21:24:04][1740][INFO]service start running: service <C_RTime>, exitcode <0>
[2019-12-25 21:24:09][1740][INFO]service start running: service <C_Task>, exitcode <0>
[2019-12-26 12:04:22][1768][INFO]service start running: service <C_Media>, exitcode <0>
[2019-12-26 12:04:22][1768][INFO]service start running: service <C_Proxy>, exitcode <0>
[2019-12-26 12:04:22][1768][INFO]service start running: service <C_Forwd>, exitcode <0>
[2019-12-26 12:04:22][1768][INFO]service start running: service <C_RTime>, exitcode <0>
[2019-12-26 12:04:27][1768][INFO]service start running: service <C_Task>, exitcode <0>
[2019-12-26 13:02:30][1736][INFO]service start running: service <C_Media>, exitcode <0>
[2019-12-26 13:02:30][1736][INFO]service start running: service <C_Proxy>, exitcode <0>
[2019-12-26 13:02:30][1736][INFO]service start running: service <C_Forwd>, exitcode <0>
[2019-12-26 13:02:30][1736][INFO]service start running: service <C_RTime>, exitcode <0>
[2019-12-26 13:02:35][1736][INFO]service start running: service <C_Task>, exitcode <0>
[2019-12-26 13:10:39][1744][INFO]service start running: service <C_Media>, exitcode <0>
[2019-12-26 13:10:39][1744][INFO]service start running: service <C_Proxy>, exitcode <0>
[2019-12-26 13:10:39][1744][INFO]service start running: service <C_Forwd>, exitcode <0>
[2019-12-26 13:10:39][1744][INFO]service start running: service <C_RTime>, exitcode <0>
[2019-12-26 13:10:44][1744][INFO]service start running: service <C_Task>, exitcode <0>
[2019-12-26 15:43:53][1652][INFO]service start running: service <C_Media>, exitcode <0>
[2019-12-26 15:43:53][1652][INFO]service start running: service <C_Proxy>, exitcode <0>
[2019-12-26 15:43:53][1652][INFO]service start running: service <C_Forwd>, exitcode <0>
[2019-12-26 15:43:53][1652][INFO]service start running: service <C_RTime>, exitcode <0>
[2019-12-26 15:43:58][1652][INFO]service start running: service <C_Task>, exitcode <0>
[2019-12-26 21:26:58][680][INFO]service start running: service <C_Media>, exitcode <0>
[2019-12-26 21:26:58][680][INFO]service start running: service <C_Proxy>, exitcode <0>
[2019-12-26 21:26:58][680][INFO]service start running: service <C_Forwd>, exitcode <0>
[2019-12-26 21:26:58][680][INFO]service start running: service <C_RTime>, exitcode <0>
[2019-12-26 21:27:03][680][INFO]service start running: service <C_Task>, exitcode <0>
[2019-12-27 12:23:28][1756][INFO]service start running: service <C_Media>, exitcode <0>
[2019-12-27 12:23:28][1756][INFO]service start running: service <C_Proxy>, exitcode <0>
[2019-12-27 12:23:28][1756][INFO]service start running: service <C_Forwd>, exitcode <0>
[2019-12-27 12:23:28][1756][INFO]service start running: service <C_RTime>, exitcode <0>
[2019-12-27 12:23:33][1756][INFO]service start running: service <C_Task>, exitcode <0>
[2019-12-29 18:57:15][1756][INFO]service start running: service <C_Media>, exitcode <0>
[2019-12-29 18:57:15][1756][INFO]service start running: service <C_Proxy>, exitcode <0>
[2019-12-29 18:57:15][1756][INFO]service start running: service <C_Forwd>, exitcode <0>
[2019-12-29 18:57:15][1756][INFO]service start running: service <C_RTime>, exitcode <0>
[2019-12-29 18:57:20][1756][INFO]service start running: service <C_Task>, exitcode <0>
[2019-12-30 18:57:55][1652][INFO]service start running: service <C_Media>, exitcode <0>
[2019-12-30 18:57:55][1652][INFO]service start running: service <C_Proxy>, exitcode <0>
[2019-12-30 18:57:55][1652][INFO]service start running: service <C_Forwd>, exitcode <0>
[2019-12-30 18:57:55][1652][INFO]service start running: service <C_RTime>, exitcode <0>
[2019-12-30 18:58:00][1652][INFO]service start running: service <C_Task>, exitcode <0>
[2020-01-02 19:44:05][1736][INFO]service start running: service <C_Media>, exitcode <0>
[2020-01-02 19:44:05][1736][INFO]service start running: service <C_Proxy>, exitcode <0>
[2020-01-02 19:44:05][1736][INFO]service start running: service <C_Forwd>, exitcode <0>
[2020-01-02 19:44:05][1736][INFO]service start running: service <C_RTime>, exitcode <0>
[2020-01-02 19:44:10][1736][INFO]service start running: service <C_Task>, exitcode <0>
[2020-01-05 21:30:10][1768][INFO]service start running: service <C_Media>, exitcode <0>
[2020-01-05 21:30:10][1768][INFO]service start running: service <C_Proxy>, exitcode <0>
[2020-01-05 21:30:10][1768][INFO]service start running: service <C_Forwd>, exitcode <0>
[2020-01-05 21:30:10][1768][INFO]service start running: service <C_RTime>, exitcode <0>
[2020-01-05 21:30:15][1768][INFO]service start running: service <C_Task>, exitcode <0>
[2020-01-06 10:03:14][1780][INFO]service start running: service <C_Media>, exitcode <0>
[2020-01-06 10:03:14][1780][INFO]service start running: service <C_Proxy>, exitcode <0>
[2020-01-06 10:03:14][1780][INFO]service start running: service <C_Forwd>, exitcode <0>
[2020-01-06 10:03:14][1780][INFO]service start running: service <C_RTime>, exitcode <0>
[2020-01-06 10:03:19][1780][INFO]service start running: service <C_Task>, exitcode <0>
[2020-06-12 16:01:39][1740][INFO]service start running: service <C_Media>, exitcode <0>
[2020-06-12 16:01:39][1740][INFO]service start running: service <C_Proxy>, exitcode <0>
[2020-06-12 16:01:39][1740][INFO]service start running: service <C_Forwd>, exitcode <0>
[2020-06-12 16:01:39][1740][INFO]service start running: service <C_RTime>, exitcode <0>
[2020-06-12 16:01:45][1740][INFO]service start running: service <C_Task>, exitcode <0>
[2020-06-15 11:54:05][1736][INFO]service start running: service <C_Media>, exitcode <0>
[2020-06-15 11:54:05][1736][INFO]service start running: service <C_Proxy>, exitcode <0>
[2020-06-15 11:54:05][1736][INFO]service start running: service <C_Forwd>, exitcode <0>
[2020-06-15 11:54:05][1736][INFO]service start running: service <C_RTime>, exitcode <0>
[2020-06-15 11:54:10][1736][INFO]service start running: service <C_Task>, exitcode <0>
[2020-06-17 17:35:45][1608][INFO]service start running: service <C_Media>, exitcode <0>
[2020-06-17 17:35:45][1608][INFO]service start running: service <C_Proxy>, exitcode <0>
[2020-06-17 17:35:45][1608][INFO]service start running: service <C_Forwd>, exitcode <0>
[2020-06-17 17:35:45][1608][INFO]service start running: service <C_RTime>, exitcode <0>
[2020-06-17 17:35:50][1608][INFO]service start running: service <C_Task>, exitcode <0>
[2020-06-18 10:15:17][1736][INFO]service start running: service <C_Media>, exitcode <0>
[2020-06-18 10:15:17][1736][INFO]service start running: service <C_Proxy>, exitcode <0>
[2020-06-18 10:15:17][1736][INFO]service start running: service <C_Forwd>, exitcode <0>
[2020-06-18 10:15:17][1736][INFO]service start running: service <C_RTime>, exitcode <0>
[2020-06-18 10:15:22][1736][INFO]service start running: service <C_Task>, exitcode <0>
[2020-06-19 06:21:51][1740][INFO]service start running: service <C_Media>, exitcode <0>
[2020-06-19 06:21:51][1740][INFO]service start running: service <C_Proxy>, exitcode <0>
[2020-06-19 06:21:51][1740][INFO]service start running: service <C_Forwd>, exitcode <0>
[2020-06-19 06:21:51][1740][INFO]service start running: service <C_RTime>, exitcode <0>
[2020-06-19 06:21:56][1740][INFO]service start running: service <C_Task>, exitcode <0>
[2020-06-19 09:00:19][1636][INFO]service start running: service <C_Media>, exitcode <0>
[2020-06-19 09:00:19][1636][INFO]service start running: service <C_Proxy>, exitcode <0>
[2020-06-19 09:00:19][1636][INFO]service start running: service <C_Forwd>, exitcode <0>
[2020-06-19 09:00:19][1636][INFO]service start running: service <C_RTime>, exitcode <0>
[2020-06-19 09:00:24][1636][INFO]service start running: service <C_Task>, exitcode <0>
[2020-07-05 07:27:02][1488][INFO]service start running: service <C_Media>, exitcode <0>
[2020-07-05 07:27:02][1488][INFO]service start running: service <C_Proxy>, exitcode <0>
[2020-07-05 07:27:02][1488][INFO]service start running: service <C_Forwd>, exitcode <0>
[2020-07-05 07:27:02][1488][INFO]service start running: service <C_RTime>, exitcode <0>
[2020-07-05 07:27:08][1488][INFO]service start running: service <C_Task>, exitcode <0>
[2020-09-05 12:47:32][612][INFO]service start running: service <C_Media>, exitcode <0>
[2020-09-05 12:47:32][612][INFO]service start running: service <C_Proxy>, exitcode <0>
[2020-09-05 12:47:32][612][INFO]service start running: service <C_Forwd>, exitcode <0>
[2020-09-05 12:47:32][612][INFO]service start running: service <C_RTime>, exitcode <0>
[2020-09-05 12:47:38][612][INFO]service start running: service <C_Task>, exitcode <0>
[2020-09-05 13:37:31][1184][INFO]service start running: service <C_Media>, exitcode <0>
[2020-09-05 13:37:31][1184][INFO]service start running: service <C_Proxy>, exitcode <0>
[2020-09-05 13:37:31][1184][INFO]service start running: service <C_Forwd>, exitcode <0>
[2020-09-05 13:37:31][1184][INFO]service start running: service <C_RTime>, exitcode <0>
[2020-09-05 13:37:36][1184][INFO]service start running: service <C_Task>, exitcode <0>
[2020-09-14 12:44:42][1652][INFO]service start running: service <C_Media>, exitcode <0>
[2020-09-14 12:44:42][1652][INFO]service start running: service <C_Proxy>, exitcode <0>
[2020-09-14 12:44:42][1652][INFO]service start running: service <C_Forwd>, exitcode <0>
[2020-09-14 12:44:42][1652][INFO]service start running: service <C_RTime>, exitcode <0>
[2020-09-14 12:44:48][1652][INFO]service start running: service <C_Task>, exitcode <0>
[2020-09-15 17:34:21][536][INFO]service start running: service <C_Media>, exitcode <0>
[2020-09-15 17:34:21][536][INFO]service start running: service <C_Proxy>, exitcode <0>
[2020-09-15 17:34:21][536][INFO]service start running: service <C_Forwd>, exitcode <0>
[2020-09-15 17:34:21][536][INFO]service start running: service <C_RTime>, exitcode <0>
[2020-09-15 17:34:27][536][INFO]service start running: service <C_Task>, exitcode <0>
[2020-09-16 12:04:30][1468][INFO]service start running: service <C_Media>, exitcode <0>
[2020-09-16 12:04:30][1468][INFO]service start running: service <C_Proxy>, exitcode <0>
[2020-09-16 12:04:30][1468][INFO]service start running: service <C_Forwd>, exitcode <0>
[2020-09-16 12:04:30][1468][INFO]service start running: service <C_RTime>, exitcode <0>
[2020-09-16 12:04:35][1468][INFO]service start running: service <C_Task>, exitcode <0>
[2020-09-16 17:38:35][1468][INFO]service start running: service <C_Media>, exitcode <0>
[2020-09-16 17:38:35][1468][INFO]service start running: service <C_Proxy>, exitcode <0>
[2020-09-16 17:38:35][1468][INFO]service start running: service <C_Forwd>, exitcode <0>
[2020-09-16 17:38:35][1468][INFO]service start running: service <C_RTime>, exitcode <0>
[2020-09-16 17:38:41][1468][INFO]service start running: service <C_Task>, exitcode <0>
[2020-09-17 13:01:33][1720][INFO]service start running: service <C_Media>, exitcode <0>
[2020-09-17 13:01:33][1720][INFO]service start running: service <C_Proxy>, exitcode <0>
[2020-09-17 13:01:33][1720][INFO]service start running: service <C_Forwd>, exitcode <0>
[2020-09-17 13:01:33][1720][INFO]service start running: service <C_RTime>, exitcode <0>
[2020-09-17 13:01:38][1720][INFO]service start running: service <C_Task>, exitcode <0>
[2020-09-17 15:45:45][1724][INFO]service start running: service <C_Media>, exitcode <0>
[2020-09-17 15:45:45][1724][INFO]service start running: service <C_Proxy>, exitcode <0>
[2020-09-17 15:45:45][1724][INFO]service start running: service <C_Forwd>, exitcode <0>
[2020-09-17 15:45:45][1724][INFO]service start running: service <C_RTime>, exitcode <0>
[2020-09-17 15:45:50][1724][INFO]service start running: service <C_Task>, exitcode <0>
[2020-09-19 08:13:17][1744][INFO]service start running: service <C_Media>, exitcode <0>
[2020-09-19 08:13:17][1744][INFO]service start running: service <C_Proxy>, exitcode <0>
[2020-09-19 08:13:17][1744][INFO]service start running: service <C_Forwd>, exitcode <0>
[2020-09-19 08:13:17][1744][INFO]service start running: service <C_RTime>, exitcode <0>
[2020-09-19 08:13:23][1744][INFO]service start running: service <C_Task>, exitcode <0>
[2020-09-21 17:43:33][1604][INFO]service start running: service <C_Media>, exitcode <0>
[2020-09-21 17:43:33][1604][INFO]service start running: service <C_Proxy>, exitcode <0>
[2020-09-21 17:43:33][1604][INFO]service start running: service <C_Forwd>, exitcode <0>
[2020-09-21 17:43:33][1604][INFO]service start running: service <C_RTime>, exitcode <0>
[2020-09-21 17:43:38][1604][INFO]service start running: service <C_Task>, exitcode <0>
[2020-09-24 17:25:42][612][INFO]service start running: service <C_Media>, exitcode <0>
[2020-09-24 17:25:42][612][INFO]service start running: service <C_Proxy>, exitcode <0>
[2020-09-24 17:25:42][612][INFO]service start running: service <C_Forwd>, exitcode <0>
[2020-09-24 17:25:42][612][INFO]service start running: service <C_RTime>, exitcode <0>
[2020-09-24 17:25:47][612][INFO]service start running: service <C_Task>, exitcode <0>
[2020-09-28 12:45:55][1732][INFO]service start running: service <C_Media>, exitcode <0>
[2020-09-28 12:45:55][1732][INFO]service start running: service <C_Proxy>, exitcode <0>
[2020-09-28 12:45:55][1732][INFO]service start running: service <C_Forwd>, exitcode <0>
[2020-09-28 12:45:55][1732][INFO]service start running: service <C_RTime>, exitcode <0>
[2020-09-28 12:46:00][1732][INFO]service start running: service <C_Task>, exitcode <0>
[2020-09-28 17:44:12][1196][INFO]service start running: service <C_Media>, exitcode <0>
[2020-09-28 17:44:12][1196][INFO]service start running: service <C_Proxy>, exitcode <0>
[2020-09-28 17:44:12][1196][INFO]service start running: service <C_Forwd>, exitcode <0>
[2020-09-28 17:44:12][1196][INFO]service start running: service <C_RTime>, exitcode <0>
[2020-09-28 17:44:17][1196][INFO]service start running: service <C_Task>, exitcode <0>
[2020-09-30 12:52:01][1752][INFO]service start running: service <C_Media>, exitcode <0>
[2020-09-30 12:52:01][1752][INFO]service start running: service <C_Proxy>, exitcode <0>
[2020-09-30 12:52:01][1752][INFO]service start running: service <C_Forwd>, exitcode <0>
[2020-09-30 12:52:01][1752][INFO]service start running: service <C_RTime>, exitcode <0>
[2020-09-30 12:52:06][1752][INFO]service start running: service <C_Task>, exitcode <0>
[2020-10-12 12:39:40][1752][INFO]service start running: service <C_Media>, exitcode <0>
[2020-10-12 12:39:40][1752][INFO]service start running: service <C_Proxy>, exitcode <0>
[2020-10-12 12:39:40][1752][INFO]service start running: service <C_Forwd>, exitcode <0>
[2020-10-12 12:39:40][1752][INFO]service start running: service <C_RTime>, exitcode <0>
[2020-10-12 12:39:45][1752][INFO]service start running: service <C_Task>, exitcode <0>
[2020-10-15 17:18:48][328][INFO]service start running: service <C_Media>, exitcode <0>
[2020-10-15 17:18:48][328][INFO]service start running: service <C_Proxy>, exitcode <0>
[2020-10-15 17:18:48][328][INFO]service start running: service <C_Forwd>, exitcode <0>
[2020-10-15 17:18:48][328][INFO]service start running: service <C_RTime>, exitcode <0>
[2020-10-15 17:18:53][328][INFO]service start running: service <C_Task>, exitcode <0>
[2020-10-17 12:38:52][1472][INFO]service start running: service <C_Media>, exitcode <0>
[2020-10-17 12:38:52][1472][INFO]service start running: service <C_Proxy>, exitcode <0>
[2020-10-17 12:38:52][1472][INFO]service start running: service <C_Forwd>, exitcode <0>
[2020-10-17 12:38:52][1472][INFO]service start running: service <C_RTime>, exitcode <0>
[2020-10-17 12:38:58][1472][INFO]service start running: service <C_Task>, exitcode <0>
[2020-10-21 17:23:42][1740][INFO]service start running: service <C_Media>, exitcode <0>
[2020-10-21 17:23:42][1740][INFO]service start running: service <C_Proxy>, exitcode <0>
[2020-10-21 17:23:42][1740][INFO]service start running: service <C_Forwd>, exitcode <0>
[2020-10-21 17:23:42][1740][INFO]service start running: service <C_RTime>, exitcode <0>
[2020-10-21 17:23:47][1740][INFO]service start running: service <C_Task>, exitcode <0>
[2020-10-23 12:34:13][1756][INFO]service start running: service <C_Media>, exitcode <0>
[2020-10-23 12:34:13][1756][INFO]service start running: service <C_Proxy>, exitcode <0>
[2020-10-23 12:34:13][1756][INFO]service start running: service <C_Forwd>, exitcode <0>
[2020-10-23 12:34:13][1756][INFO]service start running: service <C_RTime>, exitcode <0>
[2020-10-23 12:34:18][1756][INFO]service start running: service <C_Task>, exitcode <0>
[2020-10-27 12:33:54][1736][INFO]service start running: service <C_Media>, exitcode <0>
[2020-10-27 12:33:54][1736][INFO]service start running: service <C_Proxy>, exitcode <0>
[2020-10-27 12:33:54][1736][INFO]service start running: service <C_Forwd>, exitcode <0>
[2020-10-27 12:33:54][1736][INFO]service start running: service <C_RTime>, exitcode <0>
[2020-10-27 12:33:59][1736][INFO]service start running: service <C_Task>, exitcode <0>
[2020-10-29 12:37:09][1748][INFO]service start running: service <C_Media>, exitcode <0>
[2020-10-29 12:37:09][1748][INFO]service start running: service <C_Proxy>, exitcode <0>
[2020-10-29 12:37:09][1748][INFO]service start running: service <C_Forwd>, exitcode <0>
[2020-10-29 12:37:09][1748][INFO]service start running: service <C_RTime>, exitcode <0>
[2020-10-29 12:37:14][1748][INFO]service start running: service <C_Task>, exitcode <0>
[2020-10-30 12:43:29][1780][INFO]service start running: service <C_Media>, exitcode <0>
[2020-10-30 12:43:29][1780][INFO]service start running: service <C_Proxy>, exitcode <0>
[2020-10-30 12:43:29][1780][INFO]service start running: service <C_Forwd>, exitcode <0>
[2020-10-30 12:43:29][1780][INFO]service start running: service <C_RTime>, exitcode <0>
[2020-10-30 12:43:34][1780][INFO]service start running: service <C_Task>, exitcode <0>
[2020-11-01 12:34:16][1736][INFO]service start running: service <C_Media>, exitcode <0>
[2020-11-01 12:34:16][1736][INFO]service start running: service <C_Proxy>, exitcode <0>
[2020-11-01 12:34:16][1736][INFO]service start running: service <C_Forwd>, exitcode <0>
[2020-11-01 12:34:16][1736][INFO]service start running: service <C_RTime>, exitcode <0>
[2020-11-01 12:34:21][1736][INFO]service start running: service <C_Task>, exitcode <0>
[2020-11-05 12:26:17][1500][INFO]service start running: service <C_Media>, exitcode <0>
[2020-11-05 12:26:17][1500][INFO]service start running: service <C_Proxy>, exitcode <0>
[2020-11-05 12:26:17][1500][INFO]service start running: service <C_Forwd>, exitcode <0>
[2020-11-05 12:26:17][1500][INFO]service start running: service <C_RTime>, exitcode <0>
[2020-11-05 12:26:22][1500][INFO]service start running: service <C_Task>, exitcode <0>
[2020-11-08 17:37:29][680][INFO]service start running: service <C_Media>, exitcode <0>
[2020-11-08 17:37:29][680][INFO]service start running: service <C_Proxy>, exitcode <0>
[2020-11-08 17:37:29][680][INFO]service start running: service <C_Forwd>, exitcode <0>
[2020-11-08 17:37:29][680][INFO]service start running: service <C_RTime>, exitcode <0>
[2020-11-08 17:37:34][680][INFO]service start running: service <C_Task>, exitcode <0>
[2020-11-09 14:36:59][1612][INFO]service start running: service <C_Media>, exitcode <0>
[2020-11-09 14:36:59][1612][INFO]service start running: service <C_Proxy>, exitcode <0>
[2020-11-09 14:36:59][1612][INFO]service start running: service <C_Forwd>, exitcode <0>
[2020-11-09 14:36:59][1612][INFO]service start running: service <C_RTime>, exitcode <0>
[2020-11-09 14:37:04][1612][INFO]service start running: service <C_Task>, exitcode <0>
[2020-11-10 10:17:27][1608][INFO]service start running: service <C_Media>, exitcode <0>
[2020-11-10 10:17:27][1608][INFO]service start running: service <C_Proxy>, exitcode <0>
[2020-11-10 10:17:27][1608][INFO]service start running: service <C_Forwd>, exitcode <0>
[2020-11-10 10:17:27][1608][INFO]service start running: service <C_RTime>, exitcode <0>
[2020-11-10 10:17:32][1608][INFO]service start running: service <C_Task>, exitcode <0>
[2020-11-13 11:05:29][1736][INFO]service start running: service <C_Media>, exitcode <0>
[2020-11-13 11:05:29][1736][INFO]service start running: service <C_Proxy>, exitcode <0>
[2020-11-13 11:05:29][1736][INFO]service start running: service <C_Forwd>, exitcode <0>
[2020-11-13 11:05:29][1736][INFO]service start running: service <C_RTime>, exitcode <0>
[2020-11-13 11:05:35][1736][INFO]service start running: service <C_Task>, exitcode <0>
[2020-11-17 12:30:39][1756][INFO]service start running: service <C_Media>, exitcode <0>
[2020-11-17 12:30:39][1756][INFO]service start running: service <C_Proxy>, exitcode <0>
[2020-11-17 12:30:39][1756][INFO]service start running: service <C_Forwd>, exitcode <0>
[2020-11-17 12:30:39][1756][INFO]service start running: service <C_RTime>, exitcode <0>
[2020-11-17 12:30:44][1756][INFO]service start running: service <C_Task>, exitcode <0>
[2020-11-18 12:29:43][1504][INFO]service start running: service <C_Media>, exitcode <0>
[2020-11-18 12:29:43][1504][INFO]service start running: service <C_Proxy>, exitcode <0>
[2020-11-18 12:29:43][1504][INFO]service start running: service <C_Forwd>, exitcode <0>
[2020-11-18 12:29:43][1504][INFO]service start running: service <C_RTime>, exitcode <0>
[2020-11-18 12:29:48][1504][INFO]service start running: service <C_Task>, exitcode <0>
[2020-11-19 12:28:09][1724][INFO]service start running: service <C_Media>, exitcode <0>
[2020-11-19 12:28:09][1724][INFO]service start running: service <C_Proxy>, exitcode <0>
[2020-11-19 12:28:09][1724][INFO]service start running: service <C_Forwd>, exitcode <0>
[2020-11-19 12:28:09][1724][INFO]service start running: service <C_RTime>, exitcode <0>
[2020-11-19 12:28:14][1724][INFO]service start running: service <C_Task>, exitcode <0>
[2020-11-19 17:22:50][1648][INFO]service start running: service <C_Media>, exitcode <0>
[2020-11-19 17:22:50][1648][INFO]service start running: service <C_Proxy>, exitcode <0>
[2020-11-19 17:22:50][1648][INFO]service start running: service <C_Forwd>, exitcode <0>
[2020-11-19 17:22:50][1648][INFO]service start running: service <C_RTime>, exitcode <0>
[2020-11-19 17:22:55][1648][INFO]service start running: service <C_Task>, exitcode <0>
[2020-11-20 12:25:42][564][INFO]service start running: service <C_Media>, exitcode <0>
[2020-11-20 12:25:42][564][INFO]service start running: service <C_Proxy>, exitcode <0>
[2020-11-20 12:25:42][564][INFO]service start running: service <C_Forwd>, exitcode <0>
[2020-11-20 12:25:42][564][INFO]service start running: service <C_RTime>, exitcode <0>
[2020-11-20 12:25:47][564][INFO]service start running: service <C_Task>, exitcode <0>
[2020-11-23 14:37:09][1764][INFO]service start running: service <C_Media>, exitcode <0>
[2020-11-23 14:37:09][1764][INFO]service start running: service <C_Proxy>, exitcode <0>
[2020-11-23 14:37:09][1764][INFO]service start running: service <C_Forwd>, exitcode <0>
[2020-11-23 14:37:09][1764][INFO]service start running: service <C_RTime>, exitcode <0>
[2020-11-23 14:37:14][1764][INFO]service start running: service <C_Task>, exitcode <0>
[2020-11-24 12:16:37][1736][INFO]service start running: service <C_Media>, exitcode <0>
[2020-11-24 12:16:37][1736][INFO]service start running: service <C_Proxy>, exitcode <0>
[2020-11-24 12:16:37][1736][INFO]service start running: service <C_Forwd>, exitcode <0>
[2020-11-24 12:16:37][1736][INFO]service start running: service <C_RTime>, exitcode <0>
[2020-11-24 12:16:42][1736][INFO]service start running: service <C_Task>, exitcode <0>
[2020-11-26 12:22:26][1772][INFO]service start running: service <C_Media>, exitcode <0>
[2020-11-26 12:22:26][1772][INFO]service start running: service <C_Proxy>, exitcode <0>
[2020-11-26 12:22:26][1772][INFO]service start running: service <C_Forwd>, exitcode <0>
[2020-11-26 12:22:26][1772][INFO]service start running: service <C_RTime>, exitcode <0>
[2020-11-26 12:22:31][1772][INFO]service start running: service <C_Task>, exitcode <0>
[2020-11-26 17:11:24][1480][INFO]service start running: service <C_Media>, exitcode <0>
[2020-11-26 17:11:24][1480][INFO]service start running: service <C_Proxy>, exitcode <0>
[2020-11-26 17:11:24][1480][INFO]service start running: service <C_Forwd>, exitcode <0>
[2020-11-26 17:11:24][1480][INFO]service start running: service <C_RTime>, exitcode <0>
[2020-11-26 17:11:29][1480][INFO]service start running: service <C_Task>, exitcode <0>
[2020-11-27 12:21:05][1732][INFO]service start running: service <C_Media>, exitcode <0>
[2020-11-27 12:21:05][1732][INFO]service start running: service <C_Proxy>, exitcode <0>
[2020-11-27 12:21:05][1732][INFO]service start running: service <C_Forwd>, exitcode <0>
[2020-11-27 12:21:05][1732][INFO]service start running: service <C_RTime>, exitcode <0>
[2020-11-27 12:21:10][1732][INFO]service start running: service <C_Task>, exitcode <0>
[2020-11-29 10:09:53][1764][INFO]service start running: service <C_Media>, exitcode <0>
[2020-11-29 10:09:53][1764][INFO]service start running: service <C_Proxy>, exitcode <0>
[2020-11-29 10:09:53][1764][INFO]service start running: service <C_Forwd>, exitcode <0>
[2020-11-29 10:09:53][1764][INFO]service start running: service <C_RTime>, exitcode <0>
[2020-11-29 10:09:58][1764][INFO]service start running: service <C_Task>, exitcode <0>
[2020-11-30 17:25:41][1744][INFO]service start running: service <C_Media>, exitcode <0>
[2020-11-30 17:25:41][1744][INFO]service start running: service <C_Proxy>, exitcode <0>
[2020-11-30 17:25:41][1744][INFO]service start running: service <C_Forwd>, exitcode <0>
[2020-11-30 17:25:41][1744][INFO]service start running: service <C_RTime>, exitcode <0>
[2020-11-30 17:25:46][1744][INFO]service start running: service <C_Task>, exitcode <0>
[2020-12-01 12:25:00][1736][INFO]service start running: service <C_Media>, exitcode <0>
[2020-12-01 12:25:00][1736][INFO]service start running: service <C_Proxy>, exitcode <0>
[2020-12-01 12:25:00][1736][INFO]service start running: service <C_Forwd>, exitcode <0>
[2020-12-01 12:25:00][1736][INFO]service start running: service <C_RTime>, exitcode <0>
[2020-12-01 12:25:05][1736][INFO]service start running: service <C_Task>, exitcode <0>
[2020-12-01 19:44:19][1744][INFO]service start running: service <C_Media>, exitcode <0>
[2020-12-01 19:44:19][1744][INFO]service start running: service <C_Proxy>, exitcode <0>
[2020-12-01 19:44:19][1744][INFO]service start running: service <C_Forwd>, exitcode <0>
[2020-12-01 19:44:19][1744][INFO]service start running: service <C_RTime>, exitcode <0>
[2020-12-01 19:44:24][1744][INFO]service start running: service <C_Task>, exitcode <0>
[2020-12-02 20:41:25][1744][INFO]service start running: service <C_Media>, exitcode <0>
[2020-12-02 20:41:25][1744][INFO]service start running: service <C_Proxy>, exitcode <0>
[2020-12-02 20:41:25][1744][INFO]service start running: service <C_Forwd>, exitcode <0>
[2020-12-02 20:41:25][1744][INFO]service start running: service <C_RTime>, exitcode <0>
[2020-12-02 20:41:30][1744][INFO]service start running: service <C_Task>, exitcode <0>
[2020-12-02 22:03:17][1452][INFO]service start running: service <C_Media>, exitcode <0>
[2020-12-02 22:03:17][1452][INFO]service start running: service <C_Proxy>, exitcode <0>
[2020-12-02 22:03:17][1452][INFO]service start running: service <C_Forwd>, exitcode <0>
[2020-12-02 22:03:17][1452][INFO]service start running: service <C_RTime>, exitcode <0>
[2020-12-02 22:03:22][1452][INFO]service start running: service <C_Task>, exitcode <0>
[2020-12-03 17:17:10][1736][INFO]service start running: service <C_Media>, exitcode <0>
[2020-12-03 17:17:10][1736][INFO]service start running: service <C_Proxy>, exitcode <0>
[2020-12-03 17:17:10][1736][INFO]service start running: service <C_Forwd>, exitcode <0>
[2020-12-03 17:17:10][1736][INFO]service start running: service <C_RTime>, exitcode <0>
[2020-12-03 17:17:15][1736][INFO]service start running: service <C_Task>, exitcode <0>
[2020-12-03 17:19:10][1764][INFO]service start running: service <C_Media>, exitcode <0>
[2020-12-03 17:19:10][1764][INFO]service start running: service <C_Proxy>, exitcode <0>
[2020-12-03 17:19:10][1764][INFO]service start running: service <C_Forwd>, exitcode <0>
[2020-12-03 17:19:10][1764][INFO]service start running: service <C_RTime>, exitcode <0>
[2020-12-03 17:19:15][1764][INFO]service start running: service <C_Task>, exitcode <0>
[2020-12-04 10:04:50][1496][INFO]service start running: service <C_Media>, exitcode <0>
[2020-12-04 10:04:50][1496][INFO]service start running: service <C_Proxy>, exitcode <0>
[2020-12-04 10:04:50][1496][INFO]service start running: service <C_Forwd>, exitcode <0>
[2020-12-04 10:04:50][1496][INFO]service start running: service <C_RTime>, exitcode <0>
[2020-12-04 10:04:55][1496][INFO]service start running: service <C_Task>, exitcode <0>
[2020-12-07 12:28:15][612][INFO]service start running: service <C_Media>, exitcode <0>
[2020-12-07 12:28:15][612][INFO]service start running: service <C_Proxy>, exitcode <0>
[2020-12-07 12:28:15][612][INFO]service start running: service <C_Forwd>, exitcode <0>
[2020-12-07 12:28:15][612][INFO]service start running: service <C_RTime>, exitcode <0>
[2020-12-07 12:28:20][612][INFO]service start running: service <C_Task>, exitcode <0>
[2020-12-07 17:26:00][1740][INFO]service start running: service <C_Media>, exitcode <0>
[2020-12-07 17:26:00][1740][INFO]service start running: service <C_Proxy>, exitcode <0>
[2020-12-07 17:26:00][1740][INFO]service start running: service <C_Forwd>, exitcode <0>
[2020-12-07 17:26:00][1740][INFO]service start running: service <C_RTime>, exitcode <0>
[2020-12-07 17:26:05][1740][INFO]service start running: service <C_Task>, exitcode <0>
[2020-12-08 12:33:27][1764][INFO]service start running: service <C_Media>, exitcode <0>
[2020-12-08 12:33:27][1764][INFO]service start running: service <C_Proxy>, exitcode <0>
[2020-12-08 12:33:27][1764][INFO]service start running: service <C_Forwd>, exitcode <0>
[2020-12-08 12:33:27][1764][INFO]service start running: service <C_RTime>, exitcode <0>
[2020-12-08 12:33:32][1764][INFO]service start running: service <C_Task>, exitcode <0>
[2020-12-09 21:41:54][1792][INFO]service start running: service <C_Media>, exitcode <0>
[2020-12-09 21:41:54][1792][INFO]service start running: service <C_Proxy>, exitcode <0>
[2020-12-09 21:41:54][1792][INFO]service start running: service <C_Forwd>, exitcode <0>
[2020-12-09 21:41:54][1792][INFO]service start running: service <C_RTime>, exitcode <0>
[2020-12-09 21:41:59][1792][INFO]service start running: service <C_Task>, exitcode <0>
[2020-12-10 12:26:09][788][INFO]service start running: service <C_Media>, exitcode <0>
[2020-12-10 12:26:09][788][INFO]service start running: service <C_Proxy>, exitcode <0>
[2020-12-10 12:26:09][788][INFO]service start running: service <C_Forwd>, exitcode <0>
[2020-12-10 12:26:09][788][INFO]service start running: service <C_RTime>, exitcode <0>
[2020-12-10 12:26:14][788][INFO]service start running: service <C_Task>, exitcode <0>
[2020-12-10 21:52:38][1736][INFO]service start running: service <C_Media>, exitcode <0>
[2020-12-10 21:52:38][1736][INFO]service start running: service <C_Proxy>, exitcode <0>
[2020-12-10 21:52:38][1736][INFO]service start running: service <C_Forwd>, exitcode <0>
[2020-12-10 21:52:38][1736][INFO]service start running: service <C_RTime>, exitcode <0>
[2020-12-10 21:52:43][1736][INFO]service start running: service <C_Task>, exitcode <0>
[2020-12-11 13:27:57][1740][INFO]service start running: service <C_Media>, exitcode <0>
[2020-12-11 13:27:57][1740][INFO]service start running: service <C_Proxy>, exitcode <0>
[2020-12-11 13:27:57][1740][INFO]service start running: service <C_Forwd>, exitcode <0>
[2020-12-11 13:27:57][1740][INFO]service start running: service <C_RTime>, exitcode <0>
[2020-12-11 13:28:02][1740][INFO]service start running: service <C_Task>, exitcode <0>
[2020-12-13 17:44:11][2012][INFO]service start running: service <C_Media>, exitcode <0>
[2020-12-13 17:44:11][2012][INFO]service start running: service <C_Proxy>, exitcode <0>
[2020-12-13 17:44:11][2012][INFO]service start running: service <C_Forwd>, exitcode <0>
[2020-12-13 17:44:11][2012][INFO]service start running: service <C_RTime>, exitcode <0>
[2020-12-13 17:44:16][2012][INFO]service start running: service <C_Task>, exitcode <0>
[2020-12-14 10:12:00][1748][INFO]service start running: service <C_Media>, exitcode <0>
[2020-12-14 10:12:00][1748][INFO]service start running: service <C_Proxy>, exitcode <0>
[2020-12-14 10:12:00][1748][INFO]service start running: service <C_Forwd>, exitcode <0>
[2020-12-14 10:12:00][1748][INFO]service start running: service <C_RTime>, exitcode <0>
[2020-12-14 10:12:05][1748][INFO]service start running: service <C_Task>, exitcode <0>
[2020-12-14 17:27:50][1748][INFO]service start running: service <C_Media>, exitcode <0>
[2020-12-14 17:27:50][1748][INFO]service start running: service <C_Proxy>, exitcode <0>
[2020-12-14 17:27:50][1748][INFO]service start running: service <C_Forwd>, exitcode <0>
[2020-12-14 17:27:50][1748][INFO]service start running: service <C_RTime>, exitcode <0>
[2020-12-14 17:27:55][1748][INFO]service start running: service <C_Task>, exitcode <0>
[2020-12-20 15:23:45][676][INFO]service start running: service <C_Media>, exitcode <0>
[2020-12-20 15:23:45][676][INFO]service start running: service <C_Proxy>, exitcode <0>
[2020-12-20 15:23:45][676][INFO]service start running: service <C_Forwd>, exitcode <0>
[2020-12-20 15:23:45][676][INFO]service start running: service <C_RTime>, exitcode <0>
[2020-12-20 15:23:50][676][INFO]service start running: service <C_Task>, exitcode <0>
[2020-12-21 17:28:12][1732][INFO]service start running: service <C_Media>, exitcode <0>
[2020-12-21 17:28:12][1732][INFO]service start running: service <C_Proxy>, exitcode <0>
[2020-12-21 17:28:12][1732][INFO]service start running: service <C_Forwd>, exitcode <0>
[2020-12-21 17:28:12][1732][INFO]service start running: service <C_RTime>, exitcode <0>
[2020-12-21 17:28:17][1732][INFO]service start running: service <C_Task>, exitcode <0>
[2020-12-22 12:33:12][1740][INFO]service start running: service <C_Media>, exitcode <0>
[2020-12-22 12:33:12][1740][INFO]service start running: service <C_Proxy>, exitcode <0>
[2020-12-22 12:33:12][1740][INFO]service start running: service <C_Forwd>, exitcode <0>
[2020-12-22 12:33:12][1740][INFO]service start running: service <C_RTime>, exitcode <0>
[2020-12-22 12:33:17][1740][INFO]service start running: service <C_Task>, exitcode <0>
[2020-12-23 12:32:31][1732][INFO]service start running: service <C_Media>, exitcode <0>
[2020-12-23 12:32:31][1732][INFO]service start running: service <C_Proxy>, exitcode <0>
[2020-12-23 12:32:31][1732][INFO]service start running: service <C_Forwd>, exitcode <0>
[2020-12-23 12:32:31][1732][INFO]service start running: service <C_RTime>, exitcode <0>
[2020-12-23 12:32:36][1732][INFO]service start running: service <C_Task>, exitcode <0>
[2020-12-24 12:37:29][1740][INFO]service start running: service <C_Media>, exitcode <0>
[2020-12-24 12:37:29][1740][INFO]service start running: service <C_Proxy>, exitcode <0>
[2020-12-24 12:37:29][1740][INFO]service start running: service <C_Forwd>, exitcode <0>
[2020-12-24 12:37:29][1740][INFO]service start running: service <C_RTime>, exitcode <0>
[2020-12-24 12:37:34][1740][INFO]service start running: service <C_Task>, exitcode <0>
[2020-12-24 19:34:25][728][INFO]service start running: service <C_Media>, exitcode <0>
[2020-12-24 19:34:25][728][INFO]service start running: service <C_Proxy>, exitcode <0>
[2020-12-24 19:34:25][728][INFO]service start running: service <C_Forwd>, exitcode <0>
[2020-12-24 19:34:25][728][INFO]service start running: service <C_RTime>, exitcode <0>
[2020-12-24 19:34:30][728][INFO]service start running: service <C_Task>, exitcode <0>
[2020-12-25 12:43:24][1756][INFO]service start running: service <C_Media>, exitcode <0>
[2020-12-25 12:43:24][1756][INFO]service start running: service <C_Proxy>, exitcode <0>
[2020-12-25 12:43:24][1756][INFO]service start running: service <C_Forwd>, exitcode <0>
[2020-12-25 12:43:24][1756][INFO]service start running: service <C_RTime>, exitcode <0>
[2020-12-25 12:43:29][1756][INFO]service start running: service <C_Task>, exitcode <0>
[2020-12-31 12:32:08][1744][INFO]service start running: service <C_Media>, exitcode <0>
[2020-12-31 12:32:08][1744][INFO]service start running: service <C_Proxy>, exitcode <0>
[2020-12-31 12:32:08][1744][INFO]service start running: service <C_Forwd>, exitcode <0>
[2020-12-31 12:32:08][1744][INFO]service start running: service <C_RTime>, exitcode <0>
[2020-12-31 12:32:13][1744][INFO]service start running: service <C_Task>, exitcode <0>
[2021-01-07 12:21:53][1736][INFO]service start running: service <C_Media>, exitcode <0>
[2021-01-07 12:21:53][1736][INFO]service start running: service <C_Proxy>, exitcode <0>
[2021-01-07 12:21:53][1736][INFO]service start running: service <C_Forwd>, exitcode <0>
[2021-01-07 12:21:53][1736][INFO]service start running: service <C_RTime>, exitcode <0>
[2021-01-07 12:21:58][1736][INFO]service start running: service <C_Task>, exitcode <0>
[2021-01-07 12:27:48][824][INFO]service start running: service <C_Media>, exitcode <0>
[2021-01-07 12:27:48][824][INFO]service start running: service <C_Proxy>, exitcode <0>
[2021-01-07 12:27:48][824][INFO]service start running: service <C_Forwd>, exitcode <0>
[2021-01-07 12:27:48][824][INFO]service start running: service <C_RTime>, exitcode <0>
[2021-01-07 12:27:53][824][INFO]service start running: service <C_Task>, exitcode <0>
[2021-01-08 12:19:54][1744][INFO]service start running: service <C_Media>, exitcode <0>
[2021-01-08 12:19:54][1744][INFO]service start running: service <C_Proxy>, exitcode <0>
[2021-01-08 12:19:54][1744][INFO]service start running: service <C_Forwd>, exitcode <0>
[2021-01-08 12:19:54][1744][INFO]service start running: service <C_RTime>, exitcode <0>
[2021-01-08 12:19:59][1744][INFO]service start running: service <C_Task>, exitcode <0>
[2021-01-08 17:31:40][240][INFO]service start running: service <C_Media>, exitcode <0>
[2021-01-08 17:31:40][240][INFO]service start running: service <C_Proxy>, exitcode <0>
[2021-01-08 17:31:40][240][INFO]service start running: service <C_Forwd>, exitcode <0>
[2021-01-08 17:31:40][240][INFO]service start running: service <C_RTime>, exitcode <0>
[2021-01-08 17:31:45][240][INFO]service start running: service <C_Task>, exitcode <0>
[2021-01-12 17:02:04][1748][INFO]service start running: service <C_Media>, exitcode <0>
[2021-01-12 17:02:04][1748][INFO]service start running: service <C_Proxy>, exitcode <0>
[2021-01-12 17:02:04][1748][INFO]service start running: service <C_Forwd>, exitcode <0>
[2021-01-12 17:02:04][1748][INFO]service start running: service <C_RTime>, exitcode <0>
[2021-01-12 17:02:09][1748][INFO]service start running: service <C_Task>, exitcode <0>
[2021-02-23 12:11:19][1604][INFO]service start running: service <C_Media>, exitcode <0>
[2021-02-23 12:11:19][1604][INFO]service start running: service <C_Proxy>, exitcode <0>
[2021-02-23 12:11:19][1604][INFO]service start running: service <C_Forwd>, exitcode <0>
[2021-02-23 12:11:19][1604][INFO]service start running: service <C_RTime>, exitcode <0>
[2021-02-23 12:11:24][1604][INFO]service start running: service <C_Task>, exitcode <0>
[2021-02-24 12:25:40][1364][INFO]service start running: service <C_Media>, exitcode <0>
[2021-02-24 12:25:40][1364][INFO]service start running: service <C_Proxy>, exitcode <0>
[2021-02-24 12:25:40][1364][INFO]service start running: service <C_Forwd>, exitcode <0>
[2021-02-24 12:25:40][1364][INFO]service start running: service <C_RTime>, exitcode <0>
[2021-02-24 12:25:45][1364][INFO]service start running: service <C_Task>, exitcode <0>
[2021-02-25 12:31:15][1764][INFO]service start running: service <C_Media>, exitcode <0>
[2021-02-25 12:31:15][1764][INFO]service start running: service <C_Proxy>, exitcode <0>
[2021-02-25 12:31:15][1764][INFO]service start running: service <C_Forwd>, exitcode <0>
[2021-02-25 12:31:15][1764][INFO]service start running: service <C_RTime>, exitcode <0>
[2021-02-25 12:31:20][1764][INFO]service start running: service <C_Task>, exitcode <0>
[2021-02-26 12:29:49][1736][INFO]service start running: service <C_Media>, exitcode <0>
[2021-02-26 12:29:49][1736][INFO]service start running: service <C_Proxy>, exitcode <0>
[2021-02-26 12:29:49][1736][INFO]service start running: service <C_Forwd>, exitcode <0>
[2021-02-26 12:29:49][1736][INFO]service start running: service <C_RTime>, exitcode <0>
[2021-02-26 12:29:54][1736][INFO]service start running: service <C_Task>, exitcode <0>
[2021-03-01 17:28:03][1744][INFO]service start running: service <C_Media>, exitcode <0>
[2021-03-01 17:28:03][1744][INFO]service start running: service <C_Proxy>, exitcode <0>
[2021-03-01 17:28:03][1744][INFO]service start running: service <C_Forwd>, exitcode <0>
[2021-03-01 17:28:03][1744][INFO]service start running: service <C_RTime>, exitcode <0>
[2021-03-01 17:28:08][1744][INFO]service start running: service <C_Task>, exitcode <0>
[2021-03-02 06:28:12][1732][INFO]service start running: service <C_Media>, exitcode <0>
[2021-03-02 06:28:12][1732][INFO]service start running: service <C_Proxy>, exitcode <0>
[2021-03-02 06:28:12][1732][INFO]service start running: service <C_Forwd>, exitcode <0>
[2021-03-02 06:28:12][1732][INFO]service start running: service <C_RTime>, exitcode <0>
[2021-03-02 06:28:17][1732][INFO]service start running: service <C_Task>, exitcode <0>
[2021-03-03 21:43:19][484][INFO]service start running: service <C_Media>, exitcode <0>
[2021-03-03 21:43:19][484][INFO]service start running: service <C_Proxy>, exitcode <0>
[2021-03-03 21:43:19][484][INFO]service start running: service <C_Forwd>, exitcode <0>
[2021-03-03 21:43:19][484][INFO]service start running: service <C_RTime>, exitcode <0>
[2021-03-03 21:43:24][484][INFO]service start running: service <C_Task>, exitcode <0>
[2021-03-04 06:17:00][1516][INFO]service start running: service <C_Media>, exitcode <0>
[2021-03-04 06:17:00][1516][INFO]service start running: service <C_Proxy>, exitcode <0>
[2021-03-04 06:17:00][1516][INFO]service start running: service <C_Forwd>, exitcode <0>
[2021-03-04 06:17:00][1516][INFO]service start running: service <C_RTime>, exitcode <0>
[2021-03-04 06:17:05][1516][INFO]service start running: service <C_Task>, exitcode <0>
[2021-03-04 17:53:28][328][INFO]service start running: service <C_Media>, exitcode <0>
[2021-03-04 17:53:28][328][INFO]service start running: service <C_Proxy>, exitcode <0>
[2021-03-04 17:53:28][328][INFO]service start running: service <C_Forwd>, exitcode <0>
[2021-03-04 17:53:28][328][INFO]service start running: service <C_RTime>, exitcode <0>
[2021-03-04 17:53:33][328][INFO]service start running: service <C_Task>, exitcode <0>
[2021-03-08 17:26:52][1824][INFO]service start running: service <C_Media>, exitcode <0>
[2021-03-08 17:26:52][1824][INFO]service start running: service <C_Proxy>, exitcode <0>
[2021-03-08 17:26:52][1824][INFO]service start running: service <C_Forwd>, exitcode <0>
[2021-03-08 17:26:52][1824][INFO]service start running: service <C_RTime>, exitcode <0>
[2021-03-08 17:26:57][1824][INFO]service start running: service <C_Task>, exitcode <0>
[2021-03-09 06:25:25][1728][INFO]service start running: service <C_Media>, exitcode <0>
[2021-03-09 06:25:25][1728][INFO]service start running: service <C_Proxy>, exitcode <0>
[2021-03-09 06:25:25][1728][INFO]service start running: service <C_Forwd>, exitcode <0>
[2021-03-09 06:25:25][1728][INFO]service start running: service <C_RTime>, exitcode <0>
[2021-03-09 06:25:30][1728][INFO]service start running: service <C_Task>, exitcode <0>
[2021-03-11 12:27:03][1812][INFO]service start running: service <C_Media>, exitcode <0>
[2021-03-11 12:27:03][1812][INFO]service start running: service <C_Proxy>, exitcode <0>
[2021-03-11 12:27:03][1812][INFO]service start running: service <C_Forwd>, exitcode <0>
[2021-03-11 12:27:03][1812][INFO]service start running: service <C_RTime>, exitcode <0>
[2021-03-11 12:27:09][1812][INFO]service start running: service <C_Task>, exitcode <0>
[2021-03-12 12:32:33][1748][INFO]service start running: service <C_Media>, exitcode <0>
[2021-03-12 12:32:33][1748][INFO]service start running: service <C_Proxy>, exitcode <0>
[2021-03-12 12:32:33][1748][INFO]service start running: service <C_Forwd>, exitcode <0>
[2021-03-12 12:32:33][1748][INFO]service start running: service <C_RTime>, exitcode <0>
[2021-03-12 12:32:38][1748][INFO]service start running: service <C_Task>, exitcode <0>
[2021-03-15 17:27:31][1736][INFO]service start running: service <C_Media>, exitcode <0>
[2021-03-15 17:27:31][1736][INFO]service start running: service <C_Proxy>, exitcode <0>
[2021-03-15 17:27:31][1736][INFO]service start running: service <C_Forwd>, exitcode <0>
[2021-03-15 17:27:31][1736][INFO]service start running: service <C_RTime>, exitcode <0>
[2021-03-15 17:27:36][1736][INFO]service start running: service <C_Task>, exitcode <0>
[2021-03-18 12:09:35][1728][INFO]service start running: service <C_Media>, exitcode <0>
[2021-03-18 12:09:35][1728][INFO]service start running: service <C_Proxy>, exitcode <0>
[2021-03-18 12:09:35][1728][INFO]service start running: service <C_Forwd>, exitcode <0>
[2021-03-18 12:09:35][1728][INFO]service start running: service <C_RTime>, exitcode <0>
[2021-03-18 12:09:40][1728][INFO]service start running: service <C_Task>, exitcode <0>
[2021-03-25 12:45:19][244][INFO]service start running: service <C_Media>, exitcode <0>
[2021-03-25 12:45:19][244][INFO]service start running: service <C_Proxy>, exitcode <0>
[2021-03-25 12:45:20][244][INFO]service start running: service <C_Forwd>, exitcode <0>
[2021-03-25 12:45:20][244][INFO]service start running: service <C_RTime>, exitcode <0>
[2021-03-25 12:45:25][244][INFO]service start running: service <C_Task>, exitcode <0>
[2021-03-26 12:31:49][1728][INFO]service start running: service <C_Media>, exitcode <0>
[2021-03-26 12:31:49][1728][INFO]service start running: service <C_Proxy>, exitcode <0>
[2021-03-26 12:31:49][1728][INFO]service start running: service <C_Forwd>, exitcode <0>
[2021-03-26 12:31:49][1728][INFO]service start running: service <C_RTime>, exitcode <0>
[2021-03-26 12:31:54][1728][INFO]service start running: service <C_Task>, exitcode <0>
[2021-04-01 12:07:55][1732][INFO]service start running: service <C_Media>, exitcode <0>
[2021-04-01 12:07:55][1732][INFO]service start running: service <C_Proxy>, exitcode <0>
[2021-04-01 12:07:55][1732][INFO]service start running: service <C_Forwd>, exitcode <0>
[2021-04-01 12:07:55][1732][INFO]service start running: service <C_RTime>, exitcode <0>
[2021-04-01 12:08:00][1732][INFO]service start running: service <C_Task>, exitcode <0>
[2021-04-02 11:56:49][1728][INFO]service start running: service <C_Media>, exitcode <0>
[2021-04-02 11:56:49][1728][INFO]service start running: service <C_Proxy>, exitcode <0>
[2021-04-02 11:56:49][1728][INFO]service start running: service <C_Forwd>, exitcode <0>
[2021-04-02 11:56:49][1728][INFO]service start running: service <C_RTime>, exitcode <0>
[2021-04-02 11:56:54][1728][INFO]service start running: service <C_Task>, exitcode <0>
[2021-04-06 12:34:16][1924][INFO]service start running: service <C_Media>, exitcode <0>
[2021-04-06 12:34:16][1924][INFO]service start running: service <C_Proxy>, exitcode <0>
[2021-04-06 12:34:16][1924][INFO]service start running: service <C_Forwd>, exitcode <0>
[2021-04-06 12:34:16][1924][INFO]service start running: service <C_RTime>, exitcode <0>
[2021-04-06 12:34:21][1924][INFO]service start running: service <C_Task>, exitcode <0>
[2021-04-08 12:47:07][1744][INFO]service start running: service <C_Media>, exitcode <0>
[2021-04-08 12:47:07][1744][INFO]service start running: service <C_Proxy>, exitcode <0>
[2021-04-08 12:47:07][1744][INFO]service start running: service <C_Forwd>, exitcode <0>
[2021-04-08 12:47:07][1744][INFO]service start running: service <C_RTime>, exitcode <0>
[2021-04-08 12:47:12][1744][INFO]service start running: service <C_Task>, exitcode <0>
[2021-04-08 20:41:46][1728][INFO]service start running: service <C_Media>, exitcode <0>
[2021-04-08 20:41:46][1728][INFO]service start running: service <C_Proxy>, exitcode <0>
[2021-04-08 20:41:46][1728][INFO]service start running: service <C_Forwd>, exitcode <0>
[2021-04-08 20:41:46][1728][INFO]service start running: service <C_RTime>, exitcode <0>
[2021-04-08 20:41:51][1728][INFO]service start running: service <C_Task>, exitcode <0>
[2021-04-15 12:17:17][2004][INFO]service start running: service <C_Media>, exitcode <0>
[2021-04-15 12:17:17][2004][INFO]service start running: service <C_Proxy>, exitcode <0>
[2021-04-15 12:17:17][2004][INFO]service start running: service <C_Forwd>, exitcode <0>
[2021-04-15 12:17:17][2004][INFO]service start running: service <C_RTime>, exitcode <0>
[2021-04-15 12:17:22][2004][INFO]service start running: service <C_Task>, exitcode <0>
[2021-04-16 09:58:15][1720][INFO]service start running: service <C_Media>, exitcode <0>
[2021-04-16 09:58:15][1720][INFO]service start running: service <C_Proxy>, exitcode <0>
[2021-04-16 09:58:15][1720][INFO]service start running: service <C_Forwd>, exitcode <0>
[2021-04-16 09:58:15][1720][INFO]service start running: service <C_RTime>, exitcode <0>
[2021-04-16 09:58:20][1720][INFO]service start running: service <C_Task>, exitcode <0>
[2021-04-22 12:42:18][1996][INFO]service start running: service <C_Media>, exitcode <0>
[2021-04-22 12:42:18][1996][INFO]service start running: service <C_Proxy>, exitcode <0>
[2021-04-22 12:42:18][1996][INFO]service start running: service <C_Forwd>, exitcode <0>
[2021-04-22 12:42:18][1996][INFO]service start running: service <C_RTime>, exitcode <0>
[2021-04-22 12:42:23][1996][INFO]service start running: service <C_Task>, exitcode <0>
[2021-04-23 09:58:08][1752][INFO]service start running: service <C_Media>, exitcode <0>
[2021-04-23 09:58:08][1752][INFO]service start running: service <C_Proxy>, exitcode <0>
[2021-04-23 09:58:08][1752][INFO]service start running: service <C_Forwd>, exitcode <0>
[2021-04-23 09:58:08][1752][INFO]service start running: service <C_RTime>, exitcode <0>
[2021-04-23 09:58:13][1752][INFO]service start running: service <C_Task>, exitcode <0>
[2021-04-24 10:11:09][1836][INFO]service start running: service <C_Media>, exitcode <0>
[2021-04-24 10:11:09][1836][INFO]service start running: service <C_Proxy>, exitcode <0>
[2021-04-24 10:11:09][1836][INFO]service start running: service <C_Forwd>, exitcode <0>
[2021-04-24 10:11:09][1836][INFO]service start running: service <C_RTime>, exitcode <0>
[2021-04-24 10:11:14][1836][INFO]service start running: service <C_Task>, exitcode <0>
[2021-05-06 12:45:51][1868][INFO]service start running: service <C_Media>, exitcode <0>
[2021-05-06 12:45:51][1868][INFO]service start running: service <C_Proxy>, exitcode <0>
[2021-05-06 12:45:51][1868][INFO]service start running: service <C_Forwd>, exitcode <0>
[2021-05-06 12:45:51][1868][INFO]service start running: service <C_RTime>, exitcode <0>
[2021-05-06 12:45:56][1868][INFO]service start running: service <C_Task>, exitcode <0>
[2021-05-12 12:05:41][120][INFO]service start running: service <C_Media>, exitcode <0>
[2021-05-12 12:05:41][120][INFO]service start running: service <C_Proxy>, exitcode <0>
[2021-05-12 12:05:41][120][INFO]service start running: service <C_Forwd>, exitcode <0>
[2021-05-12 12:05:41][120][INFO]service start running: service <C_RTime>, exitcode <0>
[2021-05-12 12:05:46][120][INFO]service start running: service <C_Task>, exitcode <0>
[2021-05-13 17:53:57][1724][INFO]service start running: service <C_Media>, exitcode <0>
[2021-05-13 17:53:57][1724][INFO]service start running: service <C_Proxy>, exitcode <0>
[2021-05-13 17:53:57][1724][INFO]service start running: service <C_Forwd>, exitcode <0>
[2021-05-13 17:53:57][1724][INFO]service start running: service <C_RTime>, exitcode <0>
[2021-05-13 17:54:02][1724][INFO]service start running: service <C_Task>, exitcode <0>
[2021-05-17 06:31:33][2188][INFO]service start running: service <C_Media>, exitcode <0>
[2021-05-17 06:31:33][2188][INFO]service start running: service <C_Proxy>, exitcode <0>
[2021-05-17 06:31:33][2188][INFO]service start running: service <C_Forwd>, exitcode <0>
[2021-05-17 06:31:33][2188][INFO]service start running: service <C_RTime>, exitcode <0>
[2021-05-17 06:31:38][2188][INFO]service start running: service <C_Task>, exitcode <0>
[2021-05-18 17:43:03][1488][INFO]service start running: service <C_Media>, exitcode <0>
[2021-05-18 17:43:03][1488][INFO]service start running: service <C_Proxy>, exitcode <0>
[2021-05-18 17:43:03][1488][INFO]service start running: service <C_Forwd>, exitcode <0>
[2021-05-18 17:43:03][1488][INFO]service start running: service <C_RTime>, exitcode <0>
[2021-05-18 17:43:08][1488][INFO]service start running: service <C_Task>, exitcode <0>
[2021-05-18 20:44:24][1724][INFO]service start running: service <C_Media>, exitcode <0>
[2021-05-18 20:44:24][1724][INFO]service start running: service <C_Proxy>, exitcode <0>
[2021-05-18 20:44:24][1724][INFO]service start running: service <C_Forwd>, exitcode <0>
[2021-05-18 20:44:24][1724][INFO]service start running: service <C_RTime>, exitcode <0>
[2021-05-18 20:44:29][1724][INFO]service start running: service <C_Task>, exitcode <0>
[2021-05-20 19:47:38][1748][INFO]service start running: service <C_Media>, exitcode <0>
[2021-05-20 19:47:38][1748][INFO]service start running: service <C_Proxy>, exitcode <0>
[2021-05-20 19:47:38][1748][INFO]service start running: service <C_Forwd>, exitcode <0>
[2021-05-20 19:47:38][1748][INFO]service start running: service <C_RTime>, exitcode <0>
[2021-05-20 19:47:43][1748][INFO]service start running: service <C_Task>, exitcode <0>
[2021-05-27 19:43:18][1740][INFO]service start running: service <C_Media>, exitcode <0>
[2021-05-27 19:43:18][1740][INFO]service start running: service <C_Proxy>, exitcode <0>
[2021-05-27 19:43:18][1740][INFO]service start running: service <C_Forwd>, exitcode <0>
[2021-05-27 19:43:18][1740][INFO]service start running: service <C_RTime>, exitcode <0>
[2021-05-27 19:43:23][1740][INFO]service start running: service <C_Task>, exitcode <0>
[2021-06-16 17:45:07][116][INFO]service start running: service <C_Media>, exitcode <0>
[2021-06-16 17:45:07][116][INFO]service start running: service <C_Proxy>, exitcode <0>
[2021-06-16 17:45:07][116][INFO]service start running: service <C_Forwd>, exitcode <0>
[2021-06-16 17:45:07][116][INFO]service start running: service <C_RTime>, exitcode <0>
[2021-06-16 17:45:12][116][INFO]service start running: service <C_Task>, exitcode <0>
[2021-06-16 18:04:16][1728][INFO]service start running: service <C_Media>, exitcode <0>
[2021-06-16 18:04:16][1728][INFO]service start running: service <C_Proxy>, exitcode <0>
[2021-06-16 18:04:16][1728][INFO]service start running: service <C_Forwd>, exitcode <0>
[2021-06-16 18:04:16][1728][INFO]service start running: service <C_RTime>, exitcode <0>
[2021-06-16 18:04:21][1728][INFO]service start running: service <C_Task>, exitcode <0>
[2021-06-17 17:03:05][116][INFO]service start running: service <C_Media>, exitcode <0>
[2021-06-17 17:03:05][116][INFO]service start running: service <C_Proxy>, exitcode <0>
[2021-06-17 17:03:05][116][INFO]service start running: service <C_Forwd>, exitcode <0>
[2021-06-17 17:03:05][116][INFO]service start running: service <C_RTime>, exitcode <0>
[2021-06-17 17:03:10][116][INFO]service start running: service <C_Task>, exitcode <0>
[2021-07-01 16:56:41][1732][INFO]service start running: service <C_Media>, exitcode <0>
[2021-07-01 16:56:41][1732][INFO]service start running: service <C_Proxy>, exitcode <0>
[2021-07-01 16:56:41][1732][INFO]service start running: service <C_Forwd>, exitcode <0>
[2021-07-01 16:56:41][1732][INFO]service start running: service <C_RTime>, exitcode <0>
[2021-07-01 16:56:46][1732][INFO]service start running: service <C_Task>, exitcode <0>
[2021-07-06 17:07:16][1728][INFO]service start running: service <C_Media>, exitcode <0>
[2021-07-06 17:07:16][1728][INFO]service start running: service <C_Proxy>, exitcode <0>
[2021-07-06 17:07:16][1728][INFO]service start running: service <C_Forwd>, exitcode <0>
[2021-07-06 17:07:16][1728][INFO]service start running: service <C_RTime>, exitcode <0>
[2021-07-06 17:07:21][1728][INFO]service start running: service <C_Task>, exitcode <0>
[2021-07-08 16:55:52][1724][INFO]service start running: service <C_Media>, exitcode <0>
[2021-07-08 16:55:52][1724][INFO]service start running: service <C_Proxy>, exitcode <0>
[2021-07-08 16:55:52][1724][INFO]service start running: service <C_Forwd>, exitcode <0>
[2021-07-08 16:55:52][1724][INFO]service start running: service <C_RTime>, exitcode <0>
[2021-07-08 16:55:57][1724][INFO]service start running: service <C_Task>, exitcode <0>
[2021-07-09 13:17:02][1728][INFO]service start running: service <C_Media>, exitcode <0>
[2021-07-09 13:17:02][1728][INFO]service start running: service <C_Proxy>, exitcode <0>
[2021-07-09 13:17:02][1728][INFO]service start running: service <C_Forwd>, exitcode <0>
[2021-07-09 13:17:02][1728][INFO]service start running: service <C_RTime>, exitcode <0>
[2021-07-09 13:17:07][1728][INFO]service start running: service <C_Task>, exitcode <0>
[2021-07-09 16:31:40][1716][INFO]service start running: service <C_Media>, exitcode <0>
[2021-07-09 16:31:40][1716][INFO]service start running: service <C_Proxy>, exitcode <0>
[2021-07-09 16:31:40][1716][INFO]service start running: service <C_Forwd>, exitcode <0>
[2021-07-09 16:31:40][1716][INFO]service start running: service <C_RTime>, exitcode <0>
[2021-07-09 16:31:45][1716][INFO]service start running: service <C_Task>, exitcode <0>
[2021-09-01 17:52:46][1724][INFO]service start running: service <C_Media>, exitcode <0>
[2021-09-01 17:52:46][1724][INFO]service start running: service <C_Proxy>, exitcode <0>
[2021-09-01 17:52:46][1724][INFO]service start running: service <C_Forwd>, exitcode <0>
[2021-09-01 17:52:46][1724][INFO]service start running: service <C_RTime>, exitcode <0>
[2021-09-01 17:52:51][1724][INFO]service start running: service <C_Task>, exitcode <0>
[2021-09-03 18:09:17][1956][INFO]service start running: service <C_Media>, exitcode <0>
[2021-09-03 18:09:17][1956][INFO]service start running: service <C_Proxy>, exitcode <0>
[2021-09-03 18:09:17][1956][INFO]service start running: service <C_Forwd>, exitcode <0>
[2021-09-03 18:09:17][1956][INFO]service start running: service <C_RTime>, exitcode <0>
[2021-09-03 18:09:22][1956][INFO]service start running: service <C_Task>, exitcode <0>
[2021-09-08 17:56:58][1728][INFO]service start running: service <C_Media>, exitcode <0>
[2021-09-08 17:56:58][1728][INFO]service start running: service <C_Proxy>, exitcode <0>
[2021-09-08 17:56:58][1728][INFO]service start running: service <C_Forwd>, exitcode <0>
[2021-09-08 17:56:58][1728][INFO]service start running: service <C_RTime>, exitcode <0>
[2021-09-08 17:57:03][1728][INFO]service start running: service <C_Task>, exitcode <0>
[2021-09-09 17:44:13][1724][INFO]service start running: service <C_Media>, exitcode <0>
[2021-09-09 17:44:13][1724][INFO]service start running: service <C_Proxy>, exitcode <0>
[2021-09-09 17:44:13][1724][INFO]service start running: service <C_Forwd>, exitcode <0>
[2021-09-09 17:44:13][1724][INFO]service start running: service <C_RTime>, exitcode <0>
[2021-09-09 17:44:18][1724][INFO]service start running: service <C_Task>, exitcode <0>
[2021-09-11 17:00:06][1724][INFO]service start running: service <C_Media>, exitcode <0>
[2021-09-11 17:00:06][1724][INFO]service start running: service <C_Proxy>, exitcode <0>
[2021-09-11 17:00:06][1724][INFO]service start running: service <C_Forwd>, exitcode <0>
[2021-09-11 17:00:06][1724][INFO]service start running: service <C_RTime>, exitcode <0>
[2021-09-11 17:00:11][1724][INFO]service start running: service <C_Task>, exitcode <0>
[2021-09-14 17:56:35][1716][INFO]service start running: service <C_Media>, exitcode <0>
[2021-09-14 17:56:35][1716][INFO]service start running: service <C_Proxy>, exitcode <0>
[2021-09-14 17:56:35][1716][INFO]service start running: service <C_Forwd>, exitcode <0>
[2021-09-14 17:56:35][1716][INFO]service start running: service <C_RTime>, exitcode <0>
[2021-09-14 17:56:40][1716][INFO]service start running: service <C_Task>, exitcode <0>
[2021-09-15 17:53:45][1728][INFO]service start running: service <C_Media>, exitcode <0>
[2021-09-15 17:53:45][1728][INFO]service start running: service <C_Proxy>, exitcode <0>
[2021-09-15 17:53:45][1728][INFO]service start running: service <C_Forwd>, exitcode <0>
[2021-09-15 17:53:45][1728][INFO]service start running: service <C_RTime>, exitcode <0>
[2021-09-15 17:53:50][1728][INFO]service start running: service <C_Task>, exitcode <0>
[2021-09-16 17:43:24][1988][INFO]service start running: service <C_Media>, exitcode <0>
[2021-09-16 17:43:24][1988][INFO]service start running: service <C_Proxy>, exitcode <0>
[2021-09-16 17:43:24][1988][INFO]service start running: service <C_Forwd>, exitcode <0>
[2021-09-16 17:43:24][1988][INFO]service start running: service <C_RTime>, exitcode <0>
[2021-09-16 17:43:29][1988][INFO]service start running: service <C_Task>, exitcode <0>
[2021-09-22 17:54:49][1728][INFO]service start running: service <C_Media>, exitcode <0>
[2021-09-22 17:54:49][1728][INFO]service start running: service <C_Proxy>, exitcode <0>
[2021-09-22 17:54:49][1728][INFO]service start running: service <C_Forwd>, exitcode <0>
[2021-09-22 17:54:49][1728][INFO]service start running: service <C_RTime>, exitcode <0>
[2021-09-22 17:54:54][1728][INFO]service start running: service <C_Task>, exitcode <0>
[2021-09-23 12:21:18][1728][INFO]service start running: service <C_Media>, exitcode <0>
[2021-09-23 12:21:18][1728][INFO]service start running: service <C_Proxy>, exitcode <0>
[2021-09-23 12:21:18][1728][INFO]service start running: service <C_Forwd>, exitcode <0>
[2021-09-23 12:21:18][1728][INFO]service start running: service <C_RTime>, exitcode <0>
[2021-09-23 12:21:23][1728][INFO]service start running: service <C_Task>, exitcode <0>
[2021-09-24 12:40:27][616][INFO]service start running: service <C_Media>, exitcode <0>
[2021-09-24 12:40:27][616][INFO]service start running: service <C_Proxy>, exitcode <0>
[2021-09-24 12:40:27][616][INFO]service start running: service <C_Forwd>, exitcode <0>
[2021-09-24 12:40:27][616][INFO]service start running: service <C_RTime>, exitcode <0>
[2021-09-24 12:40:32][616][INFO]service start running: service <C_Task>, exitcode <0>
[2021-09-26 15:57:33][232][INFO]service start running: service <C_Media>, exitcode <0>
[2021-09-26 15:57:33][232][INFO]service start running: service <C_Proxy>, exitcode <0>
[2021-09-26 15:57:33][232][INFO]service start running: service <C_Forwd>, exitcode <0>
[2021-09-26 15:57:33][232][INFO]service start running: service <C_RTime>, exitcode <0>
[2021-09-26 15:57:38][232][INFO]service start running: service <C_Task>, exitcode <0>
[2021-09-27 15:54:24][1724][INFO]service start running: service <C_Media>, exitcode <0>
[2021-09-27 15:54:24][1724][INFO]service start running: service <C_Proxy>, exitcode <0>
[2021-09-27 15:54:24][1724][INFO]service start running: service <C_Forwd>, exitcode <0>
[2021-09-27 15:54:24][1724][INFO]service start running: service <C_RTime>, exitcode <0>
[2021-09-27 15:54:29][1724][INFO]service start running: service <C_Task>, exitcode <0>
[2021-09-28 17:37:43][1728][INFO]service start running: service <C_Media>, exitcode <0>
[2021-09-28 17:37:43][1728][INFO]service start running: service <C_Proxy>, exitcode <0>
[2021-09-28 17:37:43][1728][INFO]service start running: service <C_Forwd>, exitcode <0>
[2021-09-28 17:37:43][1728][INFO]service start running: service <C_RTime>, exitcode <0>
[2021-09-28 17:37:48][1728][INFO]service start running: service <C_Task>, exitcode <0>
[2021-10-13 17:25:37][1724][INFO]service start running: service <C_Media>, exitcode <0>
[2021-10-13 17:25:37][1724][INFO]service start running: service <C_Proxy>, exitcode <0>
[2021-10-13 17:25:37][1724][INFO]service start running: service <C_Forwd>, exitcode <0>
[2021-10-13 17:25:37][1724][INFO]service start running: service <C_RTime>, exitcode <0>
[2021-10-13 17:25:42][1724][INFO]service start running: service <C_Task>, exitcode <0>
[2021-10-14 16:40:30][1736][INFO]service start running: service <C_Media>, exitcode <0>
[2021-10-14 16:40:30][1736][INFO]service start running: service <C_Proxy>, exitcode <0>
[2021-10-14 16:40:30][1736][INFO]service start running: service <C_Forwd>, exitcode <0>
[2021-10-14 16:40:30][1736][INFO]service start running: service <C_RTime>, exitcode <0>
[2021-10-14 16:40:35][1736][INFO]service start running: service <C_Task>, exitcode <0>
[2021-10-18 15:41:02][1740][INFO]service start running: service <C_Media>, exitcode <0>
[2021-10-18 15:41:02][1740][INFO]service start running: service <C_Proxy>, exitcode <0>
[2021-10-18 15:41:02][1740][INFO]service start running: service <C_Forwd>, exitcode <0>
[2021-10-18 15:41:02][1740][INFO]service start running: service <C_RTime>, exitcode <0>
[2021-10-18 15:41:07][1740][INFO]service start running: service <C_Task>, exitcode <0>
[2021-10-19 10:06:27][1736][INFO]service start running: service <C_Media>, exitcode <0>
[2021-10-19 10:06:27][1736][INFO]service start running: service <C_Proxy>, exitcode <0>
[2021-10-19 10:06:27][1736][INFO]service start running: service <C_Forwd>, exitcode <0>
[2021-10-19 10:06:27][1736][INFO]service start running: service <C_RTime>, exitcode <0>
[2021-10-19 10:06:32][1736][INFO]service start running: service <C_Task>, exitcode <0>
[2021-10-19 16:46:37][1736][INFO]service start running: service <C_Media>, exitcode <0>
[2021-10-19 16:46:37][1736][INFO]service start running: service <C_Proxy>, exitcode <0>
[2021-10-19 16:46:37][1736][INFO]service start running: service <C_Forwd>, exitcode <0>
[2021-10-19 16:46:37][1736][INFO]service start running: service <C_RTime>, exitcode <0>
[2021-10-19 16:46:43][1736][INFO]service start running: service <C_Task>, exitcode <0>
[2021-10-21 16:41:20][1744][INFO]service start running: service <C_Media>, exitcode <0>
[2021-10-21 16:41:20][1744][INFO]service start running: service <C_Proxy>, exitcode <0>
[2021-10-21 16:41:20][1744][INFO]service start running: service <C_Forwd>, exitcode <0>
[2021-10-21 16:41:20][1744][INFO]service start running: service <C_RTime>, exitcode <0>
[2021-10-21 16:41:25][1744][INFO]service start running: service <C_Task>, exitcode <0>
[2021-10-25 15:40:14][1736][INFO]service start running: service <C_Media>, exitcode <0>
[2021-10-25 15:40:14][1736][INFO]service start running: service <C_Proxy>, exitcode <0>
[2021-10-25 15:40:14][1736][INFO]service start running: service <C_Forwd>, exitcode <0>
[2021-10-25 15:40:14][1736][INFO]service start running: service <C_RTime>, exitcode <0>
[2021-10-25 15:40:19][1736][INFO]service start running: service <C_Task>, exitcode <0>
[2021-11-01 17:40:45][1720][INFO]service start running: service <C_Media>, exitcode <0>
[2021-11-01 17:40:45][1720][INFO]service start running: service <C_Proxy>, exitcode <0>
[2021-11-01 17:40:45][1720][INFO]service start running: service <C_Forwd>, exitcode <0>
[2021-11-01 17:40:45][1720][INFO]service start running: service <C_RTime>, exitcode <0>
[2021-11-01 17:40:50][1720][INFO]service start running: service <C_Task>, exitcode <0>
[2021-11-02 16:55:30][1980][INFO]service start running: service <C_Media>, exitcode <0>
[2021-11-02 16:55:30][1980][INFO]service start running: service <C_Proxy>, exitcode <0>
[2021-11-02 16:55:30][1980][INFO]service start running: service <C_Forwd>, exitcode <0>
[2021-11-02 16:55:30][1980][INFO]service start running: service <C_RTime>, exitcode <0>
[2021-11-02 16:55:35][1980][INFO]service start running: service <C_Task>, exitcode <0>
[2021-11-03 17:34:32][564][INFO]service start running: service <C_Media>, exitcode <0>
[2021-11-03 17:34:32][564][INFO]service start running: service <C_Proxy>, exitcode <0>
[2021-11-03 17:34:32][564][INFO]service start running: service <C_Forwd>, exitcode <0>
[2021-11-03 17:34:32][564][INFO]service start running: service <C_RTime>, exitcode <0>
[2021-11-03 17:34:38][564][INFO]service start running: service <C_Task>, exitcode <0>
[2021-11-04 17:30:03][612][INFO]service start running: service <C_Media>, exitcode <0>
[2021-11-04 17:30:03][612][INFO]service start running: service <C_Proxy>, exitcode <0>
[2021-11-04 17:30:03][612][INFO]service start running: service <C_Forwd>, exitcode <0>
[2021-11-04 17:30:03][612][INFO]service start running: service <C_RTime>, exitcode <0>
[2021-11-04 17:30:09][612][INFO]service start running: service <C_Task>, exitcode <0>
[2021-11-08 15:40:49][892][INFO]service start running: service <C_Media>, exitcode <0>
[2021-11-08 15:40:49][892][INFO]service start running: service <C_Proxy>, exitcode <0>
[2021-11-08 15:40:49][892][INFO]service start running: service <C_Forwd>, exitcode <0>
[2021-11-08 15:40:49][892][INFO]service start running: service <C_RTime>, exitcode <0>
[2021-11-08 15:40:54][892][INFO]service start running: service <C_Task>, exitcode <0>
[2021-11-09 15:56:19][1824][INFO]service start running: service <C_Media>, exitcode <0>
[2021-11-09 15:56:19][1824][INFO]service start running: service <C_Proxy>, exitcode <0>
[2021-11-09 15:56:19][1824][INFO]service start running: service <C_Forwd>, exitcode <0>
[2021-11-09 15:56:19][1824][INFO]service start running: service <C_RTime>, exitcode <0>
[2021-11-09 15:56:24][1824][INFO]service start running: service <C_Task>, exitcode <0>
[2021-11-09 16:45:14][1604][INFO]service start running: service <C_Media>, exitcode <0>
[2021-11-09 16:45:14][1604][INFO]service start running: service <C_Proxy>, exitcode <0>
[2021-11-09 16:45:14][1604][INFO]service start running: service <C_Forwd>, exitcode <0>
[2021-11-09 16:45:14][1604][INFO]service start running: service <C_RTime>, exitcode <0>
[2021-11-09 16:45:20][1604][INFO]service start running: service <C_Task>, exitcode <0>
[2021-11-10 17:34:20][1604][INFO]service start running: service <C_Media>, exitcode <0>
[2021-11-10 17:34:20][1604][INFO]service start running: service <C_Proxy>, exitcode <0>
[2021-11-10 17:34:20][1604][INFO]service start running: service <C_Forwd>, exitcode <0>
[2021-11-10 17:34:20][1604][INFO]service start running: service <C_RTime>, exitcode <0>
[2021-11-10 17:34:25][1604][INFO]service start running: service <C_Task>, exitcode <0>
[2021-11-11 17:22:16][1740][INFO]service start running: service <C_Media>, exitcode <0>
[2021-11-11 17:22:16][1740][INFO]service start running: service <C_Proxy>, exitcode <0>
[2021-11-11 17:22:16][1740][INFO]service start running: service <C_Forwd>, exitcode <0>
[2021-11-11 17:22:16][1740][INFO]service start running: service <C_RTime>, exitcode <0>
[2021-11-11 17:22:21][1740][INFO]service start running: service <C_Task>, exitcode <0>
[2021-11-15 17:38:48][1740][INFO]service start running: service <C_Media>, exitcode <0>
[2021-11-15 17:38:48][1740][INFO]service start running: service <C_Proxy>, exitcode <0>
[2021-11-15 17:38:48][1740][INFO]service start running: service <C_Forwd>, exitcode <0>
[2021-11-15 17:38:48][1740][INFO]service start running: service <C_RTime>, exitcode <0>
[2021-11-15 17:38:53][1740][INFO]service start running: service <C_Task>, exitcode <0>
[2021-11-16 15:53:29][1744][INFO]service start running: service <C_Media>, exitcode <0>
[2021-11-16 15:53:29][1744][INFO]service start running: service <C_Proxy>, exitcode <0>
[2021-11-16 15:53:29][1744][INFO]service start running: service <C_Forwd>, exitcode <0>
[2021-11-16 15:53:29][1744][INFO]service start running: service <C_RTime>, exitcode <0>
[2021-11-16 15:53:34][1744][INFO]service start running: service <C_Task>, exitcode <0>
[2021-11-16 17:46:24][1748][INFO]service start running: service <C_Media>, exitcode <0>
[2021-11-16 17:46:24][1748][INFO]service start running: service <C_Proxy>, exitcode <0>
[2021-11-16 17:46:24][1748][INFO]service start running: service <C_Forwd>, exitcode <0>
[2021-11-16 17:46:24][1748][INFO]service start running: service <C_RTime>, exitcode <0>
[2021-11-16 17:46:29][1748][INFO]service start running: service <C_Task>, exitcode <0>
[2021-11-17 09:56:53][1776][INFO]service start running: service <C_Media>, exitcode <0>
[2021-11-17 09:56:53][1776][INFO]service start running: service <C_Proxy>, exitcode <0>
[2021-11-17 09:56:53][1776][INFO]service start running: service <C_Forwd>, exitcode <0>
[2021-11-17 09:56:53][1776][INFO]service start running: service <C_RTime>, exitcode <0>
[2021-11-17 09:56:58][1776][INFO]service start running: service <C_Task>, exitcode <0>
[2021-11-18 17:12:17][1472][INFO]service start running: service <C_Media>, exitcode <0>
[2021-11-18 17:12:17][1472][INFO]service start running: service <C_Proxy>, exitcode <0>
[2021-11-18 17:12:17][1472][INFO]service start running: service <C_Forwd>, exitcode <0>
[2021-11-18 17:12:17][1472][INFO]service start running: service <C_RTime>, exitcode <0>
[2021-11-18 17:12:23][1472][INFO]service start running: service <C_Task>, exitcode <0>
[2021-11-21 16:08:09][1764][INFO]service start running: service <C_Media>, exitcode <0>
[2021-11-21 16:08:09][1764][INFO]service start running: service <C_Proxy>, exitcode <0>
[2021-11-21 16:08:09][1764][INFO]service start running: service <C_Forwd>, exitcode <0>
[2021-11-21 16:08:09][1764][INFO]service start running: service <C_RTime>, exitcode <0>
[2021-11-21 16:08:14][1764][INFO]service start running: service <C_Task>, exitcode <0>
[2021-11-24 15:35:09][1732][INFO]service start running: service <C_Media>, exitcode <0>
[2021-11-24 15:35:09][1732][INFO]service start running: service <C_Proxy>, exitcode <0>
[2021-11-24 15:35:09][1732][INFO]service start running: service <C_Forwd>, exitcode <0>
[2021-11-24 15:35:09][1732][INFO]service start running: service <C_RTime>, exitcode <0>
[2021-11-24 15:35:14][1732][INFO]service start running: service <C_Task>, exitcode <0>
[2021-11-24 17:32:27][1732][INFO]service start running: service <C_Media>, exitcode <0>
[2021-11-24 17:32:27][1732][INFO]service start running: service <C_Proxy>, exitcode <0>
[2021-11-24 17:32:27][1732][INFO]service start running: service <C_Forwd>, exitcode <0>
[2021-11-24 17:32:27][1732][INFO]service start running: service <C_RTime>, exitcode <0>
[2021-11-24 17:32:32][1732][INFO]service start running: service <C_Task>, exitcode <0>
[2021-11-25 17:20:59][1732][INFO]service start running: service <C_Media>, exitcode <0>
[2021-11-25 17:20:59][1732][INFO]service start running: service <C_Proxy>, exitcode <0>
[2021-11-25 17:20:59][1732][INFO]service start running: service <C_Forwd>, exitcode <0>
[2021-11-25 17:20:59][1732][INFO]service start running: service <C_RTime>, exitcode <0>
[2021-11-25 17:21:04][1732][INFO]service start running: service <C_Task>, exitcode <0>
[2021-11-29 17:38:26][1736][INFO]service start running: service <C_Media>, exitcode <0>
[2021-11-29 17:38:26][1736][INFO]service start running: service <C_Proxy>, exitcode <0>
[2021-11-29 17:38:26][1736][INFO]service start running: service <C_Forwd>, exitcode <0>
[2021-11-29 17:38:26][1736][INFO]service start running: service <C_RTime>, exitcode <0>
[2021-11-29 17:38:31][1736][INFO]service start running: service <C_Task>, exitcode <0>
[2021-11-30 15:56:18][240][INFO]service start running: service <C_Media>, exitcode <0>
[2021-11-30 15:56:18][240][INFO]service start running: service <C_Proxy>, exitcode <0>
[2021-11-30 15:56:18][240][INFO]service start running: service <C_Forwd>, exitcode <0>
[2021-11-30 15:56:18][240][INFO]service start running: service <C_RTime>, exitcode <0>
[2021-11-30 15:56:23][240][INFO]service start running: service <C_Task>, exitcode <0>
[2021-11-30 17:26:11][240][INFO]Monitor Control: service <C_Media>, monitor <0>
[2021-11-30 17:26:13][240][INFO]Monitor Control: service <C_Proxy>, monitor <0>
[2021-11-30 17:26:15][240][INFO]Monitor Control: service <C_Forwd>, monitor <0>
[2021-11-30 17:26:17][240][INFO]Monitor Control: service <C_Media>, monitor <0>
[2021-11-30 17:26:17][240][INFO]Monitor Control: service <C_Proxy>, monitor <0>
[2021-11-30 17:26:17][240][INFO]Monitor Control: service <C_Forwd>, monitor <0>
[2021-11-30 17:26:17][240][INFO]Monitor Control: service <C_RTime>, monitor <0>
[2021-11-30 17:26:17][240][INFO]Monitor Control: service <C_Task>, monitor <0>
[2021-11-30 17:26:17][240][INFO]Monitor Control: service <C_SMerger>, monitor <0>
[2021-11-30 17:26:17][240][INFO]Monitor Control: service <sndrec>, monitor <0>
[2021-11-30 17:26:17][240][INFO]Monitor Control: service <SIPService>, monitor <0>
[2021-11-30 17:26:17][240][INFO]Monitor Control: service <C_ChannelSvr>, monitor <0>
[2021-11-30 17:26:17][240][INFO]Monitor Control: service <C_RadioSvr>, monitor <0>
