[2013-09-22 11:04:42][2180][INFO]service start running: service <C_Media>, exitcode <0>
[2013-09-22 11:04:42][2180][INFO]service start running: service <C_Proxy>, exitcode <0>
[2013-09-22 11:04:42][2180][INFO]service start running: service <C_Forwd>, exitcode <0>
[2013-09-22 11:04:42][2180][INFO]service start running: service <C_RTime>, exitcode <0>
[2013-09-22 11:04:42][2180][INFO]service start running: service <C_Task>, exitcode <0>
[2014-06-10 15:27:23][400][INFO]service start running: service <C_Media>, exitcode <0>
[2014-06-10 15:27:23][400][INFO]service start running: service <C_Proxy>, exitcode <0>
[2014-06-10 15:27:23][400][INFO]service start running: service <C_Forwd>, exitcode <0>
[2014-06-10 15:27:23][400][INFO]service start running: service <C_RTime>, exitcode <0>
[2014-06-10 15:27:28][400][INFO]service start running: service <C_Task>, exitcode <0>
[2014-08-29 15:53:19][1700][INFO]service start running: service <C_Media>, exitcode <0>
[2014-08-29 15:53:19][1700][INFO]service start running: service <C_Proxy>, exitcode <0>
[2014-08-29 15:53:19][1700][INFO]service start running: service <C_Forwd>, exitcode <0>
[2014-08-29 15:53:19][1700][INFO]service start running: service <C_RTime>, exitcode <0>
[2014-08-29 15:53:24][1700][INFO]service start running: service <C_Task>, exitcode <0>
[2014-08-29 17:57:16][324][INFO]service start running: service <C_Media>, exitcode <0>
[2014-08-29 17:57:16][324][INFO]service start running: service <C_Proxy>, exitcode <0>
[2014-08-29 17:57:16][324][INFO]service start running: service <C_Forwd>, exitcode <0>
[2014-08-29 17:57:16][324][INFO]service start running: service <C_RTime>, exitcode <0>
[2014-08-29 17:57:21][324][INFO]service start running: service <C_Task>, exitcode <0>
[2021-05-28 15:30:16][676][INFO]service start running: service <C_Media>, exitcode <0>
[2021-05-28 15:30:16][676][INFO]service start running: service <C_Proxy>, exitcode <0>
[2021-05-28 15:30:16][676][INFO]service start running: service <C_Forwd>, exitcode <0>
[2021-05-28 15:30:16][676][INFO]service start running: service <C_RTime>, exitcode <0>
[2021-05-28 15:30:21][676][INFO]service start running: service <C_Task>, exitcode <0>
[2021-05-28 15:47:44][2020][INFO]service start running: service <C_Media>, exitcode <0>
[2021-05-28 15:47:44][2020][INFO]service start running: service <C_Proxy>, exitcode <0>
[2021-05-28 15:47:44][2020][INFO]service start running: service <C_Forwd>, exitcode <0>
[2021-05-28 15:47:44][2020][INFO]service start running: service <C_RTime>, exitcode <0>
[2021-05-28 15:47:44][2020][INFO]service start running: service <C_Task>, exitcode <0>
[2021-05-28 15:54:59][2020][INFO]service stopped: service <C_Proxy>, exitcode <0>
[2021-05-28 15:54:59][2020][INFO]service stopped: service <C_Task>, exitcode <0>
[2021-05-28 15:55:04][2020][INFO]service start running: service <C_Media>, exitcode <0>
[2021-05-28 15:55:04][2020][INFO]service start running: service <C_Proxy>, exitcode <0>
[2021-05-28 15:55:04][2020][INFO]service start running: service <C_Task>, exitcode <0>
[2021-05-28 15:59:41][2028][INFO]service start running: service <C_Media>, exitcode <0>
[2021-05-28 15:59:41][2028][INFO]service start running: service <C_Proxy>, exitcode <0>
[2021-05-28 15:59:41][2028][INFO]service start running: service <C_Forwd>, exitcode <0>
[2021-05-28 15:59:41][2028][INFO]service start running: service <C_RTime>, exitcode <0>
[2021-05-28 15:59:46][2028][INFO]service start running: service <C_Task>, exitcode <0>
[2021-05-28 16:02:40][460][INFO]service start running: service <C_Media>, exitcode <0>
[2021-05-28 16:02:40][460][INFO]service start running: service <C_Proxy>, exitcode <0>
[2021-05-28 16:02:40][460][INFO]service start running: service <C_Forwd>, exitcode <0>
[2021-05-28 16:02:40][460][INFO]service start running: service <C_RTime>, exitcode <0>
[2021-05-28 16:02:45][460][INFO]service start running: service <C_Task>, exitcode <0>
[2021-06-03 08:56:21][528][INFO]service start running: service <C_Media>, exitcode <0>
[2021-06-03 08:56:21][528][INFO]service start running: service <C_Proxy>, exitcode <0>
[2021-06-03 08:56:21][528][INFO]service start running: service <C_Forwd>, exitcode <0>
[2021-06-03 08:56:21][528][INFO]service start running: service <C_RTime>, exitcode <0>
[2021-06-03 08:56:26][528][INFO]service start running: service <C_Task>, exitcode <0>
[2021-06-14 09:38:59][320][INFO]service start running: service <C_Media>, exitcode <0>
[2021-06-14 09:38:59][320][INFO]service start running: service <C_Proxy>, exitcode <0>
[2021-06-14 09:38:59][320][INFO]service start running: service <C_Forwd>, exitcode <0>
[2021-06-14 09:38:59][320][INFO]service start running: service <C_RTime>, exitcode <0>
[2021-06-14 09:39:04][320][INFO]service start running: service <C_Task>, exitcode <0>
[2021-06-14 10:24:18][460][INFO]service start running: service <C_Media>, exitcode <0>
[2021-06-14 10:24:18][460][INFO]service start running: service <C_Proxy>, exitcode <0>
[2021-06-14 10:24:18][460][INFO]service start running: service <C_Forwd>, exitcode <0>
[2021-06-14 10:24:18][460][INFO]service start running: service <C_RTime>, exitcode <0>
[2021-06-14 10:24:23][460][INFO]service start running: service <C_Task>, exitcode <0>
[2021-06-15 10:42:47][460][INFO]service start running: service <C_Media>, exitcode <0>
[2021-06-15 10:42:47][460][INFO]service start running: service <C_Proxy>, exitcode <0>
[2021-06-15 10:42:47][460][INFO]service start running: service <C_Forwd>, exitcode <0>
[2021-06-15 10:42:47][460][INFO]service start running: service <C_RTime>, exitcode <0>
[2021-06-15 10:42:52][460][INFO]service start running: service <C_Task>, exitcode <0>
[2021-06-15 10:46:58][2052][INFO]service start running: service <C_Media>, exitcode <0>
[2021-06-15 10:46:58][2052][INFO]service start running: service <C_Proxy>, exitcode <0>
[2021-06-15 10:46:58][2052][INFO]service start running: service <C_Forwd>, exitcode <0>
[2021-06-15 10:46:58][2052][INFO]service start running: service <C_RTime>, exitcode <0>
[2021-06-15 10:47:09][2052][INFO]service start running: service <C_Task>, exitcode <0>
[2021-06-15 10:52:31][768][INFO]service start running: service <C_Media>, exitcode <0>
[2021-06-15 10:52:31][768][INFO]service start running: service <C_Proxy>, exitcode <0>
[2021-06-15 10:52:31][768][INFO]service start running: service <C_Forwd>, exitcode <0>
[2021-06-15 10:52:31][768][INFO]service start running: service <C_RTime>, exitcode <0>
[2021-06-15 10:52:36][768][INFO]service start running: service <C_Task>, exitcode <0>
[2021-06-15 10:54:51][504][INFO]service start running: service <C_Media>, exitcode <0>
[2021-06-15 10:54:52][504][INFO]service start running: service <C_Proxy>, exitcode <0>
[2021-06-15 10:54:52][504][INFO]service start running: service <C_Forwd>, exitcode <0>
[2021-06-15 10:54:52][504][INFO]service start running: service <C_RTime>, exitcode <0>
[2021-06-15 10:54:57][504][INFO]service start running: service <C_Task>, exitcode <0>
[2021-06-15 10:56:28][168][INFO]service start running: service <C_Media>, exitcode <0>
[2021-06-15 10:56:28][168][INFO]service start running: service <C_Proxy>, exitcode <0>
[2021-06-15 10:56:28][168][INFO]service start running: service <C_Forwd>, exitcode <0>
[2021-06-15 10:56:28][168][INFO]service start running: service <C_RTime>, exitcode <0>
[2021-06-15 10:56:33][168][INFO]service start running: service <C_Task>, exitcode <0>
[2021-06-15 11:30:24][492][INFO]service start running: service <C_Media>, exitcode <0>
[2021-06-15 11:30:24][492][INFO]service start running: service <C_Proxy>, exitcode <0>
[2021-06-15 11:30:24][492][INFO]service start running: service <C_Forwd>, exitcode <0>
[2021-06-15 11:30:24][492][INFO]service start running: service <C_RTime>, exitcode <0>
[2021-06-15 11:30:29][492][INFO]service start running: service <C_Task>, exitcode <0>
[2021-06-15 15:24:37][492][INFO]service start running: service <C_Media>, exitcode <0>
[2021-06-15 15:24:37][492][INFO]service start running: service <C_Proxy>, exitcode <0>
[2021-06-15 15:24:37][492][INFO]service start running: service <C_Forwd>, exitcode <0>
[2021-06-15 15:24:37][492][INFO]service start running: service <C_RTime>, exitcode <0>
[2021-06-15 15:24:42][492][INFO]service start running: service <C_Task>, exitcode <0>
[2021-06-15 16:05:42][168][INFO]service start running: service <C_Media>, exitcode <0>
[2021-06-15 16:05:42][168][INFO]service start running: service <C_Proxy>, exitcode <0>
[2021-06-15 16:05:42][168][INFO]service start running: service <C_Forwd>, exitcode <0>
[2021-06-15 16:05:42][168][INFO]service start running: service <C_RTime>, exitcode <0>
[2021-06-15 16:05:47][168][INFO]service start running: service <C_Task>, exitcode <0>
[2021-06-15 16:10:33][492][INFO]service start running: service <C_Media>, exitcode <0>
[2021-06-15 16:10:33][492][INFO]service start running: service <C_Proxy>, exitcode <0>
[2021-06-15 16:10:33][492][INFO]service start running: service <C_Forwd>, exitcode <0>
[2021-06-15 16:10:33][492][INFO]service start running: service <C_RTime>, exitcode <0>
[2021-06-15 16:10:38][492][INFO]service start running: service <C_Task>, exitcode <0>
[2021-06-15 16:13:55][460][INFO]service start running: service <C_Media>, exitcode <0>
[2021-06-15 16:13:55][460][INFO]service start running: service <C_Proxy>, exitcode <0>
[2021-06-15 16:13:55][460][INFO]service start running: service <C_Forwd>, exitcode <0>
[2021-06-15 16:13:55][460][INFO]service start running: service <C_RTime>, exitcode <0>
[2021-06-15 16:14:00][460][INFO]service start running: service <C_Task>, exitcode <0>
[2021-06-15 16:27:26][728][INFO]service start running: service <C_Media>, exitcode <0>
[2021-06-15 16:27:26][728][INFO]service start running: service <C_Proxy>, exitcode <0>
[2021-06-15 16:27:26][728][INFO]service start running: service <C_Forwd>, exitcode <0>
[2021-06-15 16:27:26][728][INFO]service start running: service <C_RTime>, exitcode <0>
[2021-06-15 16:27:31][728][INFO]service start running: service <C_Task>, exitcode <0>
[2021-06-15 18:29:24][732][INFO]service start running: service <C_Media>, exitcode <0>
[2021-06-15 18:29:24][732][INFO]service start running: service <C_Proxy>, exitcode <0>
[2021-06-15 18:29:24][732][INFO]service start running: service <C_Forwd>, exitcode <0>
[2021-06-15 18:29:24][732][INFO]service start running: service <C_RTime>, exitcode <0>
[2021-06-15 18:29:29][732][INFO]service start running: service <C_Task>, exitcode <0>
[2021-06-16 07:35:18][552][INFO]service start running: service <C_Media>, exitcode <0>
[2021-06-16 07:35:18][552][INFO]service start running: service <C_Proxy>, exitcode <0>
[2021-06-16 07:35:18][552][INFO]service start running: service <C_Forwd>, exitcode <0>
[2021-06-16 07:35:18][552][INFO]service start running: service <C_RTime>, exitcode <0>
[2021-06-16 07:35:23][552][INFO]service start running: service <C_Task>, exitcode <0>
[2021-06-16 07:35:38][552][INFO]service stopped: service <C_Task>, exitcode <1>
[2021-06-16 07:35:38][552][INFO]rise service: service <C_Task>, exitcode <1>
[2021-06-16 07:35:43][552][INFO]service start running: service <C_Task>, exitcode <0>
[2021-06-18 15:43:59][512][INFO]service start running: service <C_Media>, exitcode <0>
[2021-06-18 15:43:59][512][INFO]service start running: service <C_Proxy>, exitcode <0>
[2021-06-18 15:43:59][512][INFO]service start running: service <C_Forwd>, exitcode <0>
[2021-06-18 15:43:59][512][INFO]service start running: service <C_RTime>, exitcode <0>
[2021-06-18 15:44:04][512][INFO]service start running: service <C_Task>, exitcode <0>
[2021-06-24 16:43:19][536][INFO]service start running: service <C_Media>, exitcode <0>
[2021-06-24 16:43:19][536][INFO]service start running: service <C_Proxy>, exitcode <0>
[2021-06-24 16:43:19][536][INFO]service start running: service <C_Forwd>, exitcode <0>
[2021-06-24 16:43:19][536][INFO]service start running: service <C_RTime>, exitcode <0>
[2021-06-24 16:43:24][536][INFO]service start running: service <C_Task>, exitcode <0>
[2021-06-25 09:49:10][680][INFO]service start running: service <C_Media>, exitcode <0>
[2021-06-25 09:49:10][680][INFO]service start running: service <C_Proxy>, exitcode <0>
[2021-06-25 09:49:10][680][INFO]service start running: service <C_Forwd>, exitcode <0>
[2021-06-25 09:49:10][680][INFO]service start running: service <C_RTime>, exitcode <0>
[2021-06-25 09:49:15][680][INFO]service start running: service <C_Task>, exitcode <0>
[2021-06-28 15:55:53][496][INFO]service start running: service <C_Media>, exitcode <0>
[2021-06-28 15:55:53][496][INFO]service start running: service <C_Proxy>, exitcode <0>
[2021-06-28 15:55:53][496][INFO]service start running: service <C_Forwd>, exitcode <0>
[2021-06-28 15:55:53][496][INFO]service start running: service <C_RTime>, exitcode <0>
[2021-06-28 15:55:58][496][INFO]service start running: service <C_Task>, exitcode <0>
[2021-06-30 08:48:55][552][INFO]service start running: service <C_Media>, exitcode <0>
[2021-06-30 08:48:55][552][INFO]service start running: service <C_Proxy>, exitcode <0>
[2021-06-30 08:48:55][552][INFO]service start running: service <C_Forwd>, exitcode <0>
[2021-06-30 08:48:55][552][INFO]service start running: service <C_RTime>, exitcode <0>
[2021-06-30 08:49:00][552][INFO]service start running: service <C_Task>, exitcode <0>
[2021-06-30 09:05:40][456][INFO]service start running: service <C_Media>, exitcode <0>
[2021-06-30 09:05:40][456][INFO]service start running: service <C_Proxy>, exitcode <0>
[2021-06-30 09:05:40][456][INFO]service start running: service <C_Forwd>, exitcode <0>
[2021-06-30 09:05:40][456][INFO]service start running: service <C_RTime>, exitcode <0>
[2021-06-30 09:05:45][456][INFO]service start running: service <C_Task>, exitcode <0>
[2021-06-30 09:28:07][580][INFO]service start running: service <C_Media>, exitcode <0>
[2021-06-30 09:28:07][580][INFO]service start running: service <C_Proxy>, exitcode <0>
[2021-06-30 09:28:07][580][INFO]service start running: service <C_Forwd>, exitcode <0>
[2021-06-30 09:28:07][580][INFO]service start running: service <C_RTime>, exitcode <0>
[2021-06-30 09:28:12][580][INFO]service start running: service <C_Task>, exitcode <0>
[2021-06-30 16:27:19][576][INFO]service start running: service <C_Media>, exitcode <0>
[2021-06-30 16:27:19][576][INFO]service start running: service <C_Proxy>, exitcode <0>
[2021-06-30 16:27:19][576][INFO]service start running: service <C_Forwd>, exitcode <0>
[2021-06-30 16:27:19][576][INFO]service start running: service <C_RTime>, exitcode <0>
[2021-06-30 16:27:24][576][INFO]service start running: service <C_Task>, exitcode <0>
[2021-06-30 16:59:12][548][INFO]service start running: service <C_Media>, exitcode <0>
[2021-06-30 16:59:12][548][INFO]service start running: service <C_Proxy>, exitcode <0>
[2021-06-30 16:59:12][548][INFO]service start running: service <C_Forwd>, exitcode <0>
[2021-06-30 16:59:12][548][INFO]service start running: service <C_RTime>, exitcode <0>
[2021-06-30 16:59:17][548][INFO]service start running: service <C_Task>, exitcode <0>
[2021-07-01 07:34:41][576][INFO]service start running: service <C_Media>, exitcode <0>
[2021-07-01 07:34:41][576][INFO]service start running: service <C_Proxy>, exitcode <0>
[2021-07-01 07:34:41][576][INFO]service start running: service <C_Forwd>, exitcode <0>
[2021-07-01 07:34:41][576][INFO]service start running: service <C_RTime>, exitcode <0>
[2021-07-01 07:34:46][576][INFO]service start running: service <C_Task>, exitcode <0>
[2021-08-31 19:00:56][576][INFO]service start running: service <C_Media>, exitcode <0>
[2021-08-31 19:00:56][576][INFO]service start running: service <C_Proxy>, exitcode <0>
[2021-08-31 19:00:56][576][INFO]service start running: service <C_Forwd>, exitcode <0>
[2021-08-31 19:00:56][576][INFO]service start running: service <C_RTime>, exitcode <0>
[2021-08-31 19:01:01][576][INFO]service start running: service <C_Task>, exitcode <0>
[2021-09-01 09:54:54][552][INFO]service start running: service <C_Media>, exitcode <0>
[2021-09-01 09:54:54][552][INFO]service start running: service <C_Proxy>, exitcode <0>
[2021-09-01 09:54:54][552][INFO]service start running: service <C_Forwd>, exitcode <0>
[2021-09-01 09:54:54][552][INFO]service start running: service <C_RTime>, exitcode <0>
[2021-09-01 09:54:59][552][INFO]service start running: service <C_Task>, exitcode <0>
[2021-09-01 18:23:46][588][INFO]service start running: service <C_Media>, exitcode <0>
[2021-09-01 18:23:46][588][INFO]service start running: service <C_Proxy>, exitcode <0>
[2021-09-01 18:23:46][588][INFO]service start running: service <C_Forwd>, exitcode <0>
[2021-09-01 18:23:46][588][INFO]service start running: service <C_RTime>, exitcode <0>
[2021-09-01 18:23:51][588][INFO]service start running: service <C_Task>, exitcode <0>
[2021-09-01 18:26:19][684][INFO]service start running: service <C_Media>, exitcode <0>
[2021-09-01 18:26:19][684][INFO]service start running: service <C_Proxy>, exitcode <0>
[2021-09-01 18:26:19][684][INFO]service start running: service <C_Forwd>, exitcode <0>
[2021-09-01 18:26:19][684][INFO]service start running: service <C_RTime>, exitcode <0>
[2021-09-01 18:26:24][684][INFO]service start running: service <C_Task>, exitcode <0>
[2021-09-02 10:38:04][1028][INFO]service start running: service <C_Media>, exitcode <0>
[2021-09-02 10:38:04][1028][INFO]service start running: service <C_Proxy>, exitcode <0>
[2021-09-02 10:38:04][1028][INFO]service start running: service <C_Forwd>, exitcode <0>
[2021-09-02 10:38:04][1028][INFO]service start running: service <C_RTime>, exitcode <0>
[2021-09-02 10:38:09][1028][INFO]service start running: service <C_Task>, exitcode <0>
[2021-09-15 08:40:10][588][INFO]service start running: service <C_Media>, exitcode <0>
[2021-09-15 08:40:10][588][INFO]service start running: service <C_Proxy>, exitcode <0>
[2021-09-15 08:40:10][588][INFO]service start running: service <C_Forwd>, exitcode <0>
[2021-09-15 08:40:10][588][INFO]service start running: service <C_RTime>, exitcode <0>
[2021-09-15 08:40:15][588][INFO]service start running: service <C_Task>, exitcode <0>
[2009-01-01 00:00:30][496][INFO]service start running: service <C_Media>, exitcode <0>
[2009-01-01 00:00:30][496][INFO]service start running: service <C_Proxy>, exitcode <0>
[2009-01-01 00:00:30][496][INFO]service start running: service <C_Forwd>, exitcode <0>
[2009-01-01 00:00:30][496][INFO]service start running: service <C_RTime>, exitcode <0>
[2009-01-01 00:00:35][496][INFO]service start running: service <C_Task>, exitcode <0>
[2009-01-06 05:29:41][548][INFO]service start running: service <C_Media>, exitcode <0>
[2009-01-06 05:29:41][548][INFO]service start running: service <C_Proxy>, exitcode <0>
[2009-01-06 05:29:41][548][INFO]service start running: service <C_Forwd>, exitcode <0>
[2009-01-06 05:29:41][548][INFO]service start running: service <C_RTime>, exitcode <0>
[2009-01-06 05:29:46][548][INFO]service start running: service <C_Task>, exitcode <0>
[2009-01-06 10:30:36][652][INFO]service start running: service <C_Media>, exitcode <0>
[2009-01-06 10:30:36][652][INFO]service start running: service <C_Proxy>, exitcode <0>
[2009-01-06 10:30:36][652][INFO]service start running: service <C_Forwd>, exitcode <0>
[2009-01-06 10:30:36][652][INFO]service start running: service <C_RTime>, exitcode <0>
[2009-01-06 10:30:41][652][INFO]service start running: service <C_Task>, exitcode <0>
[2009-01-06 10:30:56][652][INFO]service stopped: service <C_Media>, exitcode <1>
[2009-01-06 10:30:56][652][INFO]rise service: service <C_Media>, exitcode <1>
[2009-01-06 10:31:08][652][INFO]service start running: service <C_Media>, exitcode <0>
[2009-01-06 10:31:08][652][INFO]service start running: service <C_Task>, exitcode <0>
[2009-01-07 01:00:04][588][INFO]service start running: service <C_Media>, exitcode <0>
[2009-01-07 01:00:04][588][INFO]service start running: service <C_Proxy>, exitcode <0>
[2009-01-07 01:00:04][588][INFO]service start running: service <C_Forwd>, exitcode <0>
[2009-01-07 01:00:04][588][INFO]service start running: service <C_RTime>, exitcode <0>
[2009-01-07 01:00:09][588][INFO]service start running: service <C_Task>, exitcode <0>
[2009-01-07 01:02:37][456][INFO]service start running: service <C_Media>, exitcode <0>
[2009-01-07 01:02:37][456][INFO]service start running: service <C_Proxy>, exitcode <0>
[2009-01-07 01:02:37][456][INFO]service start running: service <C_Forwd>, exitcode <0>
[2009-01-07 01:02:37][456][INFO]service start running: service <C_RTime>, exitcode <0>
[2009-01-07 01:02:42][456][INFO]service start running: service <C_Task>, exitcode <0>
[2009-01-07 01:02:57][456][INFO]service stopped: service <C_Media>, exitcode <1>
[2009-01-07 01:02:57][456][INFO]rise service: service <C_Media>, exitcode <1>
[2009-01-07 01:03:07][456][INFO]service start running: service <C_Proxy>, exitcode <0>
[2009-01-07 01:03:12][456][INFO]service start running: service <C_Media>, exitcode <0>
[2009-01-01 00:00:49][656][INFO]service start running: service <C_Media>, exitcode <0>
[2009-01-01 00:00:49][656][INFO]service start running: service <C_Proxy>, exitcode <0>
[2009-01-01 00:00:49][656][INFO]service start running: service <C_Forwd>, exitcode <0>
[2009-01-01 00:00:49][656][INFO]service start running: service <C_RTime>, exitcode <0>
[2009-01-01 00:00:54][656][INFO]service start running: service <C_Task>, exitcode <0>
[2009-01-01 00:00:30][356][INFO]service start running: service <C_Media>, exitcode <0>
[2009-01-01 00:00:30][356][INFO]service start running: service <C_Proxy>, exitcode <0>
[2009-01-01 00:00:30][356][INFO]service start running: service <C_Forwd>, exitcode <0>
[2009-01-01 00:00:30][356][INFO]service start running: service <C_RTime>, exitcode <0>
[2009-01-01 00:00:35][356][INFO]service start running: service <C_Task>, exitcode <0>
[2009-01-01 00:00:31][460][INFO]service start running: service <C_Media>, exitcode <0>
[2009-01-01 00:00:31][460][INFO]service start running: service <C_Proxy>, exitcode <0>
[2009-01-01 00:00:31][460][INFO]service start running: service <C_Forwd>, exitcode <0>
[2009-01-01 00:00:31][460][INFO]service start running: service <C_RTime>, exitcode <0>
[2009-01-01 00:00:36][460][INFO]service start running: service <C_Task>, exitcode <0>
[2009-01-01 00:00:30][460][INFO]service start running: service <C_Media>, exitcode <0>
[2009-01-01 00:00:30][460][INFO]service start running: service <C_Proxy>, exitcode <0>
[2009-01-01 00:00:30][460][INFO]service start running: service <C_Forwd>, exitcode <0>
[2009-01-01 00:00:30][460][INFO]service start running: service <C_RTime>, exitcode <0>
[2009-01-01 00:00:35][460][INFO]service start running: service <C_Task>, exitcode <0>
[2009-01-01 00:00:30][576][INFO]service start running: service <C_Media>, exitcode <0>
[2009-01-01 00:00:30][576][INFO]service start running: service <C_Proxy>, exitcode <0>
[2009-01-01 00:00:30][576][INFO]service start running: service <C_Forwd>, exitcode <0>
[2009-01-01 00:00:30][576][INFO]service start running: service <C_RTime>, exitcode <0>
[2009-01-01 00:00:35][576][INFO]service start running: service <C_Task>, exitcode <0>
[2009-01-01 07:52:41][780][INFO]service start running: service <C_Media>, exitcode <0>
[2009-01-01 07:52:41][780][INFO]service start running: service <C_Proxy>, exitcode <0>
[2009-01-01 07:52:41][780][INFO]service start running: service <C_Forwd>, exitcode <0>
[2009-01-01 07:52:41][780][INFO]service start running: service <C_RTime>, exitcode <0>
[2009-01-01 07:52:46][780][INFO]service start running: service <C_Task>, exitcode <0>
[2009-01-01 00:02:20][576][INFO]service start running: service <C_Media>, exitcode <0>
[2009-01-01 00:02:20][576][INFO]service start running: service <C_Proxy>, exitcode <0>
[2009-01-01 00:02:20][576][INFO]service start running: service <C_Forwd>, exitcode <0>
[2009-01-01 00:02:20][576][INFO]service start running: service <C_RTime>, exitcode <0>
[2009-01-01 00:02:25][576][INFO]service start running: service <C_Task>, exitcode <0>
[2009-01-01 01:43:42][596][INFO]service start running: service <C_Media>, exitcode <0>
[2009-01-01 01:43:42][596][INFO]service start running: service <C_Proxy>, exitcode <0>
[2009-01-01 01:43:42][596][INFO]service start running: service <C_Forwd>, exitcode <0>
[2009-01-01 01:43:42][596][INFO]service start running: service <C_RTime>, exitcode <0>
[2009-01-01 01:43:47][596][INFO]service start running: service <C_Task>, exitcode <0>
[2009-01-01 00:00:30][592][INFO]service start running: service <C_Media>, exitcode <0>
[2009-01-01 00:00:30][592][INFO]service start running: service <C_Proxy>, exitcode <0>
[2009-01-01 00:00:30][592][INFO]service start running: service <C_Forwd>, exitcode <0>
[2009-01-01 00:00:30][592][INFO]service start running: service <C_RTime>, exitcode <0>
[2009-01-01 00:00:35][592][INFO]service start running: service <C_Task>, exitcode <0>
[2009-01-01 00:07:40][604][INFO]service start running: service <C_Media>, exitcode <0>
[2009-01-01 00:07:40][604][INFO]service start running: service <C_Proxy>, exitcode <0>
[2009-01-01 00:07:40][604][INFO]service start running: service <C_Forwd>, exitcode <0>
[2009-01-01 00:07:40][604][INFO]service start running: service <C_RTime>, exitcode <0>
[2009-01-01 00:07:45][604][INFO]service start running: service <C_Task>, exitcode <0>
[2009-01-01 00:00:30][356][INFO]service start running: service <C_Media>, exitcode <0>
[2009-01-01 00:00:30][356][INFO]service start running: service <C_Proxy>, exitcode <0>
[2009-01-01 00:00:30][356][INFO]service start running: service <C_Forwd>, exitcode <0>
[2009-01-01 00:00:30][356][INFO]service start running: service <C_RTime>, exitcode <0>
[2009-01-01 00:00:35][356][INFO]service start running: service <C_Task>, exitcode <0>
[2009-01-01 00:07:40][592][INFO]service start running: service <C_Media>, exitcode <0>
[2009-01-01 00:07:40][592][INFO]service start running: service <C_Proxy>, exitcode <0>
[2009-01-01 00:07:40][592][INFO]service start running: service <C_Forwd>, exitcode <0>
[2009-01-01 00:07:40][592][INFO]service start running: service <C_RTime>, exitcode <0>
[2009-01-01 00:07:45][592][INFO]service start running: service <C_Task>, exitcode <0>
[2009-01-01 00:01:12][456][INFO]service start running: service <C_Media>, exitcode <0>
[2009-01-01 00:01:12][456][INFO]service start running: service <C_Proxy>, exitcode <0>
[2009-01-01 00:01:12][456][INFO]service start running: service <C_Forwd>, exitcode <0>
[2009-01-01 00:01:12][456][INFO]service start running: service <C_RTime>, exitcode <0>
[2009-01-01 00:01:17][456][INFO]service start running: service <C_Task>, exitcode <0>
[2009-01-01 00:00:31][560][INFO]service start running: service <C_Media>, exitcode <0>
[2009-01-01 00:00:31][560][INFO]service start running: service <C_Proxy>, exitcode <0>
[2009-01-01 00:00:31][560][INFO]service start running: service <C_Forwd>, exitcode <0>
[2009-01-01 00:00:31][560][INFO]service start running: service <C_RTime>, exitcode <0>
[2009-01-01 00:00:36][560][INFO]service start running: service <C_Task>, exitcode <0>
[2009-01-01 01:08:00][584][INFO]service start running: service <C_Media>, exitcode <0>
[2009-01-01 01:08:00][584][INFO]service start running: service <C_Proxy>, exitcode <0>
[2009-01-01 01:08:00][584][INFO]service start running: service <C_Forwd>, exitcode <0>
[2009-01-01 01:08:00][584][INFO]service start running: service <C_RTime>, exitcode <0>
[2009-01-01 01:08:05][584][INFO]service start running: service <C_Task>, exitcode <0>
[2009-01-01 00:00:30][656][INFO]service start running: service <C_Media>, exitcode <0>
[2009-01-01 00:00:30][656][INFO]service start running: service <C_Proxy>, exitcode <0>
[2009-01-01 00:00:30][656][INFO]service start running: service <C_Forwd>, exitcode <0>
[2009-01-01 00:00:30][656][INFO]service start running: service <C_RTime>, exitcode <0>
[2009-01-01 00:00:35][656][INFO]service start running: service <C_Task>, exitcode <0>
[2009-01-01 00:00:30][768][INFO]service start running: service <C_Media>, exitcode <0>
[2009-01-01 00:00:30][768][INFO]service start running: service <C_Proxy>, exitcode <0>
[2009-01-01 00:00:30][768][INFO]service start running: service <C_Forwd>, exitcode <0>
[2009-01-01 00:00:30][768][INFO]service start running: service <C_RTime>, exitcode <0>
[2009-01-01 00:00:35][768][INFO]service start running: service <C_Task>, exitcode <0>
[2009-01-01 00:00:30][556][INFO]service start running: service <C_Media>, exitcode <0>
[2009-01-01 00:00:30][556][INFO]service start running: service <C_Proxy>, exitcode <0>
[2009-01-01 00:00:30][556][INFO]service start running: service <C_Forwd>, exitcode <0>
[2009-01-01 00:00:30][556][INFO]service start running: service <C_RTime>, exitcode <0>
[2009-01-01 00:00:35][556][INFO]service start running: service <C_Task>, exitcode <0>
[2009-01-01 00:00:50][556][INFO]service stopped: service <C_Task>, exitcode <1>
[2009-01-01 00:00:50][556][INFO]rise service: service <C_Task>, exitcode <1>
[2009-01-01 00:00:55][556][INFO]service start running: service <C_Task>, exitcode <0>
[2009-01-01 00:00:30][592][INFO]service start running: service <C_Media>, exitcode <0>
[2009-01-01 00:00:30][592][INFO]service start running: service <C_Proxy>, exitcode <0>
[2009-01-01 00:00:30][592][INFO]service start running: service <C_Forwd>, exitcode <0>
[2009-01-01 00:00:30][592][INFO]service start running: service <C_RTime>, exitcode <0>
[2009-01-01 00:00:35][592][INFO]service start running: service <C_Task>, exitcode <0>
[2009-01-01 00:42:41][572][INFO]service start running: service <C_Media>, exitcode <0>
[2009-01-01 00:42:41][572][INFO]service start running: service <C_Proxy>, exitcode <0>
[2009-01-01 00:42:41][572][INFO]service start running: service <C_Forwd>, exitcode <0>
[2009-01-01 00:42:41][572][INFO]service start running: service <C_RTime>, exitcode <0>
[2009-01-01 00:42:46][572][INFO]service start running: service <C_Task>, exitcode <0>
[2009-01-01 00:00:30][356][INFO]service start running: service <C_Media>, exitcode <0>
[2009-01-01 00:00:30][356][INFO]service start running: service <C_Proxy>, exitcode <0>
[2009-01-01 00:00:30][356][INFO]service start running: service <C_Forwd>, exitcode <0>
[2009-01-01 00:00:30][356][INFO]service start running: service <C_RTime>, exitcode <0>
[2009-01-01 00:00:35][356][INFO]service start running: service <C_Task>, exitcode <0>
[2009-01-01 00:00:33][460][INFO]service start running: service <C_Media>, exitcode <0>
[2009-01-01 00:00:33][460][INFO]service start running: service <C_Proxy>, exitcode <0>
[2009-01-01 00:00:33][460][INFO]service start running: service <C_Forwd>, exitcode <0>
[2009-01-01 00:00:33][460][INFO]service start running: service <C_RTime>, exitcode <0>
[2009-01-01 00:00:38][460][INFO]service start running: service <C_Task>, exitcode <0>
[2009-01-01 00:00:30][580][INFO]service start running: service <C_Media>, exitcode <0>
[2009-01-01 00:00:30][580][INFO]service start running: service <C_Proxy>, exitcode <0>
[2009-01-01 00:00:30][580][INFO]service start running: service <C_Forwd>, exitcode <0>
[2009-01-01 00:00:30][580][INFO]service start running: service <C_RTime>, exitcode <0>
[2009-01-01 00:00:35][580][INFO]service start running: service <C_Task>, exitcode <0>
[2009-01-01 00:00:32][1040][INFO]service start running: service <C_Media>, exitcode <0>
[2009-01-01 00:00:32][1040][INFO]service start running: service <C_Proxy>, exitcode <0>
[2009-01-01 00:00:32][1040][INFO]service start running: service <C_Forwd>, exitcode <0>
[2009-01-01 00:00:32][1040][INFO]service start running: service <C_RTime>, exitcode <0>
[2009-01-01 00:00:37][1040][INFO]service start running: service <C_Task>, exitcode <0>
[2009-01-01 00:00:30][548][INFO]service start running: service <C_Media>, exitcode <0>
[2009-01-01 00:00:30][548][INFO]service start running: service <C_Proxy>, exitcode <0>
[2009-01-01 00:00:30][548][INFO]service start running: service <C_Forwd>, exitcode <0>
[2009-01-01 00:00:30][548][INFO]service start running: service <C_RTime>, exitcode <0>
[2009-01-01 00:00:35][548][INFO]service start running: service <C_Task>, exitcode <0>
[2009-01-01 00:00:50][548][INFO]service stopped: service <C_Media>, exitcode <1>
[2009-01-01 00:00:50][548][INFO]rise service: service <C_Media>, exitcode <1>
[2009-01-01 00:01:01][548][INFO]service start running: service <C_Media>, exitcode <0>
[2009-01-01 00:01:01][548][INFO]service start running: service <C_Task>, exitcode <0>
[2009-01-01 22:15:12][692][INFO]service start running: service <C_Media>, exitcode <0>
[2009-01-01 22:15:12][692][INFO]service start running: service <C_Proxy>, exitcode <0>
[2009-01-01 22:15:12][692][INFO]service start running: service <C_Forwd>, exitcode <0>
[2009-01-01 22:15:12][692][INFO]service start running: service <C_RTime>, exitcode <0>
[2009-01-01 22:15:17][692][INFO]service start running: service <C_Task>, exitcode <0>
[2009-01-01 00:00:30][588][INFO]service start running: service <C_Media>, exitcode <0>
[2009-01-01 00:00:30][588][INFO]service start running: service <C_Proxy>, exitcode <0>
[2009-01-01 00:00:30][588][INFO]service start running: service <C_Forwd>, exitcode <0>
[2009-01-01 00:00:30][588][INFO]service start running: service <C_RTime>, exitcode <0>
[2009-01-01 00:00:35][588][INFO]service start running: service <C_Task>, exitcode <0>
[2009-01-01 08:36:12][688][INFO]service start running: service <C_Media>, exitcode <0>
[2009-01-01 08:36:12][688][INFO]service start running: service <C_Proxy>, exitcode <0>
[2009-01-01 08:36:12][688][INFO]service start running: service <C_Forwd>, exitcode <0>
[2009-01-01 08:36:12][688][INFO]service start running: service <C_RTime>, exitcode <0>
[2009-01-01 08:36:17][688][INFO]service start running: service <C_Task>, exitcode <0>
[2009-01-01 00:00:31][544][INFO]service start running: service <C_Media>, exitcode <0>
[2009-01-01 00:00:31][544][INFO]service start running: service <C_Proxy>, exitcode <0>
[2009-01-01 00:00:31][544][INFO]service start running: service <C_Forwd>, exitcode <0>
[2009-01-01 00:00:31][544][INFO]service start running: service <C_RTime>, exitcode <0>
[2009-01-01 00:00:36][544][INFO]service start running: service <C_Task>, exitcode <0>
[2009-01-01 00:00:30][684][INFO]service start running: service <C_Media>, exitcode <0>
[2009-01-01 00:00:30][684][INFO]service start running: service <C_Proxy>, exitcode <0>
[2009-01-01 00:00:30][684][INFO]service start running: service <C_Forwd>, exitcode <0>
[2009-01-01 00:00:30][684][INFO]service start running: service <C_RTime>, exitcode <0>
[2009-01-01 00:00:35][684][INFO]service start running: service <C_Task>, exitcode <0>
[2009-01-01 00:00:30][580][INFO]service start running: service <C_Media>, exitcode <0>
[2009-01-01 00:00:30][580][INFO]service start running: service <C_Proxy>, exitcode <0>
[2009-01-01 00:00:30][580][INFO]service start running: service <C_Forwd>, exitcode <0>
[2009-01-01 00:00:30][580][INFO]service start running: service <C_RTime>, exitcode <0>
[2009-01-01 00:00:35][580][INFO]service start running: service <C_Task>, exitcode <0>
[2009-01-01 00:00:35][704][INFO]service start running: service <C_Media>, exitcode <0>
[2009-01-01 00:00:35][704][INFO]service start running: service <C_Proxy>, exitcode <0>
[2009-01-01 00:00:35][704][INFO]service start running: service <C_Forwd>, exitcode <0>
[2009-01-01 00:00:35][704][INFO]service start running: service <C_RTime>, exitcode <0>
[2009-01-01 00:00:40][704][INFO]service start running: service <C_Task>, exitcode <0>
[2009-01-01 00:00:30][580][INFO]service start running: service <C_Media>, exitcode <0>
[2009-01-01 00:00:30][580][INFO]service start running: service <C_Proxy>, exitcode <0>
[2009-01-01 00:00:30][580][INFO]service start running: service <C_Forwd>, exitcode <0>
[2009-01-01 00:00:30][580][INFO]service start running: service <C_RTime>, exitcode <0>
[2009-01-01 00:00:35][580][INFO]service start running: service <C_Task>, exitcode <0>
[2009-01-01 00:00:30][580][INFO]service start running: service <C_Media>, exitcode <0>
[2009-01-01 00:00:30][580][INFO]service start running: service <C_Proxy>, exitcode <0>
[2009-01-01 00:00:30][580][INFO]service start running: service <C_Forwd>, exitcode <0>
[2009-01-01 00:00:30][580][INFO]service start running: service <C_RTime>, exitcode <0>
[2009-01-01 00:00:35][580][INFO]service start running: service <C_Task>, exitcode <0>
[2009-01-01 00:00:30][568][INFO]service start running: service <C_Media>, exitcode <0>
[2009-01-01 00:00:30][568][INFO]service start running: service <C_Proxy>, exitcode <0>
[2009-01-01 00:00:30][568][INFO]service start running: service <C_Forwd>, exitcode <0>
[2009-01-01 00:00:30][568][INFO]service start running: service <C_RTime>, exitcode <0>
[2009-01-01 00:00:35][568][INFO]service start running: service <C_Task>, exitcode <0>
[2009-01-01 01:07:41][576][INFO]service start running: service <C_Media>, exitcode <0>
[2009-01-01 01:07:41][576][INFO]service start running: service <C_Proxy>, exitcode <0>
[2009-01-01 01:07:41][576][INFO]service start running: service <C_Forwd>, exitcode <0>
[2009-01-01 01:07:41][576][INFO]service start running: service <C_RTime>, exitcode <0>
[2009-01-01 01:07:46][576][INFO]service start running: service <C_Task>, exitcode <0>
[2009-01-01 00:00:30][580][INFO]service start running: service <C_Media>, exitcode <0>
[2009-01-01 00:00:30][580][INFO]service start running: service <C_Proxy>, exitcode <0>
[2009-01-01 00:00:30][580][INFO]service start running: service <C_Forwd>, exitcode <0>
[2009-01-01 00:00:30][580][INFO]service start running: service <C_RTime>, exitcode <0>
[2009-01-01 00:00:35][580][INFO]service start running: service <C_Task>, exitcode <0>
[2009-01-01 00:00:30][576][INFO]service start running: service <C_Media>, exitcode <0>
[2009-01-01 00:00:30][576][INFO]service start running: service <C_Proxy>, exitcode <0>
[2009-01-01 00:00:30][576][INFO]service start running: service <C_Forwd>, exitcode <0>
[2009-01-01 00:00:30][576][INFO]service start running: service <C_RTime>, exitcode <0>
[2009-01-01 00:00:35][576][INFO]service start running: service <C_Task>, exitcode <0>
[2009-01-01 00:00:30][588][INFO]service start running: service <C_Media>, exitcode <0>
[2009-01-01 00:00:30][588][INFO]service start running: service <C_Proxy>, exitcode <0>
[2009-01-01 00:00:30][588][INFO]service start running: service <C_Forwd>, exitcode <0>
[2009-01-01 00:00:30][588][INFO]service start running: service <C_RTime>, exitcode <0>
[2009-01-01 00:00:35][588][INFO]service start running: service <C_Task>, exitcode <0>
[2009-01-01 00:00:30][816][INFO]service start running: service <C_Media>, exitcode <0>
[2009-01-01 00:00:30][816][INFO]service start running: service <C_Proxy>, exitcode <0>
[2009-01-01 00:00:30][816][INFO]service start running: service <C_Forwd>, exitcode <0>
[2009-01-01 00:00:30][816][INFO]service start running: service <C_RTime>, exitcode <0>
[2009-01-01 00:00:35][816][INFO]service start running: service <C_Task>, exitcode <0>
[2009-01-01 00:00:50][816][INFO]service stopped: service <C_Media>, exitcode <1>
[2009-01-01 00:00:50][816][INFO]rise service: service <C_Media>, exitcode <1>
[2009-01-01 00:01:01][816][INFO]service start running: service <C_Proxy>, exitcode <0>
[2009-01-01 00:01:06][816][INFO]service start running: service <C_Media>, exitcode <0>
[2009-01-01 00:01:06][816][INFO]service start running: service <C_Task>, exitcode <0>
[2009-01-01 00:00:30][580][INFO]service start running: service <C_Media>, exitcode <0>
[2009-01-01 00:00:30][580][INFO]service start running: service <C_Proxy>, exitcode <0>
[2009-01-01 00:00:30][580][INFO]service start running: service <C_Forwd>, exitcode <0>
[2009-01-01 00:00:30][580][INFO]service start running: service <C_RTime>, exitcode <0>
[2009-01-01 00:00:35][580][INFO]service start running: service <C_Task>, exitcode <0>
[2009-01-01 00:38:44][548][INFO]service start running: service <C_Media>, exitcode <0>
[2009-01-01 00:38:44][548][INFO]service start running: service <C_Proxy>, exitcode <0>
[2009-01-01 00:38:44][548][INFO]service start running: service <C_Forwd>, exitcode <0>
[2009-01-01 00:38:44][548][INFO]service start running: service <C_RTime>, exitcode <0>
[2009-01-01 00:38:49][548][INFO]service start running: service <C_Task>, exitcode <0>
[2009-01-01 01:19:37][552][INFO]service start running: service <C_Media>, exitcode <0>
[2009-01-01 01:19:37][552][INFO]service start running: service <C_Proxy>, exitcode <0>
[2009-01-01 01:19:37][552][INFO]service start running: service <C_Forwd>, exitcode <0>
[2009-01-01 01:19:37][552][INFO]service start running: service <C_RTime>, exitcode <0>
[2009-01-01 01:19:42][552][INFO]service start running: service <C_Task>, exitcode <0>
[2021-12-03 16:19:06][356][INFO]service start running: service <C_Media>, exitcode <0>
[2021-12-03 16:19:06][356][INFO]service start running: service <C_Proxy>, exitcode <0>
[2021-12-03 16:19:06][356][INFO]service start running: service <C_Forwd>, exitcode <0>
[2021-12-03 16:19:06][356][INFO]service start running: service <C_RTime>, exitcode <0>
[2021-12-03 16:19:11][356][INFO]service start running: service <C_Task>, exitcode <0>
[2021-12-03 16:22:40][544][INFO]service start running: service <C_Media>, exitcode <0>
[2021-12-03 16:22:40][544][INFO]service start running: service <C_Proxy>, exitcode <0>
[2021-12-03 16:22:40][544][INFO]service start running: service <C_Forwd>, exitcode <0>
[2021-12-03 16:22:40][544][INFO]service start running: service <C_RTime>, exitcode <0>
[2021-12-03 16:22:45][544][INFO]service start running: service <C_Task>, exitcode <0>
[2021-12-03 16:24:43][584][INFO]service start running: service <C_Media>, exitcode <0>
[2021-12-03 16:24:43][584][INFO]service start running: service <C_Proxy>, exitcode <0>
[2021-12-03 16:24:43][584][INFO]service start running: service <C_Forwd>, exitcode <0>
[2021-12-03 16:24:43][584][INFO]service start running: service <C_RTime>, exitcode <0>
[2021-12-03 16:24:48][584][INFO]service start running: service <C_Task>, exitcode <0>
[2009-01-01 00:00:30][544][INFO]service start running: service <C_Media>, exitcode <0>
[2009-01-01 00:00:30][544][INFO]service start running: service <C_Proxy>, exitcode <0>
[2009-01-01 00:00:30][544][INFO]service start running: service <C_Forwd>, exitcode <0>
[2009-01-01 00:00:30][544][INFO]service start running: service <C_RTime>, exitcode <0>
[2009-01-01 00:00:35][544][INFO]service start running: service <C_Task>, exitcode <0>
[2009-01-01 08:28:51][452][INFO]service start running: service <C_Media>, exitcode <0>
[2009-01-01 08:28:51][452][INFO]service start running: service <C_Proxy>, exitcode <0>
[2009-01-01 08:28:51][452][INFO]service start running: service <C_Forwd>, exitcode <0>
[2009-01-01 08:28:51][452][INFO]service start running: service <C_RTime>, exitcode <0>
[2009-01-01 08:28:56][452][INFO]service start running: service <C_Task>, exitcode <0>
[2009-01-01 13:56:46][356][INFO]service start running: service <C_Media>, exitcode <0>
[2009-01-01 13:56:46][356][INFO]service start running: service <C_Proxy>, exitcode <0>
[2009-01-01 13:56:46][356][INFO]service start running: service <C_Forwd>, exitcode <0>
[2009-01-01 13:56:46][356][INFO]service start running: service <C_RTime>, exitcode <0>
[2009-01-01 13:56:51][356][INFO]service start running: service <C_Task>, exitcode <0>
[2009-01-01 00:00:30][580][INFO]service start running: service <C_Media>, exitcode <0>
[2009-01-01 00:00:30][580][INFO]service start running: service <C_Proxy>, exitcode <0>
[2009-01-01 00:00:30][580][INFO]service start running: service <C_Forwd>, exitcode <0>
[2009-01-01 00:00:30][580][INFO]service start running: service <C_RTime>, exitcode <0>
[2009-01-01 00:00:35][580][INFO]service start running: service <C_Task>, exitcode <0>
[2009-01-01 00:00:30][572][INFO]service start running: service <C_Media>, exitcode <0>
[2009-01-01 00:00:30][572][INFO]service start running: service <C_Proxy>, exitcode <0>
[2009-01-01 00:00:30][572][INFO]service start running: service <C_Forwd>, exitcode <0>
[2009-01-01 00:00:30][572][INFO]service start running: service <C_RTime>, exitcode <0>
[2009-01-01 00:00:35][572][INFO]service start running: service <C_Task>, exitcode <0>
[2009-01-01 00:00:31][600][INFO]service start running: service <C_Media>, exitcode <0>
[2009-01-01 00:00:31][600][INFO]service start running: service <C_Proxy>, exitcode <0>
[2009-01-01 00:00:31][600][INFO]service start running: service <C_Forwd>, exitcode <0>
[2009-01-01 00:00:31][600][INFO]service start running: service <C_RTime>, exitcode <0>
[2009-01-01 00:00:36][600][INFO]service start running: service <C_Task>, exitcode <0>
[2009-01-01 00:00:31][560][INFO]service start running: service <C_Media>, exitcode <0>
[2009-01-01 00:00:31][560][INFO]service start running: service <C_Proxy>, exitcode <0>
[2009-01-01 00:00:31][560][INFO]service start running: service <C_Forwd>, exitcode <0>
[2009-01-01 00:00:31][560][INFO]service start running: service <C_RTime>, exitcode <0>
[2009-01-01 00:00:36][560][INFO]service start running: service <C_Task>, exitcode <0>
[2009-01-01 00:00:31][588][INFO]service start running: service <C_Media>, exitcode <0>
[2009-01-01 00:00:31][588][INFO]service start running: service <C_Proxy>, exitcode <0>
[2009-01-01 00:00:31][588][INFO]service start running: service <C_Forwd>, exitcode <0>
[2009-01-01 00:00:31][588][INFO]service start running: service <C_RTime>, exitcode <0>
[2009-01-01 00:00:36][588][INFO]service start running: service <C_Task>, exitcode <0>
[2009-01-01 00:00:30][456][INFO]service start running: service <C_Media>, exitcode <0>
[2009-01-01 00:00:30][456][INFO]service start running: service <C_Proxy>, exitcode <0>
[2009-01-01 00:00:30][456][INFO]service start running: service <C_Forwd>, exitcode <0>
[2009-01-01 00:00:30][456][INFO]service start running: service <C_RTime>, exitcode <0>
[2009-01-01 00:00:35][456][INFO]service start running: service <C_Task>, exitcode <0>
[2009-01-01 00:00:32][456][INFO]service start running: service <C_Media>, exitcode <0>
[2009-01-01 00:00:32][456][INFO]service start running: service <C_Proxy>, exitcode <0>
[2009-01-01 00:00:32][456][INFO]service start running: service <C_Forwd>, exitcode <0>
[2009-01-01 00:00:32][456][INFO]service start running: service <C_RTime>, exitcode <0>
[2009-01-01 00:00:37][456][INFO]service start running: service <C_Task>, exitcode <0>
[2009-01-01 23:05:58][772][INFO]service start running: service <C_Media>, exitcode <0>
[2009-01-01 23:05:58][772][INFO]service start running: service <C_Proxy>, exitcode <0>
[2009-01-01 23:05:58][772][INFO]service start running: service <C_Forwd>, exitcode <0>
[2009-01-01 23:05:58][772][INFO]service start running: service <C_RTime>, exitcode <0>
[2009-01-01 23:06:03][772][INFO]service start running: service <C_Task>, exitcode <0>
[2009-01-01 00:00:30][452][INFO]service start running: service <C_Media>, exitcode <0>
[2009-01-01 00:00:30][452][INFO]service start running: service <C_Proxy>, exitcode <0>
[2009-01-01 00:00:30][452][INFO]service start running: service <C_Forwd>, exitcode <0>
[2009-01-01 00:00:30][452][INFO]service start running: service <C_RTime>, exitcode <0>
[2009-01-01 00:00:35][452][INFO]service start running: service <C_Task>, exitcode <0>
[2009-01-01 00:00:31][572][INFO]service start running: service <C_Media>, exitcode <0>
[2009-01-01 00:00:31][572][INFO]service start running: service <C_Proxy>, exitcode <0>
[2009-01-01 00:00:31][572][INFO]service start running: service <C_Forwd>, exitcode <0>
[2009-01-01 00:00:31][572][INFO]service start running: service <C_RTime>, exitcode <0>
[2009-01-01 00:00:36][572][INFO]service start running: service <C_Task>, exitcode <0>
[2009-01-01 00:00:33][584][INFO]service start running: service <C_Media>, exitcode <0>
[2009-01-01 00:00:33][584][INFO]service start running: service <C_Proxy>, exitcode <0>
[2009-01-01 00:00:33][584][INFO]service start running: service <C_Forwd>, exitcode <0>
[2009-01-01 00:00:33][584][INFO]service start running: service <C_RTime>, exitcode <0>
[2009-01-01 00:00:38][584][INFO]service start running: service <C_Task>, exitcode <0>
[2009-01-01 00:00:30][580][INFO]service start running: service <C_Media>, exitcode <0>
[2009-01-01 00:00:30][580][INFO]service start running: service <C_Proxy>, exitcode <0>
[2009-01-01 00:00:30][580][INFO]service start running: service <C_Forwd>, exitcode <0>
[2009-01-01 00:00:30][580][INFO]service start running: service <C_RTime>, exitcode <0>
[2009-01-01 00:00:35][580][INFO]service start running: service <C_Task>, exitcode <0>
[][584][INFO]service start running: service <C_Media>, exitcode <0>
[][584][INFO]service start running: service <C_Proxy>, exitcode <0>
[][584][INFO]service start running: service <C_Forwd>, exitcode <0>
[][584][INFO]service start running: service <C_RTime>, exitcode <0>
[][584][INFO]service start running: service <C_Task>, exitcode <0>
[2009-01-01 00:00:30][356][INFO]service start running: service <C_Media>, exitcode <0>
[2009-01-01 00:00:30][356][INFO]service start running: service <C_Proxy>, exitcode <0>
[2009-01-01 00:00:30][356][INFO]service start running: service <C_Forwd>, exitcode <0>
[2009-01-01 00:00:30][356][INFO]service start running: service <C_RTime>, exitcode <0>
[2009-01-01 00:00:35][356][INFO]service start running: service <C_Task>, exitcode <0>
[2009-01-01 00:00:30][356][INFO]service start running: service <C_Media>, exitcode <0>
[2009-01-01 00:00:30][356][INFO]service start running: service <C_Proxy>, exitcode <0>
[2009-01-01 00:00:30][356][INFO]service start running: service <C_Forwd>, exitcode <0>
[2009-01-01 00:00:30][356][INFO]service start running: service <C_RTime>, exitcode <0>
[2009-01-01 00:00:35][356][INFO]service start running: service <C_Task>, exitcode <0>
[2009-01-01 00:00:30][564][INFO]service start running: service <C_Media>, exitcode <0>
[2009-01-01 00:00:30][564][INFO]service start running: service <C_Proxy>, exitcode <0>
[2009-01-01 00:00:30][564][INFO]service start running: service <C_Forwd>, exitcode <0>
[2009-01-01 00:00:30][564][INFO]service start running: service <C_RTime>, exitcode <0>
[2009-01-01 00:00:35][564][INFO]service start running: service <C_Task>, exitcode <0>
[2009-01-01 00:00:32][536][INFO]service start running: service <C_Media>, exitcode <0>
[2009-01-01 00:00:32][536][INFO]service start running: service <C_Proxy>, exitcode <0>
[2009-01-01 00:00:32][536][INFO]service start running: service <C_Forwd>, exitcode <0>
[2009-01-01 00:00:32][536][INFO]service start running: service <C_RTime>, exitcode <0>
[2009-01-01 00:00:37][536][INFO]service start running: service <C_Task>, exitcode <0>
[2009-01-01 00:02:42][456][INFO]service start running: service <C_Media>, exitcode <0>
[2009-01-01 00:02:42][456][INFO]service start running: service <C_Proxy>, exitcode <0>
[2009-01-01 00:02:42][456][INFO]service start running: service <C_Forwd>, exitcode <0>
[2009-01-01 00:02:42][456][INFO]service start running: service <C_RTime>, exitcode <0>
[2009-01-01 00:02:47][456][INFO]service start running: service <C_Task>, exitcode <0>
[2021-12-29 12:53:30][592][INFO]service start running: service <C_Media>, exitcode <0>
[2021-12-29 12:53:30][592][INFO]service start running: service <C_Proxy>, exitcode <0>
[2021-12-29 12:53:30][592][INFO]service start running: service <C_Forwd>, exitcode <0>
[2021-12-29 12:53:30][592][INFO]service start running: service <C_RTime>, exitcode <0>
[2021-12-29 12:53:35][592][INFO]service start running: service <C_Task>, exitcode <0>
[2021-12-29 12:55:49][708][INFO]service start running: service <C_Media>, exitcode <0>
[2021-12-29 12:55:49][708][INFO]service start running: service <C_Proxy>, exitcode <0>
[2021-12-29 12:55:49][708][INFO]service start running: service <C_Forwd>, exitcode <0>
[2021-12-29 12:55:49][708][INFO]service start running: service <C_RTime>, exitcode <0>
[2021-12-29 12:55:54][708][INFO]service start running: service <C_Task>, exitcode <0>
[2021-12-29 12:57:57][536][INFO]service start running: service <C_Media>, exitcode <0>
[2021-12-29 12:57:57][536][INFO]service start running: service <C_Proxy>, exitcode <0>
[2021-12-29 12:57:57][536][INFO]service start running: service <C_Forwd>, exitcode <0>
[2021-12-29 12:57:57][536][INFO]service start running: service <C_RTime>, exitcode <0>
[2021-12-29 12:58:02][536][INFO]service start running: service <C_Task>, exitcode <0>
[2021-12-29 13:00:00][712][INFO]service start running: service <C_Media>, exitcode <0>
[2021-12-29 13:00:00][712][INFO]service start running: service <C_Proxy>, exitcode <0>
[2021-12-29 13:00:00][712][INFO]service start running: service <C_Forwd>, exitcode <0>
[2021-12-29 13:00:00][712][INFO]service start running: service <C_RTime>, exitcode <0>
[2021-12-29 13:00:05][712][INFO]service start running: service <C_Task>, exitcode <0>
[2009-01-01 00:00:30][560][INFO]service start running: service <C_Media>, exitcode <0>
[2009-01-01 00:00:30][560][INFO]service start running: service <C_Proxy>, exitcode <0>
[2009-01-01 00:00:30][560][INFO]service start running: service <C_Forwd>, exitcode <0>
[2009-01-01 00:00:30][560][INFO]service start running: service <C_RTime>, exitcode <0>
[2009-01-01 00:00:35][560][INFO]service start running: service <C_Task>, exitcode <0>
[2009-01-01 00:17:40][548][INFO]service start running: service <C_Media>, exitcode <0>
[2009-01-01 00:17:40][548][INFO]service start running: service <C_Proxy>, exitcode <0>
[2009-01-01 00:17:40][548][INFO]service start running: service <C_Forwd>, exitcode <0>
[2009-01-01 00:17:40][548][INFO]service start running: service <C_RTime>, exitcode <0>
[2009-01-01 00:17:45][548][INFO]service start running: service <C_Task>, exitcode <0>
[2009-01-01 00:32:09][652][INFO]service start running: service <C_Media>, exitcode <0>
[2009-01-01 00:32:09][652][INFO]service start running: service <C_Proxy>, exitcode <0>
[2009-01-01 00:32:09][652][INFO]service start running: service <C_Forwd>, exitcode <0>
[2009-01-01 00:32:09][652][INFO]service start running: service <C_RTime>, exitcode <0>
[2009-01-01 00:32:14][652][INFO]service start running: service <C_Task>, exitcode <0>
[2009-01-01 00:36:58][572][INFO]service start running: service <C_Media>, exitcode <0>
[2009-01-01 00:36:58][572][INFO]service start running: service <C_Proxy>, exitcode <0>
[2009-01-01 00:36:58][572][INFO]service start running: service <C_Forwd>, exitcode <0>
[2009-01-01 00:36:58][572][INFO]service start running: service <C_RTime>, exitcode <0>
[2009-01-01 00:37:03][572][INFO]service start running: service <C_Task>, exitcode <0>
[2009-01-01 00:38:37][564][INFO]service start running: service <C_Media>, exitcode <0>
[2009-01-01 00:38:37][564][INFO]service start running: service <C_Proxy>, exitcode <0>
[2009-01-01 00:38:37][564][INFO]service start running: service <C_Forwd>, exitcode <0>
[2009-01-01 00:38:37][564][INFO]service start running: service <C_RTime>, exitcode <0>
[2009-01-01 00:38:42][564][INFO]service start running: service <C_Task>, exitcode <0>
[2009-01-01 00:40:13][568][INFO]service start running: service <C_Media>, exitcode <0>
[2009-01-01 00:40:13][568][INFO]service start running: service <C_Proxy>, exitcode <0>
[2009-01-01 00:40:13][568][INFO]service start running: service <C_Forwd>, exitcode <0>
[2009-01-01 00:40:13][568][INFO]service start running: service <C_RTime>, exitcode <0>
[2009-01-01 00:40:18][568][INFO]service start running: service <C_Task>, exitcode <0>
[2009-01-01 00:42:58][764][INFO]service start running: service <C_Media>, exitcode <0>
[2009-01-01 00:42:58][764][INFO]service start running: service <C_Proxy>, exitcode <0>
[2009-01-01 00:42:58][764][INFO]service start running: service <C_Forwd>, exitcode <0>
[2009-01-01 00:42:58][764][INFO]service start running: service <C_RTime>, exitcode <0>
[2009-01-01 00:43:03][764][INFO]service start running: service <C_Task>, exitcode <0>
[2009-01-01 00:44:38][564][INFO]service start running: service <C_Media>, exitcode <0>
[2009-01-01 00:44:38][564][INFO]service start running: service <C_Proxy>, exitcode <0>
[2009-01-01 00:44:38][564][INFO]service start running: service <C_Forwd>, exitcode <0>
[2009-01-01 00:44:38][564][INFO]service start running: service <C_RTime>, exitcode <0>
[2009-01-01 00:44:43][564][INFO]service start running: service <C_Task>, exitcode <0>
[2009-01-01 00:48:04][548][INFO]service start running: service <C_Media>, exitcode <0>
[2009-01-01 00:48:04][548][INFO]service start running: service <C_Proxy>, exitcode <0>
[2009-01-01 00:48:04][548][INFO]service start running: service <C_Forwd>, exitcode <0>
[2009-01-01 00:48:04][548][INFO]service start running: service <C_RTime>, exitcode <0>
[2009-01-01 00:48:09][548][INFO]service start running: service <C_Task>, exitcode <0>
[2009-01-01 00:53:03][656][INFO]service start running: service <C_Media>, exitcode <0>
[2009-01-01 00:53:03][656][INFO]service start running: service <C_Proxy>, exitcode <0>
[2009-01-01 00:53:03][656][INFO]service start running: service <C_Forwd>, exitcode <0>
[2009-01-01 00:53:03][656][INFO]service start running: service <C_RTime>, exitcode <0>
[2009-01-01 00:53:08][656][INFO]service start running: service <C_Task>, exitcode <0>
[2009-01-01 00:00:45][1104][INFO]service start running: service <C_Media>, exitcode <0>
[2009-01-01 00:00:45][1104][INFO]service start running: service <C_Proxy>, exitcode <0>
[2009-01-01 00:00:45][1104][INFO]service start running: service <C_Forwd>, exitcode <0>
[2009-01-01 00:00:45][1104][INFO]service start running: service <C_RTime>, exitcode <0>
[2009-01-01 00:00:51][1104][INFO]service start running: service <C_Task>, exitcode <0>
[2009-01-01 00:00:45][1108][INFO]service start running: service <C_Media>, exitcode <0>
[2009-01-01 00:00:45][1108][INFO]service start running: service <C_Proxy>, exitcode <0>
[2009-01-01 00:00:45][1108][INFO]service start running: service <C_Forwd>, exitcode <0>
[2009-01-01 00:00:45][1108][INFO]service start running: service <C_RTime>, exitcode <0>
[2009-01-01 00:00:50][1108][INFO]service start running: service <C_Task>, exitcode <0>
[2009-01-01 00:00:45][1040][INFO]service start running: service <C_Media>, exitcode <0>
[2009-01-01 00:00:45][1040][INFO]service start running: service <C_Proxy>, exitcode <0>
[2009-01-01 00:00:45][1040][INFO]service start running: service <C_Forwd>, exitcode <0>
[2009-01-01 00:00:45][1040][INFO]service start running: service <C_RTime>, exitcode <0>
[2009-01-01 00:00:50][1040][INFO]service start running: service <C_Task>, exitcode <0>
[2009-01-01 00:00:47][964][INFO]service start running: service <C_Media>, exitcode <0>
[2009-01-01 00:00:47][964][INFO]service start running: service <C_Proxy>, exitcode <0>
[2009-01-01 00:00:47][964][INFO]service start running: service <C_Forwd>, exitcode <0>
[2009-01-01 00:00:47][964][INFO]service start running: service <C_RTime>, exitcode <0>
[2009-01-01 00:00:52][964][INFO]service start running: service <C_Task>, exitcode <0>
[2009-01-01 23:14:06][1040][INFO]service start running: service <C_Media>, exitcode <0>
[2009-01-01 23:14:06][1040][INFO]service start running: service <C_Proxy>, exitcode <0>
[2009-01-01 23:14:06][1040][INFO]service start running: service <C_Forwd>, exitcode <0>
[2009-01-01 23:14:06][1040][INFO]service start running: service <C_RTime>, exitcode <0>
[2009-01-01 23:14:11][1040][INFO]service start running: service <C_Task>, exitcode <0>
[2009-01-01 09:03:47][1036][INFO]service start running: service <C_Media>, exitcode <0>
[2009-01-01 09:03:47][1036][INFO]service start running: service <C_Proxy>, exitcode <0>
[2009-01-01 09:03:47][1036][INFO]service start running: service <C_Forwd>, exitcode <0>
[2009-01-01 09:03:47][1036][INFO]service start running: service <C_RTime>, exitcode <0>
[2009-01-01 09:03:52][1036][INFO]service start running: service <C_Task>, exitcode <0>
[2009-01-01 09:06:07][1036][INFO]service start running: service <C_Media>, exitcode <0>
[2009-01-01 09:06:07][1036][INFO]service start running: service <C_Proxy>, exitcode <0>
[2009-01-01 09:06:07][1036][INFO]service start running: service <C_Forwd>, exitcode <0>
[2009-01-01 09:06:07][1036][INFO]service start running: service <C_RTime>, exitcode <0>
[2009-01-01 09:06:12][1036][INFO]service start running: service <C_Task>, exitcode <0>
[2009-01-01 09:10:48][1104][INFO]service start running: service <C_Media>, exitcode <0>
[2009-01-01 09:10:48][1104][INFO]service start running: service <C_Proxy>, exitcode <0>
[2009-01-01 09:10:48][1104][INFO]service start running: service <C_Forwd>, exitcode <0>
[2009-01-01 09:10:48][1104][INFO]service start running: service <C_RTime>, exitcode <0>
[2009-01-01 09:10:53][1104][INFO]service start running: service <C_Task>, exitcode <0>
[2009-01-01 00:00:45][1052][INFO]service start running: service <C_Media>, exitcode <0>
[2009-01-01 00:00:45][1052][INFO]service start running: service <C_Proxy>, exitcode <0>
[2009-01-01 00:00:45][1052][INFO]service start running: service <C_Forwd>, exitcode <0>
[2009-01-01 00:00:45][1052][INFO]service start running: service <C_RTime>, exitcode <0>
[2009-01-01 00:00:50][1052][INFO]service start running: service <C_Task>, exitcode <0>
[2009-01-01 00:00:47][1112][INFO]service start running: service <C_Media>, exitcode <0>
[2009-01-01 00:00:47][1112][INFO]service start running: service <C_Proxy>, exitcode <0>
[2009-01-01 00:00:47][1112][INFO]service start running: service <C_Forwd>, exitcode <0>
[2009-01-01 00:00:47][1112][INFO]service start running: service <C_RTime>, exitcode <0>
[2009-01-01 00:00:52][1112][INFO]service start running: service <C_Task>, exitcode <0>
[2009-01-01 00:00:46][1048][INFO]service start running: service <C_Media>, exitcode <0>
[2009-01-01 00:00:46][1048][INFO]service start running: service <C_Proxy>, exitcode <0>
[2009-01-01 00:00:46][1048][INFO]service start running: service <C_Forwd>, exitcode <0>
[2009-01-01 00:00:46][1048][INFO]service start running: service <C_RTime>, exitcode <0>
[2009-01-01 00:00:51][1048][INFO]service start running: service <C_Task>, exitcode <0>
[2009-01-01 00:01:21][1036][INFO]service start running: service <C_Media>, exitcode <0>
[2009-01-01 00:01:21][1036][INFO]service start running: service <C_Proxy>, exitcode <0>
[2009-01-01 00:01:21][1036][INFO]service start running: service <C_Forwd>, exitcode <0>
[2009-01-01 00:01:21][1036][INFO]service start running: service <C_RTime>, exitcode <0>
[2009-01-01 00:01:26][1036][INFO]service start running: service <C_Task>, exitcode <0>
[2009-01-01 00:00:46][1236][INFO]service start running: service <C_Media>, exitcode <0>
[2009-01-01 00:00:46][1236][INFO]service start running: service <C_Proxy>, exitcode <0>
[2009-01-01 00:00:46][1236][INFO]service start running: service <C_Forwd>, exitcode <0>
[2009-01-01 00:00:46][1236][INFO]service start running: service <C_RTime>, exitcode <0>
[2009-01-01 00:00:51][1236][INFO]service start running: service <C_Task>, exitcode <0>
[2009-01-01 00:10:04][1132][INFO]service start running: service <C_Media>, exitcode <0>
[2009-01-01 00:10:04][1132][INFO]service start running: service <C_Proxy>, exitcode <0>
[2009-01-01 00:10:04][1132][INFO]service start running: service <C_Forwd>, exitcode <0>
[2009-01-01 00:10:04][1132][INFO]service start running: service <C_RTime>, exitcode <0>
[2009-01-01 00:10:09][1132][INFO]service start running: service <C_Task>, exitcode <0>
[2009-01-01 00:00:46][1132][INFO]service start running: service <C_Media>, exitcode <0>
[2009-01-01 00:00:46][1132][INFO]service start running: service <C_Proxy>, exitcode <0>
[2009-01-01 00:00:46][1132][INFO]service start running: service <C_Forwd>, exitcode <0>
[2009-01-01 00:00:46][1132][INFO]service start running: service <C_RTime>, exitcode <0>
[2009-01-01 00:00:51][1132][INFO]service start running: service <C_Task>, exitcode <0>
[2009-01-01 00:00:45][1104][INFO]service start running: service <C_Media>, exitcode <0>
[2009-01-01 00:00:45][1104][INFO]service start running: service <C_Proxy>, exitcode <0>
[2009-01-01 00:00:45][1104][INFO]service start running: service <C_Forwd>, exitcode <0>
[2009-01-01 00:00:45][1104][INFO]service start running: service <C_RTime>, exitcode <0>
[2009-01-01 00:00:50][1104][INFO]service start running: service <C_Task>, exitcode <0>
[2009-01-01 00:05:44][1104][INFO]service start running: service <C_Media>, exitcode <0>
[2009-01-01 00:05:44][1104][INFO]service start running: service <C_Proxy>, exitcode <0>
[2009-01-01 00:05:44][1104][INFO]service start running: service <C_Forwd>, exitcode <0>
[2009-01-01 00:05:44][1104][INFO]service start running: service <C_RTime>, exitcode <0>
[2009-01-01 00:05:49][1104][INFO]service start running: service <C_Task>, exitcode <0>
[2009-01-01 00:08:07][548][INFO]service start running: service <C_Media>, exitcode <0>
[2009-01-01 00:08:07][548][INFO]service start running: service <C_Proxy>, exitcode <0>
[2009-01-01 00:08:07][548][INFO]service start running: service <C_Forwd>, exitcode <0>
[2009-01-01 00:08:07][548][INFO]service start running: service <C_RTime>, exitcode <0>
[2009-01-01 00:08:12][548][INFO]service start running: service <C_Task>, exitcode <0>
[2009-01-01 00:09:46][560][INFO]service start running: service <C_Media>, exitcode <0>
[2009-01-01 00:09:46][560][INFO]service start running: service <C_Proxy>, exitcode <0>
[2009-01-01 00:09:46][560][INFO]service start running: service <C_Forwd>, exitcode <0>
[2009-01-01 00:09:46][560][INFO]service start running: service <C_RTime>, exitcode <0>
[2009-01-01 00:09:51][560][INFO]service start running: service <C_Task>, exitcode <0>
[2009-01-01 00:00:33][560][INFO]service start running: service <C_Media>, exitcode <0>
[2009-01-01 00:00:33][560][INFO]service start running: service <C_Proxy>, exitcode <0>
[2009-01-01 00:00:33][560][INFO]service start running: service <C_Forwd>, exitcode <0>
[2009-01-01 00:00:33][560][INFO]service start running: service <C_RTime>, exitcode <0>
[2009-01-01 00:00:38][560][INFO]service start running: service <C_Task>, exitcode <0>
[2009-01-01 00:00:31][556][INFO]service start running: service <C_Media>, exitcode <0>
[2009-01-01 00:00:31][556][INFO]service start running: service <C_Proxy>, exitcode <0>
[2009-01-01 00:00:31][556][INFO]service start running: service <C_Forwd>, exitcode <0>
[2009-01-01 00:00:31][556][INFO]service start running: service <C_RTime>, exitcode <0>
[2009-01-01 00:00:36][556][INFO]service start running: service <C_Task>, exitcode <0>
[2009-01-01 00:23:23][584][INFO]service start running: service <C_Media>, exitcode <0>
[2009-01-01 00:23:23][584][INFO]service start running: service <C_Proxy>, exitcode <0>
[2009-01-01 00:23:23][584][INFO]service start running: service <C_Forwd>, exitcode <0>
[2009-01-01 00:23:23][584][INFO]service start running: service <C_RTime>, exitcode <0>
[2009-01-01 00:23:28][584][INFO]service start running: service <C_Task>, exitcode <0>
[2009-01-01 00:00:52][2148][INFO]service start running: service <C_Media>, exitcode <0>
[2009-01-01 00:00:52][2148][INFO]service start running: service <C_Proxy>, exitcode <0>
[2009-01-01 00:00:52][2148][INFO]service start running: service <C_Forwd>, exitcode <0>
[2009-01-01 00:00:52][2148][INFO]service start running: service <C_RTime>, exitcode <0>
[2009-01-01 00:00:57][2148][INFO]service start running: service <C_Task>, exitcode <0>
[][536][INFO]service start running: service <C_Media>, exitcode <0>
[][536][INFO]service start running: service <C_Proxy>, exitcode <0>
[][536][INFO]service start running: service <C_Forwd>, exitcode <0>
[][536][INFO]service start running: service <C_RTime>, exitcode <0>
[][536][INFO]service start running: service <C_Task>, exitcode <0>
[][492][INFO]service start running: service <C_Media>, exitcode <0>
[][492][INFO]service start running: service <C_Proxy>, exitcode <0>
[][492][INFO]service start running: service <C_Forwd>, exitcode <0>
[][492][INFO]service start running: service <C_RTime>, exitcode <0>
[][492][INFO]service start running: service <C_Task>, exitcode <0>
[2009-01-01 00:00:34][576][INFO]service start running: service <C_Media>, exitcode <0>
[2009-01-01 00:00:34][576][INFO]service start running: service <C_Proxy>, exitcode <0>
[2009-01-01 00:00:34][576][INFO]service start running: service <C_Forwd>, exitcode <0>
[2009-01-01 00:00:34][576][INFO]service start running: service <C_RTime>, exitcode <0>
[2009-01-01 00:00:39][576][INFO]service start running: service <C_Task>, exitcode <0>
[2009-01-01 00:22:57][552][INFO]service start running: service <C_Media>, exitcode <0>
[2009-01-01 00:22:57][552][INFO]service start running: service <C_Proxy>, exitcode <0>
[2009-01-01 00:22:57][552][INFO]service start running: service <C_Forwd>, exitcode <0>
[2009-01-01 00:22:57][552][INFO]service start running: service <C_RTime>, exitcode <0>
[2009-01-01 00:23:02][552][INFO]service start running: service <C_Task>, exitcode <0>
[2009-01-01 00:25:45][452][INFO]service start running: service <C_Media>, exitcode <0>
[2009-01-01 00:25:45][452][INFO]service start running: service <C_Proxy>, exitcode <0>
[2009-01-01 00:25:45][452][INFO]service start running: service <C_Forwd>, exitcode <0>
[2009-01-01 00:25:45][452][INFO]service start running: service <C_RTime>, exitcode <0>
[2009-01-01 00:25:50][452][INFO]service start running: service <C_Task>, exitcode <0>
[2009-01-01 00:00:33][548][INFO]service start running: service <C_Media>, exitcode <0>
[2009-01-01 00:00:33][548][INFO]service start running: service <C_Proxy>, exitcode <0>
[2009-01-01 00:00:33][548][INFO]service start running: service <C_Forwd>, exitcode <0>
[2009-01-01 00:00:33][548][INFO]service start running: service <C_RTime>, exitcode <0>
[2009-01-01 00:00:38][548][INFO]service start running: service <C_Task>, exitcode <0>
[2009-01-01 00:00:32][540][INFO]service start running: service <C_Media>, exitcode <0>
[2009-01-01 00:00:32][540][INFO]service start running: service <C_Proxy>, exitcode <0>
[2009-01-01 00:00:32][540][INFO]service start running: service <C_Forwd>, exitcode <0>
[2009-01-01 00:00:32][540][INFO]service start running: service <C_RTime>, exitcode <0>
[2009-01-01 00:00:37][540][INFO]service start running: service <C_Task>, exitcode <0>
[2009-01-01 01:12:10][684][INFO]service start running: service <C_Media>, exitcode <0>
[2009-01-01 01:12:10][684][INFO]service start running: service <C_Proxy>, exitcode <0>
[2009-01-01 01:12:10][684][INFO]service start running: service <C_Forwd>, exitcode <0>
[2009-01-01 01:12:10][684][INFO]service start running: service <C_RTime>, exitcode <0>
[2009-01-01 01:12:15][684][INFO]service start running: service <C_Task>, exitcode <0>
[2009-01-01 00:00:32][568][INFO]service start running: service <C_Media>, exitcode <0>
[2009-01-01 00:00:32][568][INFO]service start running: service <C_Proxy>, exitcode <0>
[2009-01-01 00:00:32][568][INFO]service start running: service <C_Forwd>, exitcode <0>
[2009-01-01 00:00:32][568][INFO]service start running: service <C_RTime>, exitcode <0>
[2009-01-01 00:00:37][568][INFO]service start running: service <C_Task>, exitcode <0>
[2009-01-01 00:00:33][356][INFO]service start running: service <C_Media>, exitcode <0>
[2009-01-01 00:00:33][356][INFO]service start running: service <C_Proxy>, exitcode <0>
[2009-01-01 00:00:33][356][INFO]service start running: service <C_Forwd>, exitcode <0>
[2009-01-01 00:00:33][356][INFO]service start running: service <C_RTime>, exitcode <0>
[2009-01-01 00:00:38][356][INFO]service start running: service <C_Task>, exitcode <0>
[2009-01-01 00:00:32][764][INFO]service start running: service <C_Media>, exitcode <0>
[2009-01-01 00:00:32][764][INFO]service start running: service <C_Proxy>, exitcode <0>
[2009-01-01 00:00:32][764][INFO]service start running: service <C_Forwd>, exitcode <0>
[2009-01-01 00:00:32][764][INFO]service start running: service <C_RTime>, exitcode <0>
[2009-01-01 00:00:37][764][INFO]service start running: service <C_Task>, exitcode <0>
[2009-01-01 00:00:32][572][INFO]service start running: service <C_Media>, exitcode <0>
[2009-01-01 00:00:32][572][INFO]service start running: service <C_Proxy>, exitcode <0>
[2009-01-01 00:00:32][572][INFO]service start running: service <C_Forwd>, exitcode <0>
[2009-01-01 00:00:32][572][INFO]service start running: service <C_RTime>, exitcode <0>
[2009-01-01 00:00:37][572][INFO]service start running: service <C_Task>, exitcode <0>
[2009-01-01 00:00:32][684][INFO]service start running: service <C_Media>, exitcode <0>
[2009-01-01 00:00:32][684][INFO]service start running: service <C_Proxy>, exitcode <0>
[2009-01-01 00:00:32][684][INFO]service start running: service <C_Forwd>, exitcode <0>
[2009-01-01 00:00:32][684][INFO]service start running: service <C_RTime>, exitcode <0>
[2009-01-01 00:00:37][684][INFO]service start running: service <C_Task>, exitcode <0>
[2009-01-01 00:00:32][640][INFO]service start running: service <C_Media>, exitcode <0>
[2009-01-01 00:00:32][640][INFO]service start running: service <C_Proxy>, exitcode <0>
[2009-01-01 00:00:32][640][INFO]service start running: service <C_Forwd>, exitcode <0>
[2009-01-01 00:00:32][640][INFO]service start running: service <C_RTime>, exitcode <0>
[2009-01-01 00:00:37][640][INFO]service start running: service <C_Task>, exitcode <0>
[2009-01-01 00:00:32][820][INFO]service start running: service <C_Media>, exitcode <0>
[2009-01-01 00:00:32][820][INFO]service start running: service <C_Proxy>, exitcode <0>
[2009-01-01 00:00:32][820][INFO]service start running: service <C_Forwd>, exitcode <0>
[2009-01-01 00:00:32][820][INFO]service start running: service <C_RTime>, exitcode <0>
[2009-01-01 00:00:37][820][INFO]service start running: service <C_Task>, exitcode <0>
[2009-01-01 00:00:33][648][INFO]service start running: service <C_Media>, exitcode <0>
[2009-01-01 00:00:33][648][INFO]service start running: service <C_Proxy>, exitcode <0>
[2009-01-01 00:00:33][648][INFO]service start running: service <C_Forwd>, exitcode <0>
[2009-01-01 00:00:33][648][INFO]service start running: service <C_RTime>, exitcode <0>
[2009-01-01 00:00:38][648][INFO]service start running: service <C_Task>, exitcode <0>
[][580][INFO]service start running: service <C_Media>, exitcode <0>
[][580][INFO]service start running: service <C_Proxy>, exitcode <0>
[][580][INFO]service start running: service <C_Forwd>, exitcode <0>
[][580][INFO]service start running: service <C_RTime>, exitcode <0>
[][580][INFO]service start running: service <C_Task>, exitcode <0>
[2009-01-01 00:00:35][636][INFO]service start running: service <C_Media>, exitcode <0>
[2009-01-01 00:00:35][636][INFO]service start running: service <C_Proxy>, exitcode <0>
[2009-01-01 00:00:35][636][INFO]service start running: service <C_Forwd>, exitcode <0>
[2009-01-01 00:00:35][636][INFO]service start running: service <C_RTime>, exitcode <0>
[2009-01-01 00:00:40][636][INFO]service start running: service <C_Task>, exitcode <0>
[2009-01-01 00:00:31][536][INFO]service start running: service <C_Media>, exitcode <0>
[2009-01-01 00:00:31][536][INFO]service start running: service <C_Proxy>, exitcode <0>
[2009-01-01 00:00:31][536][INFO]service start running: service <C_Forwd>, exitcode <0>
[2009-01-01 00:00:31][536][INFO]service start running: service <C_RTime>, exitcode <0>
[2009-01-01 00:00:36][536][INFO]service start running: service <C_Task>, exitcode <0>
[2009-01-01 00:00:32][728][INFO]service start running: service <C_Media>, exitcode <0>
[2009-01-01 00:00:32][728][INFO]service start running: service <C_Proxy>, exitcode <0>
[2009-01-01 00:00:32][728][INFO]service start running: service <C_Forwd>, exitcode <0>
[2009-01-01 00:00:32][728][INFO]service start running: service <C_RTime>, exitcode <0>
[2009-01-01 00:00:37][728][INFO]service start running: service <C_Task>, exitcode <0>
[2009-01-01 00:00:33][540][INFO]service start running: service <C_Media>, exitcode <0>
[2009-01-01 00:00:33][540][INFO]service start running: service <C_Proxy>, exitcode <0>
[2009-01-01 00:00:33][540][INFO]service start running: service <C_Forwd>, exitcode <0>
[2009-01-01 00:00:33][540][INFO]service start running: service <C_RTime>, exitcode <0>
[2009-01-01 00:00:38][540][INFO]service start running: service <C_Task>, exitcode <0>
[2009-01-01 00:00:32][540][INFO]service start running: service <C_Media>, exitcode <0>
[2009-01-01 00:00:32][540][INFO]service start running: service <C_Proxy>, exitcode <0>
[2009-01-01 00:00:32][540][INFO]service start running: service <C_Forwd>, exitcode <0>
[2009-01-01 00:00:32][540][INFO]service start running: service <C_RTime>, exitcode <0>
[2009-01-01 00:00:37][540][INFO]service start running: service <C_Task>, exitcode <0>
[2009-01-01 00:00:32][644][INFO]service start running: service <C_Media>, exitcode <0>
[2009-01-01 00:00:32][644][INFO]service start running: service <C_Proxy>, exitcode <0>
[2009-01-01 00:00:32][644][INFO]service start running: service <C_Forwd>, exitcode <0>
[2009-01-01 00:00:32][644][INFO]service start running: service <C_RTime>, exitcode <0>
[2009-01-01 00:00:37][644][INFO]service start running: service <C_Task>, exitcode <0>
[2009-01-01 00:00:32][628][INFO]service start running: service <C_Media>, exitcode <0>
[2009-01-01 00:00:32][628][INFO]service start running: service <C_Proxy>, exitcode <0>
[2009-01-01 00:00:32][628][INFO]service start running: service <C_Forwd>, exitcode <0>
[2009-01-01 00:00:32][628][INFO]service start running: service <C_RTime>, exitcode <0>
[2009-01-01 00:00:37][628][INFO]service start running: service <C_Task>, exitcode <0>
[2022-05-19 08:01:57][1004][INFO]service start running: service <C_Media>, exitcode <0>
[2022-05-19 08:01:57][1004][INFO]service start running: service <C_Proxy>, exitcode <0>
[2022-05-19 08:01:57][1004][INFO]service start running: service <C_Forwd>, exitcode <0>
[2022-05-19 08:01:57][1004][INFO]service start running: service <C_RTime>, exitcode <0>
[2022-05-19 08:02:02][1004][INFO]service start running: service <C_Task>, exitcode <0>
[2022-05-19 08:04:06][620][INFO]service start running: service <C_Media>, exitcode <0>
[2022-05-19 08:04:06][620][INFO]service start running: service <C_Proxy>, exitcode <0>
[2022-05-19 08:04:06][620][INFO]service start running: service <C_Forwd>, exitcode <0>
[2022-05-19 08:04:06][620][INFO]service start running: service <C_RTime>, exitcode <0>
[2022-05-19 08:04:11][620][INFO]service start running: service <C_Task>, exitcode <0>
[2009-01-01 00:00:38][1016][INFO]service start running: service <C_Media>, exitcode <0>
[2009-01-01 00:00:38][1016][INFO]service start running: service <C_Proxy>, exitcode <0>
[2009-01-01 00:00:38][1016][INFO]service start running: service <C_Forwd>, exitcode <0>
[2009-01-01 00:00:38][1016][INFO]service start running: service <C_RTime>, exitcode <0>
[2009-01-01 00:00:43][1016][INFO]service start running: service <C_Task>, exitcode <0>
[2009-01-01 13:08:23][1000][INFO]service start running: service <C_Media>, exitcode <0>
[2009-01-01 13:08:23][1000][INFO]service start running: service <C_Proxy>, exitcode <0>
[2009-01-01 13:08:23][1000][INFO]service start running: service <C_Forwd>, exitcode <0>
[2009-01-01 13:08:23][1000][INFO]service start running: service <C_RTime>, exitcode <0>
[2009-01-01 13:08:28][1000][INFO]service start running: service <C_Task>, exitcode <0>
[2009-01-01 13:08:25][1012][INFO]service start running: service <C_Media>, exitcode <0>
[2009-01-01 13:08:25][1012][INFO]service start running: service <C_Proxy>, exitcode <0>
[2009-01-01 13:08:25][1012][INFO]service start running: service <C_Forwd>, exitcode <0>
[2009-01-01 13:08:25][1012][INFO]service start running: service <C_RTime>, exitcode <0>
[2009-01-01 13:08:30][1012][INFO]service start running: service <C_Task>, exitcode <0>
[2009-01-01 13:08:23][948][INFO]service start running: service <C_Media>, exitcode <0>
[2009-01-01 13:08:23][948][INFO]service start running: service <C_Proxy>, exitcode <0>
[2009-01-01 13:08:23][948][INFO]service start running: service <C_Forwd>, exitcode <0>
[2009-01-01 13:08:23][948][INFO]service start running: service <C_RTime>, exitcode <0>
[2009-01-01 13:08:28][948][INFO]service start running: service <C_Task>, exitcode <0>
[][872][INFO]service start running: service <C_Media>, exitcode <0>
[][872][INFO]service start running: service <C_Proxy>, exitcode <0>
[][872][INFO]service start running: service <C_Forwd>, exitcode <0>
[][872][INFO]service start running: service <C_RTime>, exitcode <0>
[][872][INFO]service start running: service <C_Task>, exitcode <0>
[2009-01-01 00:00:37][1124][INFO]service start running: service <C_Media>, exitcode <0>
[2009-01-01 00:00:37][1124][INFO]service start running: service <C_Proxy>, exitcode <0>
[2009-01-01 00:00:37][1124][INFO]service start running: service <C_Forwd>, exitcode <0>
[2009-01-01 00:00:37][1124][INFO]service start running: service <C_RTime>, exitcode <0>
[2009-01-01 00:00:42][1124][INFO]service start running: service <C_Task>, exitcode <0>
[2009-01-01 23:07:53][996][INFO]service start running: service <C_Media>, exitcode <0>
[2009-01-01 23:07:53][996][INFO]service start running: service <C_Proxy>, exitcode <0>
[2009-01-01 23:07:53][996][INFO]service start running: service <C_Forwd>, exitcode <0>
[2009-01-01 23:07:53][996][INFO]service start running: service <C_RTime>, exitcode <0>
[2009-01-01 23:07:58][996][INFO]service start running: service <C_Task>, exitcode <0>
[2009-01-01 00:00:38][1012][INFO]service start running: service <C_Media>, exitcode <0>
[2009-01-01 00:00:38][1012][INFO]service start running: service <C_Proxy>, exitcode <0>
[2009-01-01 00:00:38][1012][INFO]service start running: service <C_Forwd>, exitcode <0>
[2009-01-01 00:00:38][1012][INFO]service start running: service <C_RTime>, exitcode <0>
[2009-01-01 00:00:43][1012][INFO]service start running: service <C_Task>, exitcode <0>
[2009-01-01 00:00:38][816][INFO]service start running: service <C_Media>, exitcode <0>
[2009-01-01 00:00:38][816][INFO]service start running: service <C_Proxy>, exitcode <0>
[2009-01-01 00:00:38][816][INFO]service start running: service <C_Forwd>, exitcode <0>
[2009-01-01 00:00:38][816][INFO]service start running: service <C_RTime>, exitcode <0>
[2009-01-01 00:00:43][816][INFO]service start running: service <C_Task>, exitcode <0>
[2009-01-01 00:00:38][996][INFO]service start running: service <C_Media>, exitcode <0>
[2009-01-01 00:00:38][996][INFO]service start running: service <C_Proxy>, exitcode <0>
[2009-01-01 00:00:38][996][INFO]service start running: service <C_Forwd>, exitcode <0>
[2009-01-01 00:00:38][996][INFO]service start running: service <C_RTime>, exitcode <0>
[2009-01-01 00:00:43][996][INFO]service start running: service <C_Task>, exitcode <0>
[2009-01-01 00:00:38][1016][INFO]service start running: service <C_Media>, exitcode <0>
[2009-01-01 00:00:38][1016][INFO]service start running: service <C_Proxy>, exitcode <0>
[2009-01-01 00:00:38][1016][INFO]service start running: service <C_Forwd>, exitcode <0>
[2009-01-01 00:00:38][1016][INFO]service start running: service <C_RTime>, exitcode <0>
[2009-01-01 00:00:43][1016][INFO]service start running: service <C_Task>, exitcode <0>
[2009-01-01 00:41:40][940][INFO]service start running: service <C_Media>, exitcode <0>
[2009-01-01 00:41:40][940][INFO]service start running: service <C_Proxy>, exitcode <0>
[2009-01-01 00:41:40][940][INFO]service start running: service <C_Forwd>, exitcode <0>
[2009-01-01 00:41:40][940][INFO]service start running: service <C_RTime>, exitcode <0>
[2009-01-01 00:41:45][940][INFO]service start running: service <C_Task>, exitcode <0>
[2009-01-01 09:26:03][872][INFO]service start running: service <C_Media>, exitcode <0>
[2009-01-01 09:26:03][872][INFO]service start running: service <C_Proxy>, exitcode <0>
[2009-01-01 09:26:03][872][INFO]service start running: service <C_Forwd>, exitcode <0>
[2009-01-01 09:26:03][872][INFO]service start running: service <C_RTime>, exitcode <0>
[2009-01-01 09:26:08][872][INFO]service start running: service <C_Task>, exitcode <0>
[2009-01-01 00:00:40][1008][INFO]service start running: service <C_Media>, exitcode <0>
[2009-01-01 00:00:40][1008][INFO]service start running: service <C_Proxy>, exitcode <0>
[2009-01-01 00:00:40][1008][INFO]service start running: service <C_Forwd>, exitcode <0>
[2009-01-01 00:00:40][1008][INFO]service start running: service <C_RTime>, exitcode <0>
[2009-01-01 00:00:45][1008][INFO]service start running: service <C_Task>, exitcode <0>
[2009-01-01 00:00:38][944][INFO]service start running: service <C_Media>, exitcode <0>
[2009-01-01 00:00:38][944][INFO]service start running: service <C_Proxy>, exitcode <0>
[2009-01-01 00:00:38][944][INFO]service start running: service <C_Forwd>, exitcode <0>
[2009-01-01 00:00:38][944][INFO]service start running: service <C_RTime>, exitcode <0>
[2009-01-01 00:00:43][944][INFO]service start running: service <C_Task>, exitcode <0>
[2009-01-01 00:00:38][1320][INFO]service start running: service <C_Media>, exitcode <0>
[2009-01-01 00:00:38][1320][INFO]service start running: service <C_Proxy>, exitcode <0>
[2009-01-01 00:00:38][1320][INFO]service start running: service <C_Forwd>, exitcode <0>
[2009-01-01 00:00:38][1320][INFO]service start running: service <C_RTime>, exitcode <0>
[2009-01-01 00:00:43][1320][INFO]service start running: service <C_Task>, exitcode <0>
[2009-01-01 00:00:38][1008][INFO]service start running: service <C_Media>, exitcode <0>
[2009-01-01 00:00:38][1008][INFO]service start running: service <C_Proxy>, exitcode <0>
[2009-01-01 00:00:38][1008][INFO]service start running: service <C_Forwd>, exitcode <0>
[2009-01-01 00:00:38][1008][INFO]service start running: service <C_RTime>, exitcode <0>
[2009-01-01 00:00:43][1008][INFO]service start running: service <C_Task>, exitcode <0>
[2009-01-01 00:00:38][948][INFO]service start running: service <C_Media>, exitcode <0>
[2009-01-01 00:00:38][948][INFO]service start running: service <C_Proxy>, exitcode <0>
[2009-01-01 00:00:38][948][INFO]service start running: service <C_Forwd>, exitcode <0>
[2009-01-01 00:00:38][948][INFO]service start running: service <C_RTime>, exitcode <0>
[2009-01-01 00:00:43][948][INFO]service start running: service <C_Task>, exitcode <0>
[2009-01-01 00:00:38][1012][INFO]service start running: service <C_Media>, exitcode <0>
[2009-01-01 00:00:38][1012][INFO]service start running: service <C_Proxy>, exitcode <0>
[2009-01-01 00:00:38][1012][INFO]service start running: service <C_Forwd>, exitcode <0>
[2009-01-01 00:00:38][1012][INFO]service start running: service <C_RTime>, exitcode <0>
[2009-01-01 00:00:43][1012][INFO]service start running: service <C_Task>, exitcode <0>
[2009-01-01 00:00:38][1004][INFO]service start running: service <C_Media>, exitcode <0>
[2009-01-01 00:00:38][1004][INFO]service start running: service <C_Proxy>, exitcode <0>
[2009-01-01 00:00:38][1004][INFO]service start running: service <C_Forwd>, exitcode <0>
[2009-01-01 00:00:38][1004][INFO]service start running: service <C_RTime>, exitcode <0>
[2009-01-01 00:00:43][1004][INFO]service start running: service <C_Task>, exitcode <0>
[2009-01-01 00:00:38][1020][INFO]service start running: service <C_Media>, exitcode <0>
[2009-01-01 00:00:38][1020][INFO]service start running: service <C_Proxy>, exitcode <0>
[2009-01-01 00:00:38][1020][INFO]service start running: service <C_Forwd>, exitcode <0>
[2009-01-01 00:00:38][1020][INFO]service start running: service <C_RTime>, exitcode <0>
[2009-01-01 00:00:43][1020][INFO]service start running: service <C_Task>, exitcode <0>
[2009-01-01 00:00:40][1012][INFO]service start running: service <C_Media>, exitcode <0>
[2009-01-01 00:00:40][1012][INFO]service start running: service <C_Proxy>, exitcode <0>
[2009-01-01 00:00:40][1012][INFO]service start running: service <C_Forwd>, exitcode <0>
[2009-01-01 00:00:40][1012][INFO]service start running: service <C_RTime>, exitcode <0>
[2009-01-01 00:00:45][1012][INFO]service start running: service <C_Task>, exitcode <0>
[2009-01-01 00:00:38][1016][INFO]service start running: service <C_Media>, exitcode <0>
[2009-01-01 00:00:38][1016][INFO]service start running: service <C_Proxy>, exitcode <0>
[2009-01-01 00:00:38][1016][INFO]service start running: service <C_Forwd>, exitcode <0>
[2009-01-01 00:00:38][1016][INFO]service start running: service <C_RTime>, exitcode <0>
[2009-01-01 00:00:43][1016][INFO]service start running: service <C_Task>, exitcode <0>
[2009-01-01 00:00:38][1016][INFO]service start running: service <C_Media>, exitcode <0>
[2009-01-01 00:00:38][1016][INFO]service start running: service <C_Proxy>, exitcode <0>
[2009-01-01 00:00:38][1016][INFO]service start running: service <C_Forwd>, exitcode <0>
[2009-01-01 00:00:38][1016][INFO]service start running: service <C_RTime>, exitcode <0>
[2009-01-01 00:00:43][1016][INFO]service start running: service <C_Task>, exitcode <0>
[2009-01-01 00:00:37][1016][INFO]service start running: service <C_Media>, exitcode <0>
[2009-01-01 00:00:37][1016][INFO]service start running: service <C_Proxy>, exitcode <0>
[2009-01-01 00:00:37][1016][INFO]service start running: service <C_Forwd>, exitcode <0>
[2009-01-01 00:00:37][1016][INFO]service start running: service <C_RTime>, exitcode <0>
[2009-01-01 00:00:42][1016][INFO]service start running: service <C_Task>, exitcode <0>
[2009-01-01 00:00:38][1048][INFO]service start running: service <C_Media>, exitcode <0>
[2009-01-01 00:00:38][1048][INFO]service start running: service <C_Proxy>, exitcode <0>
[2009-01-01 00:00:38][1048][INFO]service start running: service <C_Forwd>, exitcode <0>
[2009-01-01 00:00:38][1048][INFO]service start running: service <C_RTime>, exitcode <0>
[2009-01-01 00:00:43][1048][INFO]service start running: service <C_Task>, exitcode <0>
[2009-01-01 00:00:38][1036][INFO]service start running: service <C_Media>, exitcode <0>
[2009-01-01 00:00:38][1036][INFO]service start running: service <C_Proxy>, exitcode <0>
[2009-01-01 00:00:38][1036][INFO]service start running: service <C_Forwd>, exitcode <0>
[2009-01-01 00:00:38][1036][INFO]service start running: service <C_RTime>, exitcode <0>
[2009-01-01 00:00:43][1036][INFO]service start running: service <C_Task>, exitcode <0>
[2009-01-01 00:00:37][1008][INFO]service start running: service <C_Media>, exitcode <0>
[2009-01-01 00:00:37][1008][INFO]service start running: service <C_Proxy>, exitcode <0>
[2009-01-01 00:00:37][1008][INFO]service start running: service <C_Forwd>, exitcode <0>
[2009-01-01 00:00:37][1008][INFO]service start running: service <C_RTime>, exitcode <0>
[2009-01-01 00:00:42][1008][INFO]service start running: service <C_Task>, exitcode <0>
[2009-01-01 00:04:00][708][INFO]service start running: service <C_Media>, exitcode <0>
[2009-01-01 00:04:00][708][INFO]service start running: service <C_Proxy>, exitcode <0>
[2009-01-01 00:04:00][708][INFO]service start running: service <C_Forwd>, exitcode <0>
[2009-01-01 00:04:00][708][INFO]service start running: service <C_RTime>, exitcode <0>
[2009-01-01 00:04:05][708][INFO]service start running: service <C_Task>, exitcode <0>
[2009-01-01 00:00:38][872][INFO]service start running: service <C_Media>, exitcode <0>
[2009-01-01 00:00:38][872][INFO]service start running: service <C_Proxy>, exitcode <0>
[2009-01-01 00:00:38][872][INFO]service start running: service <C_Forwd>, exitcode <0>
[2009-01-01 00:00:38][872][INFO]service start running: service <C_RTime>, exitcode <0>
[2009-01-01 00:00:43][872][INFO]service start running: service <C_Task>, exitcode <0>
[2009-01-01 00:00:38][824][INFO]service start running: service <C_Media>, exitcode <0>
[2009-01-01 00:00:38][824][INFO]service start running: service <C_Proxy>, exitcode <0>
[2009-01-01 00:00:38][824][INFO]service start running: service <C_Forwd>, exitcode <0>
[2009-01-01 00:00:38][824][INFO]service start running: service <C_RTime>, exitcode <0>
[2009-01-01 00:00:43][824][INFO]service start running: service <C_Task>, exitcode <0>
[2009-01-01 00:00:38][936][INFO]service start running: service <C_Media>, exitcode <0>
[2009-01-01 00:00:38][936][INFO]service start running: service <C_Proxy>, exitcode <0>
[2009-01-01 00:00:38][936][INFO]service start running: service <C_Forwd>, exitcode <0>
[2009-01-01 00:00:38][936][INFO]service start running: service <C_RTime>, exitcode <0>
[2009-01-01 00:00:43][936][INFO]service start running: service <C_Task>, exitcode <0>
[2009-01-01 00:00:40][1016][INFO]service start running: service <C_Media>, exitcode <0>
[2009-01-01 00:00:40][1016][INFO]service start running: service <C_Proxy>, exitcode <0>
[2009-01-01 00:00:40][1016][INFO]service start running: service <C_Forwd>, exitcode <0>
[2009-01-01 00:00:40][1016][INFO]service start running: service <C_RTime>, exitcode <0>
[2009-01-01 00:00:45][1016][INFO]service start running: service <C_Task>, exitcode <0>
[2009-01-01 00:00:38][996][INFO]service start running: service <C_Media>, exitcode <0>
[2009-01-01 00:00:38][996][INFO]service start running: service <C_Proxy>, exitcode <0>
[2009-01-01 00:00:38][996][INFO]service start running: service <C_Forwd>, exitcode <0>
[2009-01-01 00:00:38][996][INFO]service start running: service <C_RTime>, exitcode <0>
[2009-01-01 00:00:43][996][INFO]service start running: service <C_Task>, exitcode <0>
[2009-01-01 16:09:02][1004][INFO]service start running: service <C_Media>, exitcode <0>
[2009-01-01 16:09:02][1004][INFO]service start running: service <C_Proxy>, exitcode <0>
[2009-01-01 16:09:02][1004][INFO]service start running: service <C_Forwd>, exitcode <0>
[2009-01-01 16:09:02][1004][INFO]service start running: service <C_RTime>, exitcode <0>
[2009-01-01 16:09:07][1004][INFO]service start running: service <C_Task>, exitcode <0>
[2009-01-01 00:00:38][1016][INFO]service start running: service <C_Media>, exitcode <0>
[2009-01-01 00:00:38][1016][INFO]service start running: service <C_Proxy>, exitcode <0>
[2009-01-01 00:00:38][1016][INFO]service start running: service <C_Forwd>, exitcode <0>
[2009-01-01 00:00:38][1016][INFO]service start running: service <C_RTime>, exitcode <0>
[2009-01-01 00:00:43][1016][INFO]service start running: service <C_Task>, exitcode <0>
[2009-01-01 00:14:00][1012][INFO]service start running: service <C_Media>, exitcode <0>
[2009-01-01 00:14:00][1012][INFO]service start running: service <C_Proxy>, exitcode <0>
[2009-01-01 00:14:00][1012][INFO]service start running: service <C_Forwd>, exitcode <0>
[2009-01-01 00:14:00][1012][INFO]service start running: service <C_RTime>, exitcode <0>
[2009-01-01 00:14:05][1012][INFO]service start running: service <C_Task>, exitcode <0>
[2009-01-01 00:00:38][944][INFO]service start running: service <C_Media>, exitcode <0>
[2009-01-01 00:00:38][944][INFO]service start running: service <C_Proxy>, exitcode <0>
[2009-01-01 00:00:38][944][INFO]service start running: service <C_Forwd>, exitcode <0>
[2009-01-01 00:00:38][944][INFO]service start running: service <C_RTime>, exitcode <0>
[2009-01-01 00:00:43][944][INFO]service start running: service <C_Task>, exitcode <0>
[2009-01-01 04:07:58][1012][INFO]service start running: service <C_Media>, exitcode <0>
[2009-01-01 04:07:58][1012][INFO]service start running: service <C_Proxy>, exitcode <0>
[2009-01-01 04:07:58][1012][INFO]service start running: service <C_Forwd>, exitcode <0>
[2009-01-01 04:07:58][1012][INFO]service start running: service <C_RTime>, exitcode <0>
[2009-01-01 04:08:03][1012][INFO]service start running: service <C_Task>, exitcode <0>
[2009-01-01 04:11:49][1008][INFO]service start running: service <C_Media>, exitcode <0>
[2009-01-01 04:11:49][1008][INFO]service start running: service <C_Proxy>, exitcode <0>
[2009-01-01 04:11:49][1008][INFO]service start running: service <C_Forwd>, exitcode <0>
[2009-01-01 04:11:49][1008][INFO]service start running: service <C_RTime>, exitcode <0>
[2009-01-01 04:11:49][1008][INFO]service start running: service <C_Task>, exitcode <0>
[2009-01-01 04:15:39][636][INFO]service start running: service <C_Media>, exitcode <0>
[2009-01-01 04:15:39][636][INFO]service start running: service <C_Proxy>, exitcode <0>
[2009-01-01 04:15:39][636][INFO]service start running: service <C_Forwd>, exitcode <0>
[2009-01-01 04:15:39][636][INFO]service start running: service <C_RTime>, exitcode <0>
[2009-01-01 04:15:44][636][INFO]service start running: service <C_Task>, exitcode <0>
[2009-01-01 05:38:29][636][INFO]service start running: service <C_Media>, exitcode <0>
[2009-01-01 05:38:29][636][INFO]service start running: service <C_Proxy>, exitcode <0>
[2009-01-01 05:38:29][636][INFO]service start running: service <C_Forwd>, exitcode <0>
[2009-01-01 05:38:29][636][INFO]service start running: service <C_RTime>, exitcode <0>
[2009-01-01 05:38:34][636][INFO]service start running: service <C_Task>, exitcode <0>
[2009-01-01 11:06:34][704][INFO]service start running: service <C_Media>, exitcode <0>
[2009-01-01 11:06:34][704][INFO]service start running: service <C_Proxy>, exitcode <0>
[2009-01-01 11:06:34][704][INFO]service start running: service <C_Forwd>, exitcode <0>
[2009-01-01 11:06:34][704][INFO]service start running: service <C_RTime>, exitcode <0>
[2009-01-01 11:06:39][704][INFO]service start running: service <C_Task>, exitcode <0>
[2009-01-01 00:00:34][616][INFO]service start running: service <C_Media>, exitcode <0>
[2009-01-01 00:00:34][616][INFO]service start running: service <C_Proxy>, exitcode <0>
[2009-01-01 00:00:34][616][INFO]service start running: service <C_Forwd>, exitcode <0>
[2009-01-01 00:00:34][616][INFO]service start running: service <C_RTime>, exitcode <0>
[2009-01-01 00:00:39][616][INFO]service start running: service <C_Task>, exitcode <0>
[2009-01-01 00:00:32][784][INFO]service start running: service <C_Media>, exitcode <0>
[2009-01-01 00:00:32][784][INFO]service start running: service <C_Proxy>, exitcode <0>
[2009-01-01 00:00:32][784][INFO]service start running: service <C_Forwd>, exitcode <0>
[2009-01-01 00:00:32][784][INFO]service start running: service <C_RTime>, exitcode <0>
[2009-01-01 00:00:37][784][INFO]service start running: service <C_Task>, exitcode <0>
[2009-01-01 00:00:32][636][INFO]service start running: service <C_Media>, exitcode <0>
[2009-01-01 00:00:32][636][INFO]service start running: service <C_Proxy>, exitcode <0>
[2009-01-01 00:00:32][636][INFO]service start running: service <C_Forwd>, exitcode <0>
[2009-01-01 00:00:32][636][INFO]service start running: service <C_RTime>, exitcode <0>
[2009-01-01 00:00:37][636][INFO]service start running: service <C_Task>, exitcode <0>
[2009-01-01 02:15:35][556][INFO]service start running: service <C_Media>, exitcode <0>
[2009-01-01 02:15:35][556][INFO]service start running: service <C_Proxy>, exitcode <0>
[2009-01-01 02:15:35][556][INFO]service start running: service <C_Forwd>, exitcode <0>
[2009-01-01 02:15:35][556][INFO]service start running: service <C_RTime>, exitcode <0>
[2009-01-01 02:15:40][556][INFO]service start running: service <C_Task>, exitcode <0>
[2009-01-01 00:00:32][796][INFO]service start running: service <C_Media>, exitcode <0>
[2009-01-01 00:00:32][796][INFO]service start running: service <C_Proxy>, exitcode <0>
[2009-01-01 00:00:32][796][INFO]service start running: service <C_Forwd>, exitcode <0>
[2009-01-01 00:00:32][796][INFO]service start running: service <C_RTime>, exitcode <0>
[2009-01-01 00:00:37][796][INFO]service start running: service <C_Task>, exitcode <0>
[2009-01-01 00:00:32][700][INFO]service start running: service <C_Media>, exitcode <0>
[2009-01-01 00:00:32][700][INFO]service start running: service <C_Proxy>, exitcode <0>
[2009-01-01 00:00:32][700][INFO]service start running: service <C_Forwd>, exitcode <0>
[2009-01-01 00:00:32][700][INFO]service start running: service <C_RTime>, exitcode <0>
[2009-01-01 00:00:37][700][INFO]service start running: service <C_Task>, exitcode <0>
[][636][INFO]service start running: service <C_Media>, exitcode <0>
[][636][INFO]service start running: service <C_Proxy>, exitcode <0>
[][636][INFO]service start running: service <C_Forwd>, exitcode <0>
[][636][INFO]service start running: service <C_RTime>, exitcode <0>
[][636][INFO]service start running: service <C_Task>, exitcode <0>
[2009-01-01 00:00:33][780][INFO]service start running: service <C_Media>, exitcode <0>
[2009-01-01 00:00:33][780][INFO]service start running: service <C_Proxy>, exitcode <0>
[2009-01-01 00:00:33][780][INFO]service start running: service <C_Forwd>, exitcode <0>
[2009-01-01 00:00:33][780][INFO]service start running: service <C_RTime>, exitcode <0>
[2009-01-01 00:00:38][780][INFO]service start running: service <C_Task>, exitcode <0>
[2009-01-01 06:09:14][752][INFO]service start running: service <C_Media>, exitcode <0>
[2009-01-01 06:09:14][752][INFO]service start running: service <C_Proxy>, exitcode <0>
[2009-01-01 06:09:14][752][INFO]service start running: service <C_Forwd>, exitcode <0>
[2009-01-01 06:09:14][752][INFO]service start running: service <C_RTime>, exitcode <0>
[2009-01-01 06:09:19][752][INFO]service start running: service <C_Task>, exitcode <0>
[2009-01-01 00:00:31][792][INFO]service start running: service <C_Media>, exitcode <0>
[2009-01-01 00:00:31][792][INFO]service start running: service <C_Proxy>, exitcode <0>
[2009-01-01 00:00:31][792][INFO]service start running: service <C_Forwd>, exitcode <0>
[2009-01-01 00:00:31][792][INFO]service start running: service <C_RTime>, exitcode <0>
[2009-01-01 00:00:36][792][INFO]service start running: service <C_Task>, exitcode <0>
[2009-01-01 00:00:34][876][INFO]service start running: service <C_Media>, exitcode <0>
[2009-01-01 00:00:34][876][INFO]service start running: service <C_Proxy>, exitcode <0>
[2009-01-01 00:00:34][876][INFO]service start running: service <C_Forwd>, exitcode <0>
[2009-01-01 00:00:34][876][INFO]service start running: service <C_RTime>, exitcode <0>
[2009-01-01 00:00:39][876][INFO]service start running: service <C_Task>, exitcode <0>
[][880][INFO]service start running: service <C_Media>, exitcode <0>
[][880][INFO]service start running: service <C_Proxy>, exitcode <0>
[][880][INFO]service start running: service <C_Forwd>, exitcode <0>
[][880][INFO]service start running: service <C_RTime>, exitcode <0>
[][880][INFO]service start running: service <C_Task>, exitcode <0>
[2009-01-01 00:00:33][556][INFO]service start running: service <C_Media>, exitcode <0>
[2009-01-01 00:00:33][556][INFO]service start running: service <C_Proxy>, exitcode <0>
[2009-01-01 00:00:33][556][INFO]service start running: service <C_Forwd>, exitcode <0>
[2009-01-01 00:00:33][556][INFO]service start running: service <C_RTime>, exitcode <0>
[2009-01-01 00:00:38][556][INFO]service start running: service <C_Task>, exitcode <0>
[2009-01-01 00:00:32][640][INFO]service start running: service <C_Media>, exitcode <0>
[2009-01-01 00:00:32][640][INFO]service start running: service <C_Proxy>, exitcode <0>
[2009-01-01 00:00:32][640][INFO]service start running: service <C_Forwd>, exitcode <0>
[2009-01-01 00:00:32][640][INFO]service start running: service <C_RTime>, exitcode <0>
[2009-01-01 00:00:37][640][INFO]service start running: service <C_Task>, exitcode <0>
[2009-01-01 00:00:32][556][INFO]service start running: service <C_Media>, exitcode <0>
[2009-01-01 00:00:32][556][INFO]service start running: service <C_Proxy>, exitcode <0>
[2009-01-01 00:00:32][556][INFO]service start running: service <C_Forwd>, exitcode <0>
[2009-01-01 00:00:32][556][INFO]service start running: service <C_RTime>, exitcode <0>
[2009-01-01 00:00:37][556][INFO]service start running: service <C_Task>, exitcode <0>
[2009-01-01 00:00:32][788][INFO]service start running: service <C_Media>, exitcode <0>
[2009-01-01 00:00:32][788][INFO]service start running: service <C_Proxy>, exitcode <0>
[2009-01-01 00:00:32][788][INFO]service start running: service <C_Forwd>, exitcode <0>
[2009-01-01 00:00:32][788][INFO]service start running: service <C_RTime>, exitcode <0>
[2009-01-01 00:00:37][788][INFO]service start running: service <C_Task>, exitcode <0>
[2009-01-02 02:06:59][556][INFO]service start running: service <C_Media>, exitcode <0>
[2009-01-02 02:06:59][556][INFO]service start running: service <C_Proxy>, exitcode <0>
[2009-01-02 02:06:59][556][INFO]service start running: service <C_Forwd>, exitcode <0>
[2009-01-02 02:06:59][556][INFO]service start running: service <C_RTime>, exitcode <0>
[2009-01-02 02:07:04][556][INFO]service start running: service <C_Task>, exitcode <0>
[2009-01-04 03:25:37][556][INFO]service start running: service <C_Media>, exitcode <0>
[2009-01-04 03:25:37][556][INFO]service start running: service <C_Proxy>, exitcode <0>
[2009-01-04 03:25:37][556][INFO]service start running: service <C_Forwd>, exitcode <0>
[2009-01-04 03:25:37][556][INFO]service start running: service <C_RTime>, exitcode <0>
[2009-01-04 03:25:42][556][INFO]service start running: service <C_Task>, exitcode <0>
[2009-01-01 05:55:52][788][INFO]service start running: service <C_Media>, exitcode <0>
[2009-01-01 05:55:52][788][INFO]service start running: service <C_Proxy>, exitcode <0>
[2009-01-01 05:55:52][788][INFO]service start running: service <C_Forwd>, exitcode <0>
[2009-01-01 05:55:52][788][INFO]service start running: service <C_RTime>, exitcode <0>
[2009-01-01 05:55:57][788][INFO]service start running: service <C_Task>, exitcode <0>
[2009-01-01 00:00:32][612][INFO]service start running: service <C_Media>, exitcode <0>
[2009-01-01 00:00:32][612][INFO]service start running: service <C_Proxy>, exitcode <0>
[2009-01-01 00:00:32][612][INFO]service start running: service <C_Forwd>, exitcode <0>
[2009-01-01 00:00:32][612][INFO]service start running: service <C_RTime>, exitcode <0>
[2009-01-01 00:00:37][612][INFO]service start running: service <C_Task>, exitcode <0>
[2009-01-01 00:18:32][872][INFO]service start running: service <C_Media>, exitcode <0>
[2009-01-01 00:18:32][872][INFO]service start running: service <C_Proxy>, exitcode <0>
[2009-01-01 00:18:32][872][INFO]service start running: service <C_Forwd>, exitcode <0>
[2009-01-01 00:18:32][872][INFO]service start running: service <C_RTime>, exitcode <0>
[2009-01-01 00:18:37][872][INFO]service start running: service <C_Task>, exitcode <0>
[2009-01-01 00:00:33][796][INFO]service start running: service <C_Media>, exitcode <0>
[2009-01-01 00:00:33][796][INFO]service start running: service <C_Proxy>, exitcode <0>
[2009-01-01 00:00:33][796][INFO]service start running: service <C_Forwd>, exitcode <0>
[2009-01-01 00:00:33][796][INFO]service start running: service <C_RTime>, exitcode <0>
[2009-01-01 00:00:38][796][INFO]service start running: service <C_Task>, exitcode <0>
[2009-01-01 00:00:32][556][INFO]service start running: service <C_Media>, exitcode <0>
[2009-01-01 00:00:32][556][INFO]service start running: service <C_Proxy>, exitcode <0>
[2009-01-01 00:00:32][556][INFO]service start running: service <C_Forwd>, exitcode <0>
[2009-01-01 00:00:32][556][INFO]service start running: service <C_RTime>, exitcode <0>
[2009-01-01 00:00:37][556][INFO]service start running: service <C_Task>, exitcode <0>
[2009-01-01 01:26:16][868][INFO]service start running: service <C_Media>, exitcode <0>
[2009-01-01 01:26:16][868][INFO]service start running: service <C_Proxy>, exitcode <0>
[2009-01-01 01:26:16][868][INFO]service start running: service <C_Forwd>, exitcode <0>
[2009-01-01 01:26:16][868][INFO]service start running: service <C_RTime>, exitcode <0>
[2009-01-01 01:26:21][868][INFO]service start running: service <C_Task>, exitcode <0>
[2009-01-01 02:39:54][700][INFO]service start running: service <C_Media>, exitcode <0>
[2009-01-01 02:39:54][700][INFO]service start running: service <C_Proxy>, exitcode <0>
[2009-01-01 02:39:54][700][INFO]service start running: service <C_Forwd>, exitcode <0>
[2009-01-01 02:39:54][700][INFO]service start running: service <C_RTime>, exitcode <0>
[2009-01-01 02:39:59][700][INFO]service start running: service <C_Task>, exitcode <0>
[2009-01-01 00:00:32][556][INFO]service start running: service <C_Media>, exitcode <0>
[2009-01-01 00:00:32][556][INFO]service start running: service <C_Proxy>, exitcode <0>
[2009-01-01 00:00:32][556][INFO]service start running: service <C_Forwd>, exitcode <0>
[2009-01-01 00:00:32][556][INFO]service start running: service <C_RTime>, exitcode <0>
[2009-01-01 00:00:37][556][INFO]service start running: service <C_Task>, exitcode <0>
[2009-01-01 02:17:52][556][INFO]service start running: service <C_Media>, exitcode <0>
[2009-01-01 02:17:52][556][INFO]service start running: service <C_Proxy>, exitcode <0>
[2009-01-01 02:17:52][556][INFO]service start running: service <C_Forwd>, exitcode <0>
[2009-01-01 02:17:52][556][INFO]service start running: service <C_RTime>, exitcode <0>
[2009-01-01 02:17:57][556][INFO]service start running: service <C_Task>, exitcode <0>
[2009-01-01 00:00:33][628][INFO]service start running: service <C_Media>, exitcode <0>
[2009-01-01 00:00:33][628][INFO]service start running: service <C_Proxy>, exitcode <0>
[2009-01-01 00:00:33][628][INFO]service start running: service <C_Forwd>, exitcode <0>
[2009-01-01 00:00:33][628][INFO]service start running: service <C_RTime>, exitcode <0>
[2009-01-01 00:00:38][628][INFO]service start running: service <C_Task>, exitcode <0>
[2009-01-01 00:00:33][780][INFO]service start running: service <C_Media>, exitcode <0>
[2009-01-01 00:00:33][780][INFO]service start running: service <C_Proxy>, exitcode <0>
[2009-01-01 00:00:33][780][INFO]service start running: service <C_Forwd>, exitcode <0>
[2009-01-01 00:00:33][780][INFO]service start running: service <C_RTime>, exitcode <0>
[2009-01-01 00:00:38][780][INFO]service start running: service <C_Task>, exitcode <0>
[2009-01-01 00:05:14][2360][INFO]service start running: service <C_Media>, exitcode <0>
[2009-01-01 00:05:14][2360][INFO]service start running: service <C_Proxy>, exitcode <0>
[2009-01-01 00:05:14][2360][INFO]service start running: service <C_Forwd>, exitcode <0>
[2009-01-01 00:05:14][2360][INFO]service start running: service <C_RTime>, exitcode <0>
[2009-01-01 00:05:19][2360][INFO]service start running: service <C_Task>, exitcode <0>
[2009-01-01 01:28:22][952][INFO]service start running: service <C_Media>, exitcode <0>
[2009-01-01 01:28:22][952][INFO]service start running: service <C_Proxy>, exitcode <0>
[2009-01-01 01:28:22][952][INFO]service start running: service <C_Forwd>, exitcode <0>
[2009-01-01 01:28:22][952][INFO]service start running: service <C_RTime>, exitcode <0>
[2009-01-01 01:28:27][952][INFO]service start running: service <C_Task>, exitcode <0>
[2009-01-01 04:16:06][556][INFO]service start running: service <C_Media>, exitcode <0>
[2009-01-01 04:16:06][556][INFO]service start running: service <C_Proxy>, exitcode <0>
[2009-01-01 04:16:06][556][INFO]service start running: service <C_Forwd>, exitcode <0>
[2009-01-01 04:16:06][556][INFO]service start running: service <C_RTime>, exitcode <0>
[2009-01-01 04:16:11][556][INFO]service start running: service <C_Task>, exitcode <0>
[2009-01-01 00:00:32][748][INFO]service start running: service <C_Media>, exitcode <0>
[2009-01-01 00:00:32][748][INFO]service start running: service <C_Proxy>, exitcode <0>
[2009-01-01 00:00:32][748][INFO]service start running: service <C_Forwd>, exitcode <0>
[2009-01-01 00:00:32][748][INFO]service start running: service <C_RTime>, exitcode <0>
[2009-01-01 00:00:37][748][INFO]service start running: service <C_Task>, exitcode <0>
[2009-01-01 00:00:32][552][INFO]service start running: service <C_Media>, exitcode <0>
[2009-01-01 00:00:32][552][INFO]service start running: service <C_Proxy>, exitcode <0>
[2009-01-01 00:00:32][552][INFO]service start running: service <C_Forwd>, exitcode <0>
[2009-01-01 00:00:32][552][INFO]service start running: service <C_RTime>, exitcode <0>
[2009-01-01 00:00:38][552][INFO]service start running: service <C_Task>, exitcode <0>
[2009-01-06 00:26:50][556][INFO]service start running: service <C_Media>, exitcode <0>
[2009-01-06 00:26:50][556][INFO]service start running: service <C_Proxy>, exitcode <0>
[2009-01-06 00:26:50][556][INFO]service start running: service <C_Forwd>, exitcode <0>
[2009-01-06 00:26:50][556][INFO]service start running: service <C_RTime>, exitcode <0>
[2009-01-06 00:26:55][556][INFO]service start running: service <C_Task>, exitcode <0>
[2009-01-01 00:00:32][552][INFO]service start running: service <C_Media>, exitcode <0>
[2009-01-01 00:00:32][552][INFO]service start running: service <C_Proxy>, exitcode <0>
[2009-01-01 00:00:32][552][INFO]service start running: service <C_Forwd>, exitcode <0>
[2009-01-01 00:00:32][552][INFO]service start running: service <C_RTime>, exitcode <0>
[2009-01-01 00:00:37][552][INFO]service start running: service <C_Task>, exitcode <0>
[2009-01-01 00:00:33][876][INFO]service start running: service <C_Media>, exitcode <0>
[2009-01-01 00:00:33][876][INFO]service start running: service <C_Proxy>, exitcode <0>
[2009-01-01 00:00:33][876][INFO]service start running: service <C_Forwd>, exitcode <0>
[2009-01-01 00:00:33][876][INFO]service start running: service <C_RTime>, exitcode <0>
[2009-01-01 00:00:38][876][INFO]service start running: service <C_Task>, exitcode <0>
[2009-01-01 00:00:31][700][INFO]service start running: service <C_Media>, exitcode <0>
[2009-01-01 00:00:31][700][INFO]service start running: service <C_Proxy>, exitcode <0>
[2009-01-01 00:00:31][700][INFO]service start running: service <C_Forwd>, exitcode <0>
[2009-01-01 00:00:31][700][INFO]service start running: service <C_RTime>, exitcode <0>
[2009-01-01 00:00:36][700][INFO]service start running: service <C_Task>, exitcode <0>
[2009-01-01 00:29:36][620][INFO]service start running: service <C_Media>, exitcode <0>
[2009-01-01 00:29:36][620][INFO]service start running: service <C_Proxy>, exitcode <0>
[2009-01-01 00:29:36][620][INFO]service start running: service <C_Forwd>, exitcode <0>
[2009-01-01 00:29:36][620][INFO]service start running: service <C_RTime>, exitcode <0>
[2009-01-01 00:29:41][620][INFO]service start running: service <C_Task>, exitcode <0>
[2009-01-01 00:00:32][940][INFO]service start running: service <C_Media>, exitcode <0>
[2009-01-01 00:00:32][940][INFO]service start running: service <C_Proxy>, exitcode <0>
[2009-01-01 00:00:32][940][INFO]service start running: service <C_Forwd>, exitcode <0>
[2009-01-01 00:00:32][940][INFO]service start running: service <C_RTime>, exitcode <0>
[2009-01-01 00:00:37][940][INFO]service start running: service <C_Task>, exitcode <0>
[2009-01-01 00:03:57][1020][INFO]service start running: service <C_Media>, exitcode <0>
[2009-01-01 00:03:57][1020][INFO]service start running: service <C_Proxy>, exitcode <0>
[2009-01-01 00:03:57][1020][INFO]service start running: service <C_Forwd>, exitcode <0>
[2009-01-01 00:03:57][1020][INFO]service start running: service <C_RTime>, exitcode <0>
[2009-01-01 00:04:02][1020][INFO]service start running: service <C_Task>, exitcode <0>
[2009-01-01 00:00:31][1072][INFO]service start running: service <C_Media>, exitcode <0>
[2009-01-01 00:00:31][1072][INFO]service start running: service <C_Proxy>, exitcode <0>
[2009-01-01 00:00:31][1072][INFO]service start running: service <C_Forwd>, exitcode <0>
[2009-01-01 00:00:31][1072][INFO]service start running: service <C_RTime>, exitcode <0>
[2009-01-01 00:00:36][1072][INFO]service start running: service <C_Task>, exitcode <0>
[2009-01-01 00:00:31][1012][INFO]service start running: service <C_Media>, exitcode <0>
[2009-01-01 00:00:31][1012][INFO]service start running: service <C_Proxy>, exitcode <0>
[2009-01-01 00:00:31][1012][INFO]service start running: service <C_Forwd>, exitcode <0>
[2009-01-01 00:00:31][1012][INFO]service start running: service <C_RTime>, exitcode <0>
[2009-01-01 00:00:36][1012][INFO]service start running: service <C_Task>, exitcode <0>
[2009-01-01 00:00:31][1016][INFO]service start running: service <C_Media>, exitcode <0>
[2009-01-01 00:00:31][1016][INFO]service start running: service <C_Proxy>, exitcode <0>
[2009-01-01 00:00:31][1016][INFO]service start running: service <C_Forwd>, exitcode <0>
[2009-01-01 00:00:31][1016][INFO]service start running: service <C_RTime>, exitcode <0>
[2009-01-01 00:00:36][1016][INFO]service start running: service <C_Task>, exitcode <0>
[2009-01-01 00:00:31][948][INFO]service start running: service <C_Media>, exitcode <0>
[2009-01-01 00:00:31][948][INFO]service start running: service <C_Proxy>, exitcode <0>
[2009-01-01 00:00:31][948][INFO]service start running: service <C_Forwd>, exitcode <0>
[2009-01-01 00:00:31][948][INFO]service start running: service <C_RTime>, exitcode <0>
[2009-01-01 00:00:36][948][INFO]service start running: service <C_Task>, exitcode <0>
[2009-01-01 00:00:32][1024][INFO]service start running: service <C_Media>, exitcode <0>
[2009-01-01 00:00:32][1024][INFO]service start running: service <C_Proxy>, exitcode <0>
[2009-01-01 00:00:32][1024][INFO]service start running: service <C_Forwd>, exitcode <0>
[2009-01-01 00:00:32][1024][INFO]service start running: service <C_RTime>, exitcode <0>
[2009-01-01 00:00:37][1024][INFO]service start running: service <C_Task>, exitcode <0>
[2009-01-01 00:00:31][1024][INFO]service start running: service <C_Media>, exitcode <0>
[2009-01-01 00:00:31][1024][INFO]service start running: service <C_Proxy>, exitcode <0>
[2009-01-01 00:00:31][1024][INFO]service start running: service <C_Forwd>, exitcode <0>
[2009-01-01 00:00:31][1024][INFO]service start running: service <C_RTime>, exitcode <0>
[2009-01-01 00:00:36][1024][INFO]service start running: service <C_Task>, exitcode <0>
[2009-01-01 01:25:59][1052][INFO]service start running: service <C_Media>, exitcode <0>
[2009-01-01 01:25:59][1052][INFO]service start running: service <C_Proxy>, exitcode <0>
[2009-01-01 01:25:59][1052][INFO]service start running: service <C_Forwd>, exitcode <0>
[2009-01-01 01:25:59][1052][INFO]service start running: service <C_RTime>, exitcode <0>
[2009-01-01 01:26:04][1052][INFO]service start running: service <C_Task>, exitcode <0>
[2009-01-01 00:00:32][940][INFO]service start running: service <C_Media>, exitcode <0>
[2009-01-01 00:00:32][940][INFO]service start running: service <C_Proxy>, exitcode <0>
[2009-01-01 00:00:32][940][INFO]service start running: service <C_Forwd>, exitcode <0>
[2009-01-01 00:00:32][940][INFO]service start running: service <C_RTime>, exitcode <0>
[2009-01-01 00:00:37][940][INFO]service start running: service <C_Task>, exitcode <0>
[2009-01-01 00:00:33][1016][INFO]service start running: service <C_Media>, exitcode <0>
[2009-01-01 00:00:33][1016][INFO]service start running: service <C_Proxy>, exitcode <0>
[2009-01-01 00:00:33][1016][INFO]service start running: service <C_Forwd>, exitcode <0>
[2009-01-01 00:00:33][1016][INFO]service start running: service <C_RTime>, exitcode <0>
[2009-01-01 00:00:38][1016][INFO]service start running: service <C_Task>, exitcode <0>
[2009-01-01 01:18:11][952][INFO]service start running: service <C_Media>, exitcode <0>
[2009-01-01 01:18:11][952][INFO]service start running: service <C_Proxy>, exitcode <0>
[2009-01-01 01:18:11][952][INFO]service start running: service <C_Forwd>, exitcode <0>
[2009-01-01 01:18:11][952][INFO]service start running: service <C_RTime>, exitcode <0>
[2009-01-01 01:18:16][952][INFO]service start running: service <C_Task>, exitcode <0>
[2009-01-01 00:00:30][1000][INFO]service start running: service <C_Media>, exitcode <0>
[2009-01-01 00:00:30][1000][INFO]service start running: service <C_Proxy>, exitcode <0>
[2009-01-01 00:00:30][1000][INFO]service start running: service <C_Forwd>, exitcode <0>
[2009-01-01 00:00:30][1000][INFO]service start running: service <C_RTime>, exitcode <0>
[2009-01-01 00:00:35][1000][INFO]service start running: service <C_Task>, exitcode <0>
[2009-01-01 01:12:11][1048][INFO]service start running: service <C_Media>, exitcode <0>
[2009-01-01 01:12:11][1048][INFO]service start running: service <C_Proxy>, exitcode <0>
[2009-01-01 01:12:11][1048][INFO]service start running: service <C_Forwd>, exitcode <0>
[2009-01-01 01:12:11][1048][INFO]service start running: service <C_RTime>, exitcode <0>
[2009-01-01 01:12:16][1048][INFO]service start running: service <C_Task>, exitcode <0>
[2009-01-01 02:18:10][1016][INFO]service start running: service <C_Media>, exitcode <0>
[2009-01-01 02:18:10][1016][INFO]service start running: service <C_Proxy>, exitcode <0>
[2009-01-01 02:18:10][1016][INFO]service start running: service <C_Forwd>, exitcode <0>
[2009-01-01 02:18:10][1016][INFO]service start running: service <C_RTime>, exitcode <0>
[2009-01-01 02:18:15][1016][INFO]service start running: service <C_Task>, exitcode <0>
[2009-01-01 00:00:31][1012][INFO]service start running: service <C_Media>, exitcode <0>
[2009-01-01 00:00:31][1012][INFO]service start running: service <C_Proxy>, exitcode <0>
[2009-01-01 00:00:31][1012][INFO]service start running: service <C_Forwd>, exitcode <0>
[2009-01-01 00:00:31][1012][INFO]service start running: service <C_RTime>, exitcode <0>
[2009-01-01 00:00:36][1012][INFO]service start running: service <C_Task>, exitcode <0>
[2009-01-01 01:17:52][1032][INFO]service start running: service <C_Media>, exitcode <0>
[2009-01-01 01:17:52][1032][INFO]service start running: service <C_Proxy>, exitcode <0>
[2009-01-01 01:17:52][1032][INFO]service start running: service <C_Forwd>, exitcode <0>
[2009-01-01 01:17:52][1032][INFO]service start running: service <C_RTime>, exitcode <0>
[2009-01-01 01:17:57][1032][INFO]service start running: service <C_Task>, exitcode <0>
[2009-01-01 06:13:05][1088][INFO]service start running: service <C_Media>, exitcode <0>
[2009-01-01 06:13:05][1088][INFO]service start running: service <C_Proxy>, exitcode <0>
[2009-01-01 06:13:05][1088][INFO]service start running: service <C_Forwd>, exitcode <0>
[2009-01-01 06:13:05][1088][INFO]service start running: service <C_RTime>, exitcode <0>
[2009-01-01 06:13:10][1088][INFO]service start running: service <C_Task>, exitcode <0>
[2009-01-01 00:00:32][1016][INFO]service start running: service <C_Media>, exitcode <0>
[2009-01-01 00:00:32][1016][INFO]service start running: service <C_Proxy>, exitcode <0>
[2009-01-01 00:00:32][1016][INFO]service start running: service <C_Forwd>, exitcode <0>
[2009-01-01 00:00:32][1016][INFO]service start running: service <C_RTime>, exitcode <0>
[2009-01-01 00:00:37][1016][INFO]service start running: service <C_Task>, exitcode <0>
[2009-01-01 00:06:30][800][INFO]service start running: service <C_Media>, exitcode <0>
[2009-01-01 00:06:30][800][INFO]service start running: service <C_Proxy>, exitcode <0>
[2009-01-01 00:06:30][800][INFO]service start running: service <C_Forwd>, exitcode <0>
[2009-01-01 00:06:30][800][INFO]service start running: service <C_RTime>, exitcode <0>
[2009-01-01 00:06:35][800][INFO]service start running: service <C_Task>, exitcode <0>
[2023-03-21 15:54:59][996][INFO]service start running: service <C_Media>, exitcode <0>
[2023-03-21 15:54:59][996][INFO]service start running: service <C_Proxy>, exitcode <0>
[2023-03-21 15:54:59][996][INFO]service start running: service <C_Forwd>, exitcode <0>
[2023-03-21 15:54:59][996][INFO]service start running: service <C_RTime>, exitcode <0>
[2023-03-21 15:55:04][996][INFO]service start running: service <C_Task>, exitcode <0>
