[2014-02-26 17:36:55][5760][INFO]Convert file: freq: 44100, mode: 1, bps: 128, fd: 26.122450, name: E:\有你有我广播站\14.2.26\五月天 - 永远的永远.mp3
[2014-02-26 17:49:57][5760][INFO]Convert file: freq: 44100, mode: 1, bps: 32, fd: 26.122450, name: E:\有你有我广播站\14.2.26\五月天 - 永远的永远 - Mayday.mp3
[2014-02-26 17:49:59][2484][INFO]Convert file: freq: 32000, mode: 1, bps: 96, fd: 12.000000, name: E:\有你有我广播站\14.2.26\五月天 - 永远的永远 - Mayday.mp3
[2014-04-10 12:52:32][6944][INFO]Convert file: freq: 44100, mode: 1, bps: 128, fd: 26.122450, name: E:\有你有我广播站\2014.4.10\惠特妮休斯顿 - One Moment In Time.mp3
[2014-04-10 12:52:37][7416][INFO]Convert file: freq: 44100, mode: 1, bps: 128, fd: 26.122450, name: E:\有你有我广播站\2014.4.10\惠特妮休斯顿 - One Moment In Time.mp3
[2014-04-10 12:59:16][5648][INFO]Convert file: freq: 44100, mode: 1, bps: 128, fd: 26.122450, name: E:\有你有我广播站\2014.4.10\惠特妮休斯顿 - One Moment In Time.mp3
[2014-04-23 17:44:21][10268][INFO]Convert file: freq: 44100, mode: 1, bps: 128, fd: 26.122450, name: C:\Users\Administrator\Desktop\《不法之徒》第二期ED-漩涡2.0版.mp3
[2014-04-23 17:44:27][18384][INFO]Convert file: freq: 44100, mode: 1, bps: 128, fd: 26.122450, name: C:\Users\Administrator\Desktop\《不法之徒》第二期ED-漩涡2.0版.mp3
[2014-05-13 16:36:00][6604][INFO]Convert file: freq: 8000, mode: 1, bps: 96, fd: 36.000000, name: E:\有你有我广播站\2014.5.13\少女时代 - Into The New World.mp3
[2014-05-13 16:36:05][7988][INFO]Convert file: freq: 12000, mode: 1, bps: 144, fd: 8.000000, name: E:\有你有我广播站\2014.5.13\少女时代 - Into The New World.mp3
[2014-05-19 18:05:38][7164][INFO]Convert file: freq: 44100, mode: 1, bps: 128, fd: 26.122450, name: J:\QM\丁当\丁当 - 不是你的错.mp3
[2014-05-19 18:05:51][7164][INFO]Convert file: freq: 44100, mode: 1, bps: 128, fd: 26.122450, name: J:\QM\S.H.E\s.h.e - 一眼万年.mp3
[2014-05-19 18:05:56][5632][INFO]Convert file: freq: 44100, mode: 1, bps: 128, fd: 26.122450, name: J:\QM\S.H.E\s.h.e - 一眼万年.mp3
[2014-05-19 18:07:57][7164][INFO]Convert file: freq: 44100, mode: 1, bps: 128, fd: 26.122450, name: C:\Users\Administrator\Desktop\2014.5.19\s.h.e - 一眼万年.mp3
[2014-05-19 18:07:59][7724][INFO]Convert file: freq: 44100, mode: 1, bps: 128, fd: 26.122450, name: C:\Users\Administrator\Desktop\2014.5.19\s.h.e - 一眼万年.mp3
[2014-06-09 18:00:14][4992][INFO]Convert file: freq: 44100, mode: 1, bps: 128, fd: 26.122450, name: C:\Users\Administrator\Desktop\2014.6.9\アメフラシの歌~beautiful rain~_动漫原声.mp3
[2014-06-09 18:00:16][1708][INFO]Convert file: freq: 44100, mode: 1, bps: 128, fd: 26.122450, name: C:\Users\Administrator\Desktop\2014.6.9\アメフラシの歌~beautiful rain~_动漫原声.mp3
[2014-06-09 18:03:22][4992][INFO]Convert file: freq: 44100, mode: 1, bps: 128, fd: 26.122450, name: C:\Users\Administrator\Desktop\2014.6.9\アメフラシの歌~beautiful rain~_动漫原声.mp3
[2014-06-09 18:12:49][4992][INFO]Convert file: freq: 44100, mode: 1, bps: 128, fd: 26.122450, name: C:\Users\Administrator\Desktop\2014.6.9\アメフラシの歌~beautiful rain~_动漫原声.mp3
[2014-06-23 18:03:35][7172][INFO]Convert file: freq: 32000, mode: 1, bps: 32, fd: 12.000000, name: C:\Users\Administrator\Desktop\2014.6.23\陈慧琳 - 多啦a梦 - 儿歌 日本动画片 主题曲 国.mp3
[2014-06-23 18:03:38][6828][INFO]Convert file: freq: 32000, mode: 1, bps: 32, fd: 12.000000, name: C:\Users\Administrator\Desktop\2014.6.23\陈慧琳 - 多啦a梦 - 儿歌 日本动画片 主题曲 国.mp3
[2014-07-04 18:05:22][5632][INFO]Convert file: freq: 44100, mode: 1, bps: 128, fd: 26.122450, name: E:\有你有我广播站\2014.7.4\《不法之徒》第二期ED-漩涡2.0版.mp3
[2014-07-04 18:05:27][7848][INFO]Convert file: freq: 44100, mode: 1, bps: 128, fd: 26.122450, name: E:\有你有我广播站\2014.7.4\《不法之徒》第二期ED-漩涡2.0版.mp3
[2014-09-09 09:00:40][7832][INFO]Convert file: freq: 16000, mode: 0, bps: 64, fd: 36.000000, name: C:\Users\Administrator\Desktop\2014.9.9\张碧晨-她说(live).mp3
[2014-09-09 09:00:41][7832][INFO]Convert file: freq: 22050, mode: 1, bps: 96, fd: 26.122450, name: C:\Users\Administrator\Desktop\2014.9.9\张碧晨-一路上有你.mp3
[2014-09-09 09:00:42][6944][INFO]Convert file: freq: 16000, mode: 0, bps: 64, fd: 36.000000, name: C:\Users\Administrator\Desktop\2014.9.9\张碧晨-她说(live).mp3
[2014-09-09 09:00:49][8068][INFO]Convert file: freq: 24000, mode: 1, bps: 24, fd: 24.000000, name: C:\Users\Administrator\Desktop\2014.9.9\张碧晨-一路上有你.mp3
[2014-09-09 09:04:07][3056][INFO]Convert file: freq: 16000, mode: 0, bps: 64, fd: 36.000000, name: C:\Users\Administrator\Desktop\2014.9.9\张碧晨-她说(live).mp3
[2014-09-09 09:04:08][3056][INFO]Convert file: freq: 22050, mode: 1, bps: 96, fd: 26.122450, name: C:\Users\Administrator\Desktop\2014.9.9\张碧晨-一路上有你.mp3
[2014-09-09 09:04:08][6016][INFO]Convert file: freq: 16000, mode: 0, bps: 64, fd: 36.000000, name: C:\Users\Administrator\Desktop\2014.9.9\张碧晨-她说(live).mp3
[2014-09-09 09:04:15][6016][INFO]Convert file: freq: 24000, mode: 1, bps: 24, fd: 24.000000, name: C:\Users\Administrator\Desktop\2014.9.9\张碧晨-一路上有你.mp3
[2014-09-09 09:04:29][3828][INFO]Convert file: freq: 24000, mode: 1, bps: 24, fd: 24.000000, name: C:\Users\Administrator\Desktop\2014.9.9\张碧晨-一路上有你.mp3
[2014-09-09 18:04:17][2776][INFO]Convert file: freq: 16000, mode: 0, bps: 64, fd: 36.000000, name: C:\Users\Administrator\Desktop\2014.9.9\张碧晨-她说(live).mp3
[2014-09-09 18:04:23][2776][INFO]Convert file: freq: 22050, mode: 1, bps: 96, fd: 26.122450, name: C:\Users\Administrator\Desktop\2014.9.9\张碧晨-一路上有你.mp3
[2014-09-09 18:10:18][2776][INFO]Convert file: freq: 16000, mode: 0, bps: 64, fd: 36.000000, name: C:\Users\Administrator\Desktop\2014.9.9\张碧晨-她说(live).mp3
[2014-09-09 18:10:22][8184][INFO]Convert file: freq: 16000, mode: 0, bps: 64, fd: 36.000000, name: C:\Users\Administrator\Desktop\2014.9.9\张碧晨-她说(live).mp3
[2014-09-16 16:21:02][1404][INFO]Convert file: freq: 24000, mode: 1, bps: 40, fd: 24.000000, name: C:\Users\Administrator\Desktop\2014.9.16\尚雯婕 - Man In The Mirror.mp3
[2014-09-16 16:21:05][5656][INFO]Convert file: freq: 48000, mode: 1, bps: 384, fd: 8.000000, name: C:\Users\Administrator\Desktop\2014.9.16\尚雯婕 - Man In The Mirror.mp3
[2014-09-16 16:22:35][1404][INFO]Convert file: freq: 24000, mode: 1, bps: 40, fd: 24.000000, name: C:\Users\Administrator\Desktop\2014.9.16\尚雯婕 - Man In The Mirror.mp3
[2014-09-28 12:54:58][8400][INFO]Convert file: freq: 48000, mode: 1, bps: 256, fd: 24.000000, name: E:\有你有我广播站\2014.9.28\can't take my eyes off you.mp3
[2014-09-28 12:55:17][8400][INFO]Convert file: freq: 48000, mode: 1, bps: 256, fd: 24.000000, name: E:\有你有我广播站\2014.9.28\can't take my eyes off you.mp3
[2014-09-28 12:55:26][7756][INFO]Convert file: freq: 44100, mode: 1, bps: 128, fd: 8.707483, name: E:\有你有我广播站\2014.9.28\can't take my eyes off you.mp3
[2014-09-28 13:15:29][8400][INFO]Convert file: freq: 48000, mode: 1, bps: 256, fd: 24.000000, name: E:\有你有我广播站\2014.9.28\can't take my eyes off you.mp3
[2014-09-28 13:15:31][9852][INFO]Convert file: freq: 44100, mode: 1, bps: 128, fd: 8.707483, name: E:\有你有我广播站\2014.9.28\can't take my eyes off you.mp3
[2014-10-10 12:17:52][3464][INFO]Convert file: freq: 11025, mode: 1, bps: 128, fd: 26.122450, name: E:\有你有我广播站\2014.10.10\Bruno Mars - Just The Way You Are.mp3
[2014-10-10 12:17:57][8280][INFO]Convert file: freq: 11025, mode: 1, bps: 128, fd: 26.122450, name: E:\有你有我广播站\2014.10.10\Bruno Mars - Just The Way You Are.mp3
[2014-10-10 12:18:06][8280][INFO]Convert file: freq: 11025, mode: 1, bps: 128, fd: 26.122450, name: E:\有你有我广播站\2014.10.10\Bruno Mars - Just The Way You Are.mp3
[2014-10-29 13:29:38][7216][INFO]Convert file: freq: 22050, mode: 1, bps: 160, fd: 26.122450, name: C:\Users\Administrator\Desktop\陈乐基-月半小夜曲(live).mp3
[2014-10-29 13:29:54][7216][INFO]Convert file: freq: 22050, mode: 1, bps: 64, fd: 26.122450, name: C:\Users\Administrator\Desktop\刘明湘-漂洋过海来看你(live).mp3
[2014-10-29 13:29:57][7108][INFO]Convert file: freq: 8000, mode: 1, bps: 80, fd: 36.000000, name: C:\Users\Administrator\Desktop\刘明湘-漂洋过海来看你(live).mp3
[2014-10-29 13:30:10][7216][INFO]Convert file: freq: 22050, mode: 1, bps: 64, fd: 26.122450, name: C:\Users\Administrator\Desktop\刘明湘-漂洋过海来看你(live).mp3
[2014-11-04 17:51:03][1300][INFO]Convert file: freq: 22050, mode: 1, bps: 32, fd: 26.122450, name: C:\Users\Administrator\Desktop\陈冰-盛夏光年(live).mp3
[2014-11-04 17:51:05][6956][INFO]Convert file: freq: 8000, mode: 0, bps: 32, fd: 36.000000, name: C:\Users\Administrator\Desktop\陈冰-盛夏光年(live).mp3
[2014-11-12 17:52:26][4888][INFO]Convert file: freq: 44100, mode: 1, bps: 128, fd: 26.122450, name: E:\有你有我广播站\2014.5.19\s.h.e - 一眼万年.mp3
[2014-12-08 12:14:33][5304][INFO]Convert file: freq: 22050, mode: 1, bps: 160, fd: 26.122450, name: C:\Users\Administrator\Desktop\中国好声音\耿斯汉-美丽世界的孤儿(live).mp3
[2014-12-30 12:51:22][4868][INFO]Convert file: freq: 16000, mode: 0, bps: 64, fd: 36.000000, name: C:\Users\Administrator\Desktop\中国好声音\张碧晨-她说(live).mp3
[2014-12-30 12:51:25][11148][INFO]Convert file: freq: 16000, mode: 0, bps: 64, fd: 36.000000, name: C:\Users\Administrator\Desktop\中国好声音\张碧晨-她说(live).mp3
[2014-12-30 12:51:42][4868][INFO]Convert file: freq: 22050, mode: 1, bps: 96, fd: 26.122450, name: C:\Users\Administrator\Desktop\中国好声音\张碧晨-.mp3
[2014-12-30 12:51:43][11964][INFO]Convert file: freq: 24000, mode: 1, bps: 24, fd: 24.000000, name: C:\Users\Administrator\Desktop\中国好声音\张碧晨-.mp3
[2015-09-10 12:16:11][11860][INFO]Convert file: freq: 44100, mode: 1, bps: 128, fd: 26.122450, name: C:\Users\Administrator\Desktop\0910\u smile.mp3
[2015-09-10 12:16:14][11860][INFO]Convert file: freq: 44100, mode: 1, bps: 128, fd: 26.122450, name: C:\Users\Administrator\Desktop\0910\遇见.mp3
[2015-09-10 12:16:14][12116][INFO]Convert file: freq: 44100, mode: 1, bps: 128, fd: 26.122450, name: C:\Users\Administrator\Desktop\0910\u smile.mp3
[2015-10-24 17:01:08][8708][INFO]Convert file: freq: 44100, mode: 0, bps: 256, fd: 26.122450, name: C:\Users\Administrator\Desktop\10.24\Cody Simpson - La Da Dee.mp3
[2015-10-24 17:01:37][8708][INFO]Convert file: freq: 44100, mode: 0, bps: 256, fd: 26.122450, name: C:\Users\Administrator\Desktop\10.24\Cody Simpson - La Da Dee.mp3
[2015-10-24 17:02:32][8708][INFO]Convert file: freq: 44100, mode: 0, bps: 256, fd: 26.122450, name: C:\Users\Administrator\Desktop\10.24\Cody Simpson - La Da Dee.mp3
[2015-10-24 17:02:37][9948][INFO]Convert file: freq: 44100, mode: 0, bps: 256, fd: 26.122450, name: C:\Users\Administrator\Desktop\10.24\Cody Simpson - La Da Dee.mp3
[2016-04-05 13:07:01][3676][INFO]Convert file: freq: 12000, mode: 1, bps: 40, fd: 24.000000, name: C:\Users\Administrator\Desktop\新建文件夹 (7)\The Weeknd - Can't Feel My Face (第58届格莱美提名歌曲).mp3
[2016-04-05 13:07:03][9496][INFO]Convert file: freq: 32000, mode: 1, bps: 128, fd: 12.000000, name: C:\Users\Administrator\Desktop\新建文件夹 (7)\The Weeknd - Can't Feel My Face (第58届格莱美提名歌曲).mp3
[2016-05-17 12:13:22][4568][INFO]Convert file: freq: 44100, mode: 1, bps: 128, fd: 26.122450, name: C:\Users\Administrator\Desktop\Kelly Clarkson - Because of You - Live At Rollingstone.com.mp3
[2016-05-17 12:13:29][4568][INFO]Convert file: freq: 44100, mode: 1, bps: 128, fd: 26.122450, name: C:\Users\Administrator\Desktop\Kelly Clarkson - Because of You - Live At Rollingstone.com.mp3
[2016-05-17 12:13:32][5136][INFO]Convert file: freq: 44100, mode: 1, bps: 128, fd: 26.122450, name: C:\Users\Administrator\Desktop\Kelly Clarkson - Because of You - Live At Rollingstone.com.mp3
[2016-05-17 12:13:48][4568][INFO]Convert file: freq: 44100, mode: 1, bps: 128, fd: 26.122450, name: C:\Users\Administrator\Desktop\Kelly Clarkson - Because of You - Live At Rollingstone.com.mp3
[2016-06-28 15:19:53][3824][INFO]Convert file: freq: 12000, mode: 1, bps: 40, fd: 24.000000, name: C:\Users\Administrator\Desktop\Shakira - Try Everything.mp3
[2016-06-28 15:19:57][9832][INFO]Convert file: freq: 32000, mode: 1, bps: 128, fd: 12.000000, name: C:\Users\Administrator\Desktop\Shakira - Try Everything.mp3
[2016-12-14 13:15:27][14236][INFO]Convert file: freq: 48000, mode: 1, bps: 320, fd: 24.000000, name: C:\Users\Administrator\Desktop\如果我们不曾相遇_五月天.mp3
[2016-12-14 13:15:33][13944][INFO]Convert file: freq: 44100, mode: 1, bps: 256, fd: 8.707483, name: C:\Users\Administrator\Desktop\如果我们不曾相遇_五月天.mp3
[2017-05-09 17:44:54][4024][INFO]Convert file: freq: 44100, mode: 1, bps: 224, fd: 26.122450, name: D:\UserData\Administrator\Desktop\逃跑计划 - 阳光照进回忆里.mp3
[2017-05-09 17:44:57][4240][INFO]Convert file: freq: 48000, mode: 1, bps: 32, fd: 8.000000, name: D:\UserData\Administrator\Desktop\逃跑计划 - 阳光照进回忆里.mp3
[2017-05-09 17:45:19][4024][INFO]Convert file: freq: 44100, mode: 1, bps: 224, fd: 26.122450, name: D:\UserData\Administrator\Desktop\33.mp3
[2017-05-09 17:45:21][7224][INFO]Convert file: freq: 48000, mode: 1, bps: 32, fd: 8.000000, name: D:\UserData\Administrator\Desktop\33.mp3
[2017-05-10 13:30:26][5616][INFO]Convert file: freq: 8000, mode: 1, bps: 112, fd: 36.000000, name: D:\UserData\Administrator\Desktop\翎艾,暖阳 - 【翎艾&暖阳】白石溪——催眠版  [feat：昼夜]（Cover 乐正绫 ／ 洛天依）.mp3
[2017-05-10 13:30:30][4376][INFO]Convert file: freq: 44100, mode: 1, bps: 32, fd: 8.707483, name: D:\UserData\Administrator\Desktop\翎艾,暖阳 - 【翎艾&暖阳】白石溪——催眠版  [feat：昼夜]（Cover 乐正绫 ／ 洛天依）.mp3
[2017-05-10 13:31:11][4376][INFO]Convert file: freq: 44100, mode: 1, bps: 32, fd: 8.707483, name: D:\UserData\Administrator\Desktop\翎艾,暖阳 - 【翎艾&暖阳】白石溪——催眠版  [feat：昼夜]（Cover 乐正绫 ／ 洛天依）.mp3
[2017-06-27 17:23:14][1192][INFO]Convert file: freq: 32000, mode: 1, bps: 160, fd: 36.000000, name: D:\UserData\Administrator\Desktop\The Turtles - Happy Together.mp3
[2017-06-27 17:23:17][5728][INFO]Convert file: freq: 32000, mode: 1, bps: 128, fd: 12.000000, name: D:\UserData\Administrator\Desktop\The Turtles - Happy Together.mp3
[2017-06-27 17:23:24][5728][INFO]Convert file: freq: 32000, mode: 1, bps: 128, fd: 12.000000, name: D:\UserData\Administrator\Desktop\The Turtles - Happy Together.mp3
[2017-06-27 17:23:34][1192][INFO]Convert file: freq: 32000, mode: 1, bps: 160, fd: 36.000000, name: D:\UserData\Administrator\Desktop\The Turtles - Happy Together.mp3
[2017-10-12 12:39:09][2984][INFO]Convert file: freq: 44100, mode: 1, bps: 128, fd: 26.122450, name: D:\UserData\Administrator\Desktop\五月天专题\五月天 - 天使.mp3
[2017-10-12 12:39:13][2164][INFO]Convert file: freq: 32000, mode: 1, bps: 128, fd: 12.000000, name: D:\UserData\Administrator\Desktop\五月天专题\五月天 - 天使.mp3
[2017-10-12 12:47:00][2984][INFO]Convert file: freq: 44100, mode: 1, bps: 128, fd: 26.122450, name: D:\UserData\Administrator\Desktop\新建文件夹\五月天 - 天使.mp3
[2017-10-12 12:47:23][2984][INFO]Convert file: freq: 44100, mode: 1, bps: 128, fd: 26.122450, name: D:\UserData\Administrator\Desktop\新建文件夹\五月天 - 天使.mp3
[2017-10-12 12:47:24][5860][INFO]Convert file: freq: 32000, mode: 1, bps: 128, fd: 12.000000, name: D:\UserData\Administrator\Desktop\新建文件夹\五月天 - 天使.mp3
[2017-10-12 12:48:02][2984][INFO]Convert file: freq: 44100, mode: 1, bps: 128, fd: 26.122450, name: D:\UserData\Administrator\Desktop\五月天 - 天使.mp3
[2017-10-12 12:48:03][5584][INFO]Convert file: freq: 32000, mode: 1, bps: 128, fd: 12.000000, name: D:\UserData\Administrator\Desktop\五月天 - 天使.mp3
[2017-10-26 13:20:02][4788][INFO]Convert file: freq: 32000, mode: 1, bps: 160, fd: 36.000000, name: D:\UserData\Administrator\Desktop\张国荣 - Monica.mp3
[2017-10-26 13:20:07][4788][INFO]Convert file: freq: 11025, mode: 1, bps: 128, fd: 26.122450, name: D:\UserData\Administrator\Desktop\张国荣 - 春夏秋冬.mp3
[2017-10-26 13:20:07][3992][INFO]Convert file: freq: 44100, mode: 1, bps: 64, fd: 8.707483, name: D:\UserData\Administrator\Desktop\张国荣 - Monica.mp3
[2017-10-26 13:20:24][4788][INFO]Convert file: freq: 24000, mode: 1, bps: 128, fd: 24.000000, name: D:\UserData\Administrator\Desktop\张国荣 - 左右手.mp3
[2017-10-26 13:20:24][3844][INFO]Convert file: freq: 32000, mode: 1, bps: 128, fd: 12.000000, name: D:\UserData\Administrator\Desktop\张国荣 - 春夏秋冬.mp3
[2017-10-26 13:20:42][5272][INFO]Convert file: freq: 32000, mode: 1, bps: 192, fd: 12.000000, name: D:\UserData\Administrator\Desktop\张国荣 - 左右手.mp3
[2017-10-26 13:21:18][4788][INFO]Convert file: freq: 32000, mode: 1, bps: 160, fd: 36.000000, name: D:\UserData\Administrator\Desktop\张国荣 - Monica.mp3
[2017-10-26 13:22:19][4788][INFO]Convert file: freq: 11025, mode: 1, bps: 128, fd: 26.122450, name: D:\UserData\Administrator\Desktop\张国荣 - 春夏秋冬.mp3
[2017-10-26 13:22:19][4788][INFO]Convert file: freq: 24000, mode: 1, bps: 128, fd: 24.000000, name: D:\UserData\Administrator\Desktop\张国荣 - 左右手.mp3
[2017-10-26 16:27:44][4788][INFO]Convert file: freq: 32000, mode: 1, bps: 160, fd: 36.000000, name: D:\CloudMusic\张国荣 - Monica.mp3
[2017-10-26 16:27:46][5180][INFO]Convert file: freq: 44100, mode: 1, bps: 64, fd: 8.707483, name: D:\CloudMusic\张国荣 - Monica.mp3
[2017-10-26 17:22:53][4788][INFO]Convert file: freq: 48000, mode: 0, bps: 56, fd: 24.000000, name: D:\CloudMusic\张国荣 - 当年情.mp3
[2017-10-26 17:22:55][2924][INFO]Convert file: freq: 44100, mode: 1, bps: 160, fd: 8.707483, name: D:\CloudMusic\张国荣 - 当年情.mp3
[2017-10-26 17:23:30][4788][INFO]Convert file: freq: 48000, mode: 0, bps: 56, fd: 24.000000, name: D:\CloudMusic\张国荣 - 当年情.mp3
[2017-10-31 17:11:48][4428][INFO]Convert file: freq: 22050, mode: 0, bps: 8, fd: 26.122450, name: D:\UserData\Administrator\Desktop\三无MarBlue - 深夜诗人.mp3
[2017-10-31 17:11:51][4752][INFO]Convert file: freq: 44100, mode: 1, bps: 96, fd: 8.707483, name: D:\UserData\Administrator\Desktop\三无MarBlue - 深夜诗人.mp3
[2017-10-31 17:16:14][4428][INFO]Convert file: freq: 22050, mode: 0, bps: 8, fd: 26.122450, name: D:\UserData\Administrator\Desktop\三无MarBlue - 深夜诗人.mp3
[2017-11-16 16:00:24][3008][INFO]Convert file: freq: 22050, mode: 1, bps: 16, fd: 26.122450, name: D:\UserData\Administrator\Desktop\林忆莲 - 不必在乎我是谁.mp3
[2017-11-16 16:00:27][4108][INFO]Convert file: freq: 48000, mode: 1, bps: 288, fd: 8.000000, name: D:\UserData\Administrator\Desktop\林忆莲 - 不必在乎我是谁.mp3
[2017-11-16 16:00:47][3008][INFO]Convert file: freq: 22050, mode: 1, bps: 16, fd: 26.122450, name: D:\UserData\Administrator\Desktop\林忆莲 - 不必在乎我是谁.mp3
[2017-11-16 17:13:53][3008][INFO]Convert file: freq: 22050, mode: 1, bps: 16, fd: 26.122450, name: D:\UserData\Administrator\Desktop\2017级广播站\11.16\林忆莲 - 不必在乎我是谁.mp3
[2017-11-16 17:13:55][7660][INFO]Convert file: freq: 48000, mode: 1, bps: 288, fd: 8.000000, name: D:\UserData\Administrator\Desktop\2017级广播站\11.16\林忆莲 - 不必在乎我是谁.mp3
[2017-12-23 16:47:30][328][INFO]Convert file: freq: 22050, mode: 0, bps: 144, fd: 26.122450, name: D:\UserData\Administrator\Desktop\Alan Walker,英雄联盟 - Legends Never Die (Alan Walker Remix).mp3
[2017-12-23 16:47:35][2320][INFO]Convert file: freq: 44100, mode: 1, bps: 128, fd: 8.707483, name: D:\UserData\Administrator\Desktop\Alan Walker,英雄联盟 - Legends Never Die (Alan Walker Remix).mp3
[2017-12-23 16:52:21][328][INFO]Convert file: freq: 22050, mode: 0, bps: 144, fd: 26.122450, name: D:\UserData\Administrator\Desktop\Alan Walker,英雄联盟 - Legends Never Die (Alan Walker Remix).mp3
[2018-01-19 12:54:12][3200][INFO]Convert file: freq: 24000, mode: 0, bps: 96, fd: 24.000000, name: D:\UserData\Administrator\Desktop\BIGBANG - MAKE LOVE.mp3
[2018-01-19 12:54:16][5656][INFO]Convert file: freq: 48000, mode: 1, bps: 160, fd: 8.000000, name: D:\UserData\Administrator\Desktop\BIGBANG - MAKE LOVE.mp3
[2018-01-19 12:54:42][5656][INFO]Convert file: freq: 48000, mode: 1, bps: 160, fd: 8.000000, name: D:\UserData\Administrator\Desktop\BIGBANG - MAKE LOVE.mp3
[2018-01-19 12:55:04][3200][INFO]Convert file: freq: 24000, mode: 0, bps: 96, fd: 24.000000, name: D:\UserData\Administrator\Desktop\BIGBANG - MAKE LOVE.mp3
[2018-03-30 12:38:23][4420][INFO]Convert file: freq: 48000, mode: 1, bps: 192, fd: 24.000000, name: D:\CloudMusic\刘宁 - 孤单的电影票.mp3
[2018-03-30 12:38:26][4420][INFO]Convert file: freq: 12000, mode: 0, bps: 48, fd: 24.000000, name: D:\CloudMusic\双笙,囧菌 - 世末歌者（Cover 乐正绫）.mp3
[2018-03-30 12:38:26][1272][INFO]Convert file: freq: 44100, mode: 1, bps: 128, fd: 8.707483, name: D:\CloudMusic\刘宁 - 孤单的电影票.mp3
[2018-03-30 12:38:43][2388][INFO]Convert file: freq: 48000, mode: 1, bps: 32, fd: 8.000000, name: D:\CloudMusic\双笙,囧菌 - 世末歌者（Cover 乐正绫）.mp3
[2018-03-30 12:39:10][4420][INFO]Convert file: freq: 48000, mode: 1, bps: 192, fd: 24.000000, name: D:\CloudMusic\刘宁 - 孤单的电影票.mp3
[2018-03-30 12:39:10][4420][INFO]Convert file: freq: 12000, mode: 0, bps: 48, fd: 24.000000, name: D:\CloudMusic\双笙,囧菌 - 世末歌者（Cover 乐正绫）.mp3
[2018-03-31 16:35:32][1388][INFO]Convert file: freq: 44100, mode: 1, bps: 40, fd: 26.122450, name: D:\CloudMusic\Fall Out Boy - My Songs Know What You Did In The Dark (Light Em Up).mp3
[2018-03-31 16:42:18][1388][INFO]Convert file: freq: 44100, mode: 1, bps: 40, fd: 26.122450, name: D:\CloudMusic\Fall Out Boy - My Songs Know What You Did In The Dark (Light Em Up).mp3
[2018-03-31 16:42:19][2748][INFO]Convert file: freq: 48000, mode: 1, bps: 128, fd: 8.000000, name: D:\CloudMusic\Fall Out Boy - My Songs Know What You Did In The Dark (Light Em Up).mp3
[2018-03-31 16:42:34][1388][INFO]Convert file: freq: 44100, mode: 1, bps: 40, fd: 26.122450, name: D:\CloudMusic\Fall Out Boy - My Songs Know What You Did In The Dark (Light Em Up).mp3
[2018-04-02 12:53:08][3548][INFO]Convert file: freq: 16000, mode: 1, bps: 128, fd: 36.000000, name: D:\UserData\Administrator\Desktop\Deptford Goth - Feel Real.mp3
[2018-04-02 12:53:13][3244][INFO]Convert file: freq: 48000, mode: 1, bps: 128, fd: 8.000000, name: D:\UserData\Administrator\Desktop\Deptford Goth - Feel Real.mp3
[2018-04-09 13:08:03][8796][INFO]Convert file: freq: 44100, mode: 1, bps: 80, fd: 24.000000, name: D:\UserData\Administrator\Desktop\许嵩,何曼婷 - 素颜.mp3
[2018-04-09 13:08:50][8796][INFO]Convert file: freq: 44100, mode: 1, bps: 80, fd: 24.000000, name: D:\UserData\Administrator\Desktop\许嵩,何曼婷 - 素颜.mp3
[2018-04-19 12:40:41][4040][INFO]Convert file: freq: 24000, mode: 1, bps: 40, fd: 24.000000, name: D:\CloudMusic\余文乐 - 下一站天后(Live) - live.mp3
[2018-04-19 12:40:52][4040][INFO]Convert file: freq: 24000, mode: 1, bps: 40, fd: 24.000000, name: D:\CloudMusic\余文乐 - 下一站天后(Live) - live.mp3
[2018-04-19 12:41:15][4040][INFO]Convert file: freq: 48000, mode: 1, bps: 56, fd: 24.000000, name: D:\CloudMusic\麦浚龙 - 耿耿于怀.mp3
[2018-04-19 12:41:17][5156][INFO]Convert file: freq: 44100, mode: 1, bps: 160, fd: 8.707483, name: D:\CloudMusic\麦浚龙 - 耿耿于怀.mp3
[2018-04-19 12:41:32][4040][INFO]Convert file: freq: 48000, mode: 1, bps: 56, fd: 24.000000, name: D:\CloudMusic\麦浚龙 - 耿耿于怀.mp3
[2018-04-19 12:41:47][4040][INFO]Convert file: freq: 24000, mode: 1, bps: 40, fd: 24.000000, name: D:\CloudMusic\余文乐 - 下一站天后(Live) - live.mp3
[2018-04-19 12:41:49][4872][INFO]Convert file: freq: 44100, mode: 1, bps: 320, fd: 8.707483, name: D:\CloudMusic\余文乐 - 下一站天后(Live) - live.mp3
[2018-04-19 12:41:53][4040][INFO]Convert file: freq: 24000, mode: 1, bps: 40, fd: 24.000000, name: D:\CloudMusic\余文乐 - 下一站天后(Live) - live.mp3
[2018-04-19 12:42:01][4040][INFO]Convert file: freq: 24000, mode: 1, bps: 40, fd: 24.000000, name: D:\CloudMusic\余文乐 - 下一站天后(Live) - live.mp3
[2018-04-19 13:27:59][4040][INFO]Convert file: freq: 48000, mode: 1, bps: 56, fd: 24.000000, name: D:\UserData\Administrator\Desktop\wyyyy\麦浚龙 - 耿耿于怀.mp3
[2018-04-19 13:28:01][3312][INFO]Convert file: freq: 44100, mode: 1, bps: 160, fd: 8.707483, name: D:\UserData\Administrator\Desktop\wyyyy\麦浚龙 - 耿耿于怀.mp3
[2018-04-19 13:29:53][4040][INFO]Convert file: freq: 48000, mode: 1, bps: 56, fd: 24.000000, name: D:\UserData\Administrator\Desktop\wyyyy\麦浚龙 - 耿耿于怀.mp3
[2018-04-19 13:34:36][4040][INFO]Convert file: freq: 44100, mode: 0, bps: 256, fd: 26.122450, name: J:\音乐\谢安琪 - 喜帖街.mp3
[2018-04-19 13:34:39][3312][INFO]Convert file: freq: 44100, mode: 1, bps: 128, fd: 8.707483, name: J:\音乐\谢安琪 - 喜帖街.mp3
[2018-04-19 13:34:56][4040][INFO]Convert file: freq: 44100, mode: 0, bps: 256, fd: 26.122450, name: J:\音乐\谢安琪 - 喜帖街.mp3
[2018-05-10 12:59:29][1952][INFO]Convert file: freq: 11025, mode: 1, bps: 80, fd: 36.000000, name: D:\UserData\Administrator\Desktop\KBShinya,西瓜JUN,萧忆情Alex - 寄明月（Cover SING女团 ／ 乐正绫）.mp3
[2018-05-10 12:59:31][1952][INFO]Convert file: freq: 11025, mode: 1, bps: 48, fd: 26.122450, name: D:\UserData\Administrator\Desktop\三无MarBlue - 逆浪千秋（Cover 言和）.mp3
[2018-05-10 12:59:31][616][INFO]Convert file: freq: 48000, mode: 1, bps: 384, fd: 8.000000, name: D:\UserData\Administrator\Desktop\KBShinya,西瓜JUN,萧忆情Alex - 寄明月（Cover SING女团 ／ 乐正绫）.mp3
[2018-05-10 13:00:17][1952][INFO]Convert file: freq: 48000, mode: 1, bps: 192, fd: 24.000000, name: D:\UserData\Administrator\Desktop\萧忆情,Lao干妈,裂天 - 【词作】御剑天涯——《御剑情缘》一周年主题曲.mp3
[2018-05-10 13:02:05][1952][INFO]Convert file: freq: 11025, mode: 1, bps: 80, fd: 36.000000, name: D:\UserData\Administrator\Desktop\5.10\KBShinya,西瓜JUN,萧忆情Alex - 寄明月（Cover SING女团 ／ 乐正绫）.mp3
[2018-05-10 13:02:08][1952][INFO]Convert file: freq: 11025, mode: 1, bps: 48, fd: 26.122450, name: D:\UserData\Administrator\Desktop\5.10\三无MarBlue - 逆浪千秋（Cover 言和）.mp3
[2018-05-10 13:02:09][1952][INFO]Convert file: freq: 48000, mode: 1, bps: 192, fd: 24.000000, name: D:\UserData\Administrator\Desktop\5.10\萧忆情,Lao干妈,裂天 - 【词作】御剑天涯——《御剑情缘》一周年主题曲.mp3
[2018-05-10 13:02:36][1952][INFO]Convert file: freq: 11025, mode: 1, bps: 80, fd: 36.000000, name: D:\UserData\Administrator\Desktop\5.10\KBShinya,西瓜JUN,萧忆情Alex - 寄明月（Cover SING女团 ／ 乐正绫）.mp3
[2018-05-10 13:03:08][1952][INFO]Convert file: freq: 11025, mode: 1, bps: 48, fd: 26.122450, name: D:\UserData\Administrator\Desktop\5.10\三无MarBlue - 逆浪千秋（Cover 言和）.mp3
[2018-05-10 13:03:09][1952][INFO]Convert file: freq: 48000, mode: 1, bps: 192, fd: 24.000000, name: D:\UserData\Administrator\Desktop\5.10\萧忆情,Lao干妈,裂天 - 【词作】御剑天涯——《御剑情缘》一周年主题曲.mp3
[2018-05-10 13:03:09][616][INFO]Convert file: freq: 44100, mode: 1, bps: 96, fd: 8.707483, name: D:\UserData\Administrator\Desktop\5.10\三无MarBlue - 逆浪千秋（Cover 言和）.mp3
[2018-05-10 13:03:19][616][INFO]Convert file: freq: 44100, mode: 1, bps: 320, fd: 8.707483, name: D:\UserData\Administrator\Desktop\5.10\萧忆情,Lao干妈,裂天 - 【词作】御剑天涯——《御剑情缘》一周年主题曲.mp3
[2018-06-04 17:29:30][4008][INFO]Convert file: freq: 44100, mode: 1, bps: 32, fd: 8.707483, name: D:\UserData\Administrator\Desktop\6.4\南征北战NZBZ - 我的天空.mp3
[2018-06-04 17:29:31][6132][INFO]Convert file: freq: 44100, mode: 1, bps: 32, fd: 8.707483, name: D:\UserData\Administrator\Desktop\6.4\南征北战NZBZ - 我的天空.mp3
[2018-06-04 17:29:48][6132][INFO]Convert file: freq: 48000, mode: 1, bps: 128, fd: 8.000000, name: D:\UserData\Administrator\Desktop\6.4\Ellie Goulding - Love Me Like You Do (Acoustic Version).mp3
[2018-06-04 17:29:57][6132][INFO]Convert file: freq: 48000, mode: 1, bps: 96, fd: 8.000000, name: D:\UserData\Administrator\Desktop\6.4\陈一发儿 - 男孩.mp3
[2018-06-23 17:45:38][2788][INFO]Convert file: freq: 24000, mode: 1, bps: 112, fd: 24.000000, name: G:\KuGou\夏磊 - 可能否.mp3
[2018-06-23 17:45:50][7152][INFO]Convert file: freq: 8000, mode: 0, bps: 112, fd: 12.000000, name: G:\KuGou\夏磊 - 可能否.mp3
[2018-09-15 16:02:05][3896][INFO]Convert file: freq: 44100, mode: 1, bps: 64, fd: 26.122450, name: D:\UserData\Administrator\Desktop\2018级广播站\9.15\La troupe - Le bien qui fait mal.mp3
[2018-09-15 16:02:07][1916][INFO]Convert file: freq: 11025, mode: 0, bps: 64, fd: 26.122450, name: D:\UserData\Administrator\Desktop\2018级广播站\9.15\La troupe - Le bien qui fait mal.mp3
[2018-09-15 16:46:53][4004][INFO]Convert file: freq: 44100, mode: 1, bps: 64, fd: 26.122450, name: D:\UserData\Administrator\Desktop\9.15\La troupe - Le bien qui fait mal.mp3
[2018-09-15 16:46:55][5188][INFO]Convert file: freq: 11025, mode: 0, bps: 64, fd: 26.122450, name: D:\UserData\Administrator\Desktop\9.15\La troupe - Le bien qui fait mal.mp3
[2018-09-27 17:05:28][1908][INFO]Convert file: freq: 11025, mode: 0, bps: 96, fd: 26.122450, name: D:\UserData\Administrator\Desktop\方大同 - 春风吹.mp3
[2018-09-27 17:05:30][6228][INFO]Convert file: freq: 44100, mode: 1, bps: 160, fd: 8.707483, name: D:\UserData\Administrator\Desktop\方大同 - 春风吹.mp3
[2018-09-27 17:07:45][1908][INFO]Convert file: freq: 11025, mode: 0, bps: 96, fd: 26.122450, name: D:\UserData\Administrator\Desktop\新建文件夹 (2)\方大同 - 春风吹.mp3
[2018-10-13 12:24:28][5596][INFO]Convert file: freq: 48000, mode: 1, bps: 160, fd: 8.000000, name: D:\UserData\Administrator\Desktop\黑崎子 - Way back home (温柔男声版).mp3
[2018-10-13 12:24:31][6384][INFO]Convert file: freq: 48000, mode: 1, bps: 160, fd: 8.000000, name: D:\UserData\Administrator\Desktop\黑崎子 - Way back home (温柔男声版).mp3
[2018-10-15 12:36:24][5792][INFO]Convert file: freq: 16000, mode: 1, bps: 24, fd: 36.000000, name: D:\UserData\Administrator\Desktop\何璐 - 让她降落.mp3
[2018-10-15 12:36:27][4200][INFO]Convert file: freq: 32000, mode: 1, bps: 320, fd: 12.000000, name: D:\UserData\Administrator\Desktop\何璐 - 让她降落.mp3
[2018-10-15 12:36:36][4200][INFO]Convert file: freq: 32000, mode: 1, bps: 320, fd: 12.000000, name: D:\UserData\Administrator\Desktop\何璐 - 让她降落.mp3
[2018-10-15 12:36:46][5792][INFO]Convert file: freq: 16000, mode: 1, bps: 24, fd: 36.000000, name: D:\UserData\Administrator\Desktop\何璐 - 让她降落.mp3
[2018-10-30 15:54:32][5756][INFO]Convert file: freq: 11025, mode: 0, bps: 16, fd: 26.122450, name: D:\UserData\Administrator\Desktop\伦桑 - 默契.mp3
[2018-10-30 15:54:36][5408][INFO]Convert file: freq: 32000, mode: 1, bps: 416, fd: 12.000000, name: D:\UserData\Administrator\Desktop\伦桑 - 默契.mp3
[2018-12-18 16:57:21][6116][INFO]Convert file: freq: 48000, mode: 0, bps: 80, fd: 24.000000, name: D:\UserData\Administrator\Desktop\12.18\双笙,泠鸢yousa - 【星火行动】朝汐（泠鸢&双笙）.mp3
[2018-12-18 16:57:32][6116][INFO]Convert file: freq: 48000, mode: 0, bps: 80, fd: 24.000000, name: D:\UserData\Administrator\Desktop\12.18\双笙,泠鸢yousa - 【星火行动】朝汐（泠鸢&双笙）.mp3
[2018-12-18 16:57:35][2668][INFO]Convert file: freq: 44100, mode: 1, bps: 32, fd: 8.707483, name: D:\UserData\Administrator\Desktop\12.18\双笙,泠鸢yousa - 【星火行动】朝汐（泠鸢&双笙）.mp3
[2018-12-24 12:23:59][3216][INFO]Convert file: freq: 32000, mode: 1, bps: 48, fd: 36.000000, name: D:\UserData\Administrator\Desktop\12.24\刘至佳 - 生僻字-刘至佳（Cover：陈柯宇）.mp3
[2018-12-24 12:24:03][2312][INFO]Convert file: freq: 32000, mode: 1, bps: 32, fd: 12.000000, name: D:\UserData\Administrator\Desktop\12.24\刘至佳 - 生僻字-刘至佳（Cover：陈柯宇）.mp3
[2018-12-28 17:07:18][4816][INFO]Convert file: freq: 12000, mode: 1, bps: 80, fd: 24.000000, name: D:\UserData\Administrator\Desktop\12.28\Vk - 一笑倾城.mp3
[2018-12-28 17:07:21][5176][INFO]Convert file: freq: 48000, mode: 1, bps: 160, fd: 8.000000, name: D:\UserData\Administrator\Desktop\12.28\Vk - 一笑倾城.mp3
[2019-03-06 13:47:19][4964][INFO]Convert file: freq: 44100, mode: 1, bps: 80, fd: 26.122450, name: D:\UserData\Administrator\Desktop\3.06\KBShinya,茶理理,银临 - 冠世一战抒情版（Cover：litterzy）.mp3
[2019-03-06 13:47:22][6140][INFO]Convert file: freq: 44100, mode: 1, bps: 320, fd: 8.707483, name: D:\UserData\Administrator\Desktop\3.06\KBShinya,茶理理,银临 - 冠世一战抒情版（Cover：litterzy）.mp3
[2019-03-13 12:37:42][4200][INFO]Convert file: freq: 24000, mode: 1, bps: 128, fd: 24.000000, name: D:\UserData\Administrator\Desktop\3.13\王源 - 只要有想见的人，就不是孤身一人.mp3
[2019-03-13 12:37:44][5808][INFO]Convert file: freq: 32000, mode: 1, bps: 448, fd: 12.000000, name: D:\UserData\Administrator\Desktop\3.13\王源 - 只要有想见的人，就不是孤身一人.mp3
[2019-04-02 16:01:41][3888][INFO]Convert file: freq: 8000, mode: 1, bps: 112, fd: 36.000000, name: D:\UserData\Administrator\Desktop\4.2\荒晔 - 月亮与六便士（Cover britneylee小暖）.mp3
[2019-04-02 16:01:44][5076][INFO]Convert file: freq: 44100, mode: 1, bps: 160, fd: 8.707483, name: D:\UserData\Administrator\Desktop\4.2\荒晔 - 月亮与六便士（Cover britneylee小暖）.mp3
[2019-04-15 12:46:24][5808][INFO]Convert file: freq: 8000, mode: 1, bps: 48, fd: 36.000000, name: D:\UserData\Administrator\Desktop\韩春 - 爱是你我.mp3
[2019-04-15 12:46:27][5808][INFO]Convert file: freq: 24000, mode: 1, bps: 80, fd: 24.000000, name: D:\UserData\Administrator\Desktop\洛少爷,落樱风 - 夜宴风波（幼君vs权臣ver）（Cover：音阙诗听）.mp3
[2019-04-15 12:46:27][5912][INFO]Convert file: freq: 44100, mode: 1, bps: 96, fd: 8.707483, name: D:\UserData\Administrator\Desktop\韩春 - 爱是你我.mp3
[2019-04-15 12:46:50][5808][INFO]Convert file: freq: 8000, mode: 1, bps: 48, fd: 36.000000, name: D:\UserData\Administrator\Desktop\韩春 - 爱是你我.mp3
[2019-04-15 12:46:55][5808][INFO]Convert file: freq: 24000, mode: 1, bps: 80, fd: 24.000000, name: D:\UserData\Administrator\Desktop\洛少爷,落樱风 - 夜宴风波（幼君vs权臣ver）（Cover：音阙诗听）.mp3
[2019-04-15 12:46:57][4680][INFO]Convert file: freq: 24000, mode: 1, bps: 80, fd: 24.000000, name: D:\UserData\Administrator\Desktop\洛少爷,落樱风 - 夜宴风波（幼君vs权臣ver）（Cover：音阙诗听）.mp3
[2019-04-15 12:47:15][5808][INFO]Convert file: freq: 24000, mode: 1, bps: 80, fd: 24.000000, name: D:\UserData\Administrator\Desktop\洛少爷,落樱风 - 夜宴风波（幼君vs权臣ver）（Cover：音阙诗听）.mp3
[2019-05-21 13:28:01][3296][INFO]Convert file: freq: 44100, mode: 1, bps: 48, fd: 26.122450, name: D:\UserData\Administrator\Desktop\邓玉华 - 映山红.mp3
[2019-05-21 13:28:03][5908][INFO]Convert file: freq: 44100, mode: 1, bps: 96, fd: 8.707483, name: D:\UserData\Administrator\Desktop\邓玉华 - 映山红.mp3
[2019-09-04 09:23:00][2796][INFO]Convert file: freq: 48000, mode: 0, bps: 192, fd: 24.000000, name: D:\UserData\Administrator\Desktop\9.4音乐专题\许嵩 - 南山忆.mp3
[2019-09-04 09:23:04][2312][INFO]Convert file: freq: 48000, mode: 0, bps: 192, fd: 24.000000, name: D:\UserData\Administrator\Desktop\9.4音乐专题\许嵩 - 南山忆.mp3
[2019-09-04 09:24:00][2796][INFO]Convert file: freq: 48000, mode: 0, bps: 192, fd: 24.000000, name: D:\UserData\Administrator\Desktop\9.4音乐专题\许嵩 - 南山忆.mp3
[2019-09-26 16:15:31][3776][INFO]Convert file: freq: 48000, mode: 1, bps: 256, fd: 24.000000, name: D:\UserData\Administrator\Desktop\曾舒哲,董嘉鸿 - 雅俗共赏 (Cover：许嵩).mp3
[2019-09-26 16:15:34][1052][INFO]Convert file: freq: 48000, mode: 1, bps: 384, fd: 8.000000, name: D:\UserData\Administrator\Desktop\曾舒哲,董嘉鸿 - 雅俗共赏 (Cover：许嵩).mp3
[2019-09-26 16:15:42][1052][INFO]Convert file: freq: 48000, mode: 1, bps: 384, fd: 8.000000, name: D:\UserData\Administrator\Desktop\曾舒哲,董嘉鸿 - 雅俗共赏 (Cover：许嵩).mp3
[2019-09-26 16:16:27][3776][INFO]Convert file: freq: 48000, mode: 1, bps: 256, fd: 24.000000, name: D:\UserData\Administrator\Desktop\曾舒哲,董嘉鸿 - 雅俗共赏 (Cover：许嵩).mp3
[2019-09-26 16:16:46][3776][INFO]Convert file: freq: 48000, mode: 1, bps: 112, fd: 24.000000, name: D:\UserData\Administrator\Desktop\最大值胖达 - 水星（Cover TOFUBEATS）.mp3
[2019-09-26 16:16:55][3776][INFO]Convert file: freq: 48000, mode: 1, bps: 256, fd: 24.000000, name: D:\UserData\Administrator\Desktop\曾舒哲,董嘉鸿 - 雅俗共赏 (Cover：许嵩).mp3
[2019-10-09 13:44:35][2348][INFO]Convert file: freq: 48000, mode: 0, bps: 192, fd: 24.000000, name: D:\UserData\Administrator\Desktop\许嵩 - 南山忆.mp3
[2019-10-09 13:44:37][6124][INFO]Convert file: freq: 48000, mode: 0, bps: 192, fd: 24.000000, name: D:\UserData\Administrator\Desktop\许嵩 - 南山忆.mp3
[2019-10-09 13:44:53][2348][INFO]Convert file: freq: 48000, mode: 0, bps: 192, fd: 24.000000, name: D:\UserData\Administrator\Desktop\许嵩 - 南山忆.mp3
[2019-10-17 16:02:26][8004][INFO]Convert file: freq: 32000, mode: 1, bps: 56, fd: 36.000000, name: D:\UserData\Administrator\Desktop\张艺兴 - 我不好.mp3
[2019-10-17 16:02:27][8004][INFO]Convert file: freq: 44100, mode: 1, bps: 48, fd: 26.122450, name: D:\UserData\Administrator\Desktop\章中锦 - 蓝皮鼠和大脸猫.mp3
[2019-10-17 16:02:27][1964][INFO]Convert file: freq: 44100, mode: 1, bps: 32, fd: 8.707483, name: D:\UserData\Administrator\Desktop\张艺兴 - 我不好.mp3
[2019-10-17 16:02:43][8004][INFO]Convert file: freq: 32000, mode: 1, bps: 56, fd: 36.000000, name: D:\UserData\Administrator\Desktop\张艺兴 - 我不好.mp3
[2019-10-17 16:02:47][8004][INFO]Convert file: freq: 44100, mode: 1, bps: 48, fd: 26.122450, name: D:\UserData\Administrator\Desktop\章中锦 - 蓝皮鼠和大脸猫.mp3
[2019-10-17 16:02:48][6400][INFO]Convert file: freq: 44100, mode: 1, bps: 256, fd: 8.707483, name: D:\UserData\Administrator\Desktop\章中锦 - 蓝皮鼠和大脸猫.mp3
[2019-10-17 16:02:54][6400][INFO]Convert file: freq: 44100, mode: 1, bps: 256, fd: 8.707483, name: D:\UserData\Administrator\Desktop\章中锦 - 蓝皮鼠和大脸猫.mp3
[2019-10-17 16:03:05][8004][INFO]Convert file: freq: 44100, mode: 1, bps: 48, fd: 26.122450, name: D:\UserData\Administrator\Desktop\章中锦 - 蓝皮鼠和大脸猫.mp3
[2019-10-21 12:44:23][1716][INFO]Convert file: freq: 44100, mode: 1, bps: 48, fd: 26.122450, name: D:\UserData\Administrator\Desktop\章中锦 - 蓝皮鼠和大脸猫.mp3
[2019-10-21 12:44:26][4728][INFO]Convert file: freq: 44100, mode: 1, bps: 256, fd: 8.707483, name: D:\UserData\Administrator\Desktop\章中锦 - 蓝皮鼠和大脸猫.mp3
[2019-10-24 16:27:05][3208][INFO]Convert file: freq: 12000, mode: 1, bps: 8, fd: 24.000000, name: D:\UserData\Administrator\Desktop\韩磊,谭维维 - 不忘初心.mp3
[2019-10-24 16:27:07][2168][INFO]Convert file: freq: 32000, mode: 1, bps: 448, fd: 12.000000, name: D:\UserData\Administrator\Desktop\韩磊,谭维维 - 不忘初心.mp3
[2019-11-14 17:22:02][1768][INFO]Convert file: freq: 48000, mode: 1, bps: 112, fd: 24.000000, name: D:\UserData\Administrator\Desktop\最大值胖达 - 水星（Cover TOFUBEATS）.mp3
[2019-11-14 17:22:03][1768][INFO]Convert file: freq: 24000, mode: 1, bps: 144, fd: 24.000000, name: D:\UserData\Administrator\Desktop\王巨星 - 太阳.mp3
[2019-11-14 17:22:03][3408][INFO]Convert file: freq: 48000, mode: 1, bps: 96, fd: 8.000000, name: D:\UserData\Administrator\Desktop\最大值胖达 - 水星（Cover TOFUBEATS）.mp3
[2019-11-14 17:22:23][1768][INFO]Convert file: freq: 24000, mode: 1, bps: 144, fd: 24.000000, name: D:\UserData\Administrator\Desktop\王巨星 - 太阳.mp3
[2019-11-14 17:22:24][4068][INFO]Convert file: freq: 32000, mode: 1, bps: 64, fd: 12.000000, name: D:\UserData\Administrator\Desktop\王巨星 - 太阳.mp3
[2019-11-14 17:26:13][1768][INFO]Convert file: freq: 32000, mode: 1, bps: 96, fd: 36.000000, name: D:\UserData\Administrator\Desktop\陈雪燃 - 无名之辈.mp3
[2019-11-14 17:26:14][1936][INFO]Convert file: freq: 44100, mode: 1, bps: 352, fd: 8.707483, name: D:\UserData\Administrator\Desktop\陈雪燃 - 无名之辈.mp3
[2019-11-14 17:32:44][1768][INFO]Convert file: freq: 48000, mode: 1, bps: 256, fd: 24.000000, name: D:\UserData\Administrator\Desktop\薛之谦 - 最好.mp3
[2019-11-14 17:32:45][824][INFO]Convert file: freq: 32000, mode: 1, bps: 64, fd: 12.000000, name: D:\UserData\Administrator\Desktop\薛之谦 - 最好.mp3
[2019-11-21 15:55:43][1456][INFO]Convert file: freq: 32000, mode: 1, bps: 8, fd: 24.000000, name: D:\UserData\Administrator\Desktop\卤蛋老师,superluckyqi - 除了春天 爱情和樱花 (Cover：IU／High4).mp3
[2019-11-21 15:55:44][3212][INFO]Convert file: freq: 48000, mode: 1, bps: 192, fd: 8.000000, name: D:\UserData\Administrator\Desktop\卤蛋老师,superluckyqi - 除了春天 爱情和樱花 (Cover：IU／High4).mp3
[2019-11-26 12:41:17][4876][INFO]Convert file: freq: 48000, mode: 0, bps: 256, fd: 24.000000, name: D:\UserData\Administrator\Desktop\林俊杰 - 我们很好.mp3
[2019-11-26 12:41:22][2828][INFO]Convert file: freq: 44100, mode: 1, bps: 32, fd: 8.707483, name: D:\UserData\Administrator\Desktop\林俊杰 - 我们很好.mp3
[2019-11-26 12:41:42][4876][INFO]Convert file: freq: 48000, mode: 0, bps: 256, fd: 24.000000, name: D:\UserData\Administrator\Desktop\林俊杰 - 我们很好.mp3
[2019-11-27 17:25:27][3220][INFO]Convert file: freq: 24000, mode: 1, bps: 144, fd: 24.000000, name: D:\UserData\Administrator\Desktop\2019级广播站\王巨星 - 太阳.mp3
[2019-11-27 17:25:30][3972][INFO]Convert file: freq: 32000, mode: 1, bps: 64, fd: 12.000000, name: D:\UserData\Administrator\Desktop\2019级广播站\王巨星 - 太阳.mp3
[2019-11-28 16:34:36][4320][INFO]Convert file: freq: 44100, mode: 1, bps: 80, fd: 26.122450, name: D:\UserData\Administrator\Desktop\LiSA - 紅蓮華.mp3
[2019-11-28 16:34:37][4320][INFO]Convert file: freq: 24000, mode: 1, bps: 8, fd: 24.000000, name: D:\UserData\Administrator\Desktop\王以太,艾热 AIR - 山羊.mp3
[2019-11-28 16:34:37][5192][INFO]Convert file: freq: 44100, mode: 1, bps: 96, fd: 8.707483, name: D:\UserData\Administrator\Desktop\LiSA - 紅蓮華.mp3
[2019-11-28 16:34:56][4320][INFO]Convert file: freq: 24000, mode: 1, bps: 8, fd: 24.000000, name: D:\UserData\Administrator\Desktop\王以太,艾热 AIR - 山羊.mp3
[2019-11-28 16:34:58][5444][INFO]Convert file: freq: 48000, mode: 1, bps: 32, fd: 8.000000, name: D:\UserData\Administrator\Desktop\王以太,艾热 AIR - 山羊.mp3
[2019-12-26 15:52:54][1232][INFO]Convert file: freq: 48000, mode: 1, bps: 40, fd: 24.000000, name: D:\UserData\Administrator\Desktop\华晨宇 - 好想爱这个世界啊.mp3
[2019-12-26 15:52:55][1232][INFO]Convert file: freq: 22050, mode: 1, bps: 144, fd: 26.122450, name: D:\UserData\Administrator\Desktop\木秦,林达浪 - 满格信号.mp3
[2019-12-26 15:52:55][5200][INFO]Convert file: freq: 44100, mode: 1, bps: 96, fd: 8.707483, name: D:\UserData\Administrator\Desktop\华晨宇 - 好想爱这个世界啊.mp3
[2019-12-26 15:53:55][1232][INFO]Convert file: freq: 22050, mode: 1, bps: 144, fd: 26.122450, name: D:\UserData\Administrator\Desktop\木秦,林达浪 - 满格信号.mp3
[2019-12-26 15:53:56][4740][INFO]Convert file: freq: 44100, mode: 1, bps: 448, fd: 8.707483, name: D:\UserData\Administrator\Desktop\木秦,林达浪 - 满格信号.mp3
[2020-01-02 17:22:29][8376][INFO]Convert file: freq: 16000, mode: 0, bps: 24, fd: 36.000000, name: D:\UserData\Administrator\Desktop\吴奕妤 - 年轮说.mp3
[2020-01-02 17:22:30][3304][INFO]Convert file: freq: 48000, mode: 1, bps: 224, fd: 8.000000, name: D:\UserData\Administrator\Desktop\吴奕妤 - 年轮说.mp3
[2020-01-02 17:26:24][8376][INFO]Convert file: freq: 16000, mode: 0, bps: 24, fd: 36.000000, name: D:\UserData\Administrator\Desktop\吴奕妤 - 年轮说.mp3
[2020-06-15 11:57:50][3368][INFO]Convert file: freq: 48000, mode: 1, bps: 40, fd: 24.000000, name: D:\UserData\Administrator\Desktop\华晨宇 - 好想爱这个世界啊.mp3
[2020-06-15 11:57:52][3368][INFO]Convert file: freq: 48000, mode: 1, bps: 128, fd: 24.000000, name: D:\UserData\Administrator\Desktop\你的二智bb - 赤伶.mp3
[2020-06-15 11:57:52][2896][INFO]Convert file: freq: 44100, mode: 1, bps: 96, fd: 8.707483, name: D:\UserData\Administrator\Desktop\华晨宇 - 好想爱这个世界啊.mp3
[2020-06-15 11:58:12][2896][INFO]Convert file: freq: 48000, mode: 1, bps: 192, fd: 8.000000, name: D:\UserData\Administrator\Desktop\你的二智bb - 赤伶.mp3
[2020-06-16 16:46:20][7988][INFO]Convert file: freq: 48000, mode: 1, bps: 40, fd: 24.000000, name: D:\UserData\Administrator\Desktop\张维良 - 梅花三弄 箫.mp3
[2020-06-16 16:46:23][7988][INFO]Convert file: freq: 48000, mode: 1, bps: 40, fd: 24.000000, name: D:\UserData\Administrator\Desktop\张维良 - 平沙落雁 箫.mp3
[2020-06-16 16:46:23][2320][INFO]Convert file: freq: 44100, mode: 1, bps: 384, fd: 8.707483, name: D:\UserData\Administrator\Desktop\张维良 - 梅花三弄 箫.mp3
[2020-06-16 16:46:36][2320][INFO]Convert file: freq: 44100, mode: 1, bps: 384, fd: 8.707483, name: D:\UserData\Administrator\Desktop\张维良 - 平沙落雁 箫.mp3
[2020-09-22 13:00:17][5592][INFO]Convert file: freq: 12000, mode: 1, bps: 128, fd: 36.000000, name: D:\UserData\Administrator\Desktop\薛之谦,韩红 - 小尖尖.mp3
[2020-09-22 13:00:21][5236][INFO]Convert file: freq: 32000, mode: 1, bps: 288, fd: 12.000000, name: D:\UserData\Administrator\Desktop\薛之谦,韩红 - 小尖尖.mp3
[2020-09-22 13:00:41][5592][INFO]Convert file: freq: 12000, mode: 1, bps: 128, fd: 36.000000, name: D:\UserData\Administrator\Desktop\薛之谦,韩红 - 小尖尖.mp3
[2020-09-22 13:00:46][5592][INFO]Convert file: freq: 22050, mode: 1, bps: 24, fd: 26.122450, name: D:\UserData\Administrator\Desktop\陈学冬 - 这里的冬天.mp3
[2020-09-22 13:00:51][5236][INFO]Convert file: freq: 32000, mode: 1, bps: 416, fd: 12.000000, name: D:\UserData\Administrator\Desktop\陈学冬 - 这里的冬天.mp3
[2020-09-22 13:01:09][5592][INFO]Convert file: freq: 22050, mode: 1, bps: 24, fd: 26.122450, name: D:\UserData\Administrator\Desktop\陈学冬 - 这里的冬天.mp3
[2020-09-28 12:50:23][3608][INFO]Convert file: freq: 12000, mode: 1, bps: 128, fd: 36.000000, name: D:\UserData\Administrator\Desktop\薛之谦,韩红 - 小尖尖.mp3
[2020-11-03 17:12:49][10228][INFO]Convert file: freq: 48000, mode: 1, bps: 40, fd: 24.000000, name: D:\UserData\Administrator\Desktop\20201103\华晨宇 - 好想爱这个世界啊.mp3
[2020-11-03 17:12:56][8784][INFO]Convert file: freq: 44100, mode: 1, bps: 96, fd: 8.707483, name: D:\UserData\Administrator\Desktop\20201103\华晨宇 - 好想爱这个世界啊.mp3
[2020-11-03 17:13:13][10228][INFO]Convert file: freq: 24000, mode: 1, bps: 80, fd: 24.000000, name: D:\UserData\Administrator\Desktop\20201103\陈学冬 - 迎梦而来.mp3
[2020-11-03 17:13:16][8784][INFO]Convert file: freq: 32000, mode: 1, bps: 128, fd: 12.000000, name: D:\UserData\Administrator\Desktop\20201103\陈学冬 - 迎梦而来.mp3
[2020-11-10 17:34:01][6064][INFO]Convert file: freq: 24000, mode: 1, bps: 80, fd: 24.000000, name: D:\UserData\Administrator\Desktop\新建文件夹 (3)\陈学冬 - 迎梦而来.mp3
[2020-11-10 17:34:04][292][INFO]Convert file: freq: 32000, mode: 1, bps: 128, fd: 12.000000, name: D:\UserData\Administrator\Desktop\新建文件夹 (3)\陈学冬 - 迎梦而来.mp3
[2020-11-19 17:34:05][5360][INFO]Convert file: freq: 16000, mode: 1, bps: 96, fd: 36.000000, name: D:\UserData\Administrator\Desktop\1\钱正昊 - NoNo 歌词版.mp3
[2020-11-19 17:34:07][5784][INFO]Convert file: freq: 16000, mode: 1, bps: 96, fd: 36.000000, name: D:\UserData\Administrator\Desktop\1\钱正昊 - NoNo 歌词版.mp3
[2020-11-19 17:34:35][5784][INFO]Convert file: freq: 32000, mode: 0, bps: 64, fd: 12.000000, name: D:\UserData\Administrator\Desktop\1\钱正昊 - Rocket (造火箭) 歌词版.mp3
[2020-11-19 17:35:02][5360][INFO]Convert file: freq: 22050, mode: 1, bps: 48, fd: 26.122450, name: D:\UserData\Administrator\Desktop\1\钱正昊 - Rocket (造火箭) 歌词版.mp3
[2020-11-24 17:19:52][14744][INFO]Convert file: freq: 8000, mode: 1, bps: 56, fd: 36.000000, name: D:\UserData\Administrator\Desktop\新建文件夹 (7)\音频怪物,少司命,玄觞 - 百战成诗 1燃情版（纯歌）.mp3
[2020-11-24 17:19:54][14904][INFO]Convert file: freq: 44100, mode: 1, bps: 96, fd: 8.707483, name: D:\UserData\Administrator\Desktop\新建文件夹 (7)\音频怪物,少司命,玄觞 - 百战成诗 1燃情版（纯歌）.mp3
[2020-11-26 17:26:19][5900][INFO]Convert file: freq: 22050, mode: 1, bps: 48, fd: 26.122450, name: D:\UserData\Administrator\Desktop\1\钱正昊 - Rocket (造火箭) 歌词版.mp3
[2020-11-26 17:26:31][5900][INFO]Convert file: freq: 16000, mode: 1, bps: 96, fd: 36.000000, name: D:\UserData\Administrator\Desktop\1\钱正昊 - NoNo 歌词版.mp3
[2020-12-02 17:36:17][3676][INFO]Convert file: freq: 8000, mode: 1, bps: 8, fd: 36.000000, name: D:\UserData\Administrator\Desktop\BTS (防弹少年团) - Dynamite.mp3
[2020-12-02 17:36:20][3808][INFO]Convert file: freq: 48000, mode: 1, bps: 128, fd: 8.000000, name: D:\UserData\Administrator\Desktop\BTS (防弹少年团) - Dynamite.mp3
[2020-12-02 17:36:45][3676][INFO]Convert file: freq: 48000, mode: 0, bps: 192, fd: 24.000000, name: D:\UserData\Administrator\Desktop\BTS (防弹少年团) - Life Goes On.mp3
[2020-12-02 17:36:46][3808][INFO]Convert file: freq: 44100, mode: 1, bps: 128, fd: 8.707483, name: D:\UserData\Administrator\Desktop\BTS (防弹少年团) - Life Goes On.mp3
[2020-12-02 17:37:48][3808][INFO]Convert file: freq: 48000, mode: 1, bps: 128, fd: 8.000000, name: D:\UserData\Administrator\Desktop\BTS (防弹少年团) - Dynamite.mp3
[2021-01-11 17:37:29][7684][INFO]Convert file: freq: 32000, mode: 1, bps: 128, fd: 12.000000, name: D:\UserData\Administrator\Desktop\薛之谦 - 高尚.mp3
[2021-01-11 17:37:31][5880][INFO]Convert file: freq: 32000, mode: 1, bps: 128, fd: 12.000000, name: D:\UserData\Administrator\Desktop\薛之谦 - 高尚.mp3
[2021-03-04 17:32:01][3236][INFO]Convert file: freq: 22050, mode: 0, bps: 112, fd: 26.122450, name: D:\UserData\Administrator\Desktop\林夕 - 说唱新世代·姜云升《反抗》_0120N4Yj2o6Reh_3_0 [mqms].mp3
[2021-03-04 17:32:03][4512][INFO]Convert file: freq: 8000, mode: 1, bps: 128, fd: 36.000000, name: D:\UserData\Administrator\Desktop\林夕 - 说唱新世代·姜云升《反抗》_0120N4Yj2o6Reh_3_0 [mqms].mp3
[2021-04-07 17:38:53][2348][INFO]Convert file: freq: 48000, mode: 1, bps: 96, fd: 24.000000, name: D:\UserData\Administrator\Desktop\2020级广播站\BTS (防弹少年团) - Dionysus.mp3
[2021-04-07 17:38:55][7352][INFO]Convert file: freq: 48000, mode: 1, bps: 128, fd: 8.000000, name: D:\UserData\Administrator\Desktop\2020级广播站\BTS (防弹少年团) - Dionysus.mp3
[2021-04-08 17:31:41][2284][INFO]Convert file: freq: 22050, mode: 1, bps: 96, fd: 26.122450, name: J:\买辣椒也用券 - 第三人称.mp3
[2021-04-08 17:31:43][340][INFO]Convert file: freq: 12000, mode: 1, bps: 144, fd: 8.000000, name: J:\买辣椒也用券 - 第三人称.mp3
[2021-04-08 17:31:56][2284][INFO]Convert file: freq: 22050, mode: 1, bps: 96, fd: 26.122450, name: J:\买辣椒也用券 - 第三人称.mp3
[2021-04-12 17:30:37][8764][INFO]Convert file: freq: 22050, mode: 0, bps: 160, fd: 26.122450, name: D:\UserData\Administrator\Desktop\宋亚轩 _ 严浩翔 - 刀马旦 (Live).mp3
[2021-04-12 17:30:40][8860][INFO]Convert file: freq: 22050, mode: 0, bps: 160, fd: 26.122450, name: D:\UserData\Administrator\Desktop\宋亚轩 _ 严浩翔 - 刀马旦 (Live).mp3
[2021-04-12 17:35:44][8764][INFO]Convert file: freq: 22050, mode: 1, bps: 96, fd: 26.122450, name: D:\UserData\Administrator\Desktop\买辣椒也用券 - 第三人称.mp3
[2021-04-12 17:35:46][7320][INFO]Convert file: freq: 12000, mode: 1, bps: 144, fd: 8.000000, name: D:\UserData\Administrator\Desktop\买辣椒也用券 - 第三人称.mp3
[2021-04-12 17:36:09][8764][INFO]Convert file: freq: 22050, mode: 1, bps: 96, fd: 26.122450, name: D:\UserData\Administrator\Desktop\买辣椒也用券 - 第三人称.mp3
[2021-04-12 17:41:31][8764][INFO]Convert file: freq: 22050, mode: 1, bps: 96, fd: 26.122450, name: D:\UserData\Administrator\Desktop\买辣椒也用券 - 第三人称.mp3
[2021-04-25 17:43:32][2780][INFO]Convert file: freq: 16000, mode: 1, bps: 40, fd: 36.000000, name: D:\UserData\Administrator\Documents\BTS (防弹少年团) - HOME.mp3
[2021-04-25 17:43:34][1980][INFO]Convert file: freq: 32000, mode: 1, bps: 128, fd: 12.000000, name: D:\UserData\Administrator\Documents\BTS (防弹少年团) - HOME.mp3
[2021-05-10 17:49:55][5520][INFO]Convert file: freq: 44100, mode: 1, bps: 128, fd: 26.122450, name: J:\音乐\青花瓷.mp3
[2021-05-25 17:35:53][5124][INFO]Convert file: freq: 48000, mode: 1, bps: 224, fd: 24.000000, name: D:\UserData\Administrator\Desktop\陈学冬-曲折(超清).mp3
[2021-05-27 18:05:50][9152][INFO]Convert file: freq: 48000, mode: 1, bps: 256, fd: 24.000000, name: D:\UserData\Administrator\Desktop\2019级广播站\薛之谦 - 最好.mp3
[2021-06-16 17:46:24][4024][INFO]Convert file: freq: 16000, mode: 1, bps: 80, fd: 36.000000, name: J:\A-SOUL - 超级敏感.mp3
[2021-06-16 17:46:28][2356][INFO]Convert file: freq: 48000, mode: 1, bps: 256, fd: 8.000000, name: J:\A-SOUL - 超级敏感.mp3
[2021-06-17 17:39:56][5572][INFO]Convert file: freq: 22050, mode: 1, bps: 96, fd: 26.122450, name: D:\UserData\Administrator\Desktop\2020级广播站\买辣椒也用券 - 第三人称.mp3
[2021-06-17 17:42:32][5572][INFO]Convert file: freq: 24000, mode: 1, bps: 144, fd: 24.000000, name: D:\UserData\Administrator\Desktop\2019级广播站\王巨星 - 太阳.mp3
[2021-09-02 17:36:06][980][INFO]Convert file: freq: 16000, mode: 1, bps: 128, fd: 36.000000, name: J:\老田 - 别渴望.mp3
[2021-09-02 17:36:49][980][INFO]Convert file: freq: 16000, mode: 1, bps: 128, fd: 36.000000, name: J:\老田 - 别渴望.mp3
[2021-09-02 17:36:52][3928][INFO]Convert file: freq: 32000, mode: 1, bps: 64, fd: 12.000000, name: J:\老田 - 别渴望.mp3
[2021-09-02 17:37:15][980][INFO]Convert file: freq: 48000, mode: 1, bps: 192, fd: 24.000000, name: J:\暴躁的兔子 - 如果能忍住.mp3
[2021-09-02 17:37:18][3928][INFO]Convert file: freq: 44100, mode: 1, bps: 256, fd: 8.707483, name: J:\暴躁的兔子 - 如果能忍住.mp3
[2021-09-06 17:53:07][2828][INFO]Convert file: freq: 44100, mode: 1, bps: 32, fd: 8.707483, name: D:\UserData\Administrator\Documents\易烊千玺 - 舒适圈.mp3
[2021-09-06 17:53:09][2956][INFO]Convert file: freq: 44100, mode: 1, bps: 32, fd: 8.707483, name: D:\UserData\Administrator\Documents\易烊千玺 - 舒适圈.mp3
[2021-09-09 17:45:35][3980][INFO]Convert file: freq: 48000, mode: 1, bps: 32, fd: 24.000000, name: J:\JMJ - 万字情诗.mp3
[2021-09-09 17:45:38][3820][INFO]Convert file: freq: 32000, mode: 1, bps: 128, fd: 12.000000, name: J:\JMJ - 万字情诗.mp3
[2021-09-09 17:45:47][3980][INFO]Convert file: freq: 48000, mode: 0, bps: 256, fd: 24.000000, name: J:\PIggy - 心动贩卖机.mp3
[2021-09-09 17:45:51][3820][INFO]Convert file: freq: 44100, mode: 1, bps: 384, fd: 8.707483, name: J:\PIggy - 心动贩卖机.mp3
[2021-09-09 17:46:01][3980][INFO]Convert file: freq: 12000, mode: 1, bps: 24, fd: 24.000000, name: J:\郑中基 - 分分钟需要你(粤语版).mp3
[2021-09-09 17:46:10][3820][INFO]Convert file: freq: 44100, mode: 1, bps: 416, fd: 8.707483, name: J:\郑中基 - 分分钟需要你(粤语版).mp3
[2021-09-15 17:55:46][2352][INFO]Convert file: freq: 12000, mode: 0, bps: 16, fd: 24.000000, name: J:\音乐\ハセガワダイスケ - canzoni preferite.mp3
[2021-09-15 17:55:47][3676][INFO]Convert file: freq: 32000, mode: 1, bps: 352, fd: 12.000000, name: J:\音乐\ハセガワダイスケ - canzoni preferite.mp3
[2021-09-15 17:55:59][3676][INFO]Convert file: freq: 32000, mode: 1, bps: 352, fd: 12.000000, name: J:\音乐\ハセガワダイスケ - canzoni preferite.mp3
[2021-09-22 18:04:58][3440][INFO]Convert file: freq: 44100, mode: 1, bps: 80, fd: 26.122450, name: D:\UserData\Administrator\Desktop\2019级广播站\LiSA - 紅蓮華.mp3
[2021-09-22 18:05:00][3896][INFO]Convert file: freq: 44100, mode: 1, bps: 96, fd: 8.707483, name: D:\UserData\Administrator\Desktop\2019级广播站\LiSA - 紅蓮華.mp3
[2021-09-23 13:28:56][3464][INFO]Convert file: freq: 24000, mode: 1, bps: 112, fd: 8.000000, name: D:\UserData\Administrator\Desktop\2021.9.23.mp3
[2021-09-23 13:29:00][1788][INFO]Convert file: freq: 24000, mode: 1, bps: 112, fd: 8.000000, name: D:\UserData\Administrator\Desktop\2021.9.23.mp3
[2021-09-23 18:11:44][4404][INFO]Convert file: freq: 16000, mode: 1, bps: 160, fd: 36.000000, name: D:\UserData\Administrator\Desktop\2021.9.23.mp3
[2021-09-23 18:13:06][4404][INFO]Convert file: freq: 16000, mode: 1, bps: 160, fd: 36.000000, name: D:\UserData\Administrator\Desktop\2021.9.23.mp3
[2021-09-23 18:13:51][4404][INFO]Convert file: freq: 16000, mode: 1, bps: 160, fd: 36.000000, name: D:\UserData\Administrator\Desktop\2021.9.23.mp3
[2021-09-23 18:15:57][4404][INFO]Convert file: freq: 16000, mode: 1, bps: 160, fd: 36.000000, name: D:\UserData\Administrator\Desktop\2021.9.23.mp3
[2021-09-26 17:19:03][4632][INFO]Convert file: freq: 11025, mode: 1, bps: 8, fd: 26.122450, name: D:\UserData\Administrator\Desktop\2021级广播站\2021.9.26\薛之谦 - 一半.mp3
[2021-09-26 17:19:09][1132][INFO]Convert file: freq: 48000, mode: 1, bps: 384, fd: 24.000000, name: D:\UserData\Administrator\Desktop\2021级广播站\2021.9.26\薛之谦 - 一半.mp3
[2021-09-26 17:19:39][4632][INFO]Convert file: freq: 11025, mode: 1, bps: 8, fd: 26.122450, name: D:\UserData\Administrator\Desktop\2021级广播站\2021.9.26\薛之谦 - 一半.mp3
[2021-09-26 17:20:01][4632][INFO]Convert file: freq: 11025, mode: 1, bps: 8, fd: 26.122450, name: D:\UserData\Administrator\Desktop\2021级广播站\2021.9.26\薛之谦 - 一半.mp3
[2021-09-26 17:21:11][4632][INFO]Convert file: freq: 11025, mode: 1, bps: 8, fd: 26.122450, name: D:\UserData\Administrator\Desktop\2021级广播站\2021.9.26\薛之谦 - 一半.mp3
[2021-09-26 17:25:09][5848][INFO]Convert file: freq: 11025, mode: 1, bps: 8, fd: 26.122450, name: D:\UserData\Administrator\Desktop\2021级广播站\2021.9.26\薛之谦 - 一半.mp3
[2021-10-19 17:06:47][3936][INFO]Convert file: freq: 11025, mode: 1, bps: 8, fd: 26.122450, name: D:\UserData\Administrator\Desktop\2021级广播站\2021.9.26\薛之谦 - 一半.mp3
[2021-10-19 17:07:35][3936][INFO]Convert file: freq: 11025, mode: 1, bps: 8, fd: 26.122450, name: D:\UserData\Administrator\Desktop\2021级广播站\2021.9.26\薛之谦 - 一半.mp3
[2021-10-19 17:29:47][4064][INFO]Convert file: freq: 48000, mode: 1, bps: 256, fd: 24.000000, name: D:\UserData\Administrator\Desktop\2019级广播站\薛之谦 - 最好.mp3
[2021-10-19 17:29:49][3836][INFO]Convert file: freq: 32000, mode: 1, bps: 64, fd: 12.000000, name: D:\UserData\Administrator\Desktop\2019级广播站\薛之谦 - 最好.mp3
[2021-10-27 17:34:52][3392][INFO]Convert file: freq: 16000, mode: 0, bps: 160, fd: 36.000000, name: J:\音乐\The Glitch Mob,Mako,The Word Alive - RISE.mp3
[2021-10-27 17:35:03][1944][INFO]Convert file: freq: 24000, mode: 0, bps: 96, fd: 24.000000, name: J:\音乐\The Glitch Mob,Mako,The Word Alive - RISE.mp3
[2021-10-27 17:35:35][3392][INFO]Convert file: freq: 8000, mode: 1, bps: 64, fd: 36.000000, name: J:\音乐\Worry Free Studios,Grimmmz,United Idol - Diamond Cut Diamond (Original Mix).mp3
[2021-10-27 17:35:38][1944][INFO]Convert file: freq: 32000, mode: 1, bps: 128, fd: 12.000000, name: J:\音乐\Worry Free Studios,Grimmmz,United Idol - Diamond Cut Diamond (Original Mix).mp3
[2021-10-27 17:46:28][3392][INFO]Convert file: freq: 44100, mode: 1, bps: 32, fd: 26.122450, name: J:\音乐\Krhmo - K／DA-MORE（Krhmo remix）.mp3
[2021-10-27 17:46:31][2100][INFO]Convert file: freq: 32000, mode: 1, bps: 128, fd: 12.000000, name: J:\音乐\Krhmo - K／DA-MORE（Krhmo remix）.mp3
[2021-10-28 17:46:36][1712][INFO]Convert file: freq: 48000, mode: 1, bps: 96, fd: 24.000000, name: D:\UserData\Administrator\Desktop\2020级广播站\BTS (防弹少年团) - Dionysus.mp3
[2021-11-03 17:36:45][896][INFO]Convert file: freq: 11025, mode: 1, bps: 24, fd: 26.122450, name: J:\音乐\Against the Current - Legends Never Die.mp3
[2021-11-03 17:36:48][3328][INFO]Convert file: freq: 44100, mode: 1, bps: 256, fd: 8.707483, name: J:\音乐\Against the Current - Legends Never Die.mp3
[2021-11-03 17:37:01][896][INFO]Convert file: freq: 48000, mode: 1, bps: 32, fd: 24.000000, name: J:\音乐\-Lil Marron- - Phoenix（涅槃）—英雄联盟2019全球总决赛主题曲（翻自 Cailin Russo）.mp3
[2021-11-03 17:37:08][3328][INFO]Convert file: freq: 44100, mode: 1, bps: 160, fd: 8.707483, name: J:\音乐\-Lil Marron- - Phoenix（涅槃）—英雄联盟2019全球总决赛主题曲（翻自 Cailin Russo）.mp3
[2021-11-03 17:37:44][896][INFO]Convert file: freq: 48000, mode: 1, bps: 32, fd: 24.000000, name: J:\音乐\-Lil Marron- - Phoenix（涅槃）—英雄联盟2019全球总决赛主题曲（翻自 Cailin Russo）.mp3
[2021-11-03 17:47:33][896][INFO]Convert file: freq: 12000, mode: 0, bps: 80, fd: 24.000000, name: J:\音乐\英雄联盟,Danny McCarthy - Silver Scrapes.mp3
[2021-11-03 17:47:36][1596][INFO]Convert file: freq: 12000, mode: 0, bps: 80, fd: 24.000000, name: J:\音乐\英雄联盟,Danny McCarthy - Silver Scrapes.mp3
[2021-11-03 17:47:54][896][INFO]Convert file: freq: 12000, mode: 0, bps: 80, fd: 24.000000, name: J:\音乐\英雄联盟,Danny McCarthy - Silver Scrapes.mp3
[2021-11-03 17:50:45][896][INFO]Convert file: freq: 16000, mode: 1, bps: 112, fd: 36.000000, name: J:\音乐\Kidnap,Leo Stannard - Moments.mp3
[2021-11-03 17:50:49][1048][INFO]Convert file: freq: 8000, mode: 0, bps: 64, fd: 12.000000, name: J:\音乐\Kidnap,Leo Stannard - Moments.mp3
[2021-11-03 17:51:23][896][INFO]Convert file: freq: 16000, mode: 1, bps: 112, fd: 36.000000, name: J:\音乐\Kidnap,Leo Stannard - Moments.mp3
[2021-11-08 17:55:57][1632][INFO]Convert file: freq: 32000, mode: 1, bps: 56, fd: 36.000000, name: D:\UserData\Administrator\Desktop\2019级广播站\张艺兴 - 我不好.mp3
[2021-11-08 17:56:02][3892][INFO]Convert file: freq: 44100, mode: 1, bps: 32, fd: 8.707483, name: D:\UserData\Administrator\Desktop\2019级广播站\张艺兴 - 我不好.mp3
[2021-11-09 15:58:23][3596][INFO]Convert file: freq: 12000, mode: 1, bps: 80, fd: 24.000000, name: D:\UserData\Administrator\Desktop\2020级广播站\新建文件夹 (4)\Vk - 一笑倾城.mp3
[2021-11-09 15:58:25][4060][INFO]Convert file: freq: 48000, mode: 1, bps: 160, fd: 8.000000, name: D:\UserData\Administrator\Desktop\2020级广播站\新建文件夹 (4)\Vk - 一笑倾城.mp3
[2021-11-10 17:35:49][3960][INFO]Convert file: freq: 24000, mode: 1, bps: 160, fd: 24.000000, name: J:\音乐\ARI - Burn It All Down.mp3
[2021-11-10 17:35:51][2700][INFO]Convert file: freq: 22050, mode: 1, bps: 160, fd: 8.707483, name: J:\音乐\ARI - Burn It All Down.mp3
[2021-11-10 17:36:15][3960][INFO]Convert file: freq: 24000, mode: 1, bps: 160, fd: 24.000000, name: J:\音乐\ARI - Burn It All Down.mp3
[2021-11-10 17:36:37][3960][INFO]Convert file: freq: 44100, mode: 1, bps: 160, fd: 26.122450, name: J:\音乐\Nicki Taylor - Worlds Collide.mp3
[2021-11-10 17:36:40][2700][INFO]Convert file: freq: 44100, mode: 1, bps: 160, fd: 26.122450, name: J:\音乐\Nicki Taylor - Worlds Collide.mp3
[2021-11-10 17:37:01][3960][INFO]Convert file: freq: 44100, mode: 1, bps: 160, fd: 26.122450, name: J:\音乐\Nicki Taylor - Worlds Collide.mp3
[2021-11-11 17:23:37][3356][INFO]Convert file: freq: 8000, mode: 1, bps: 56, fd: 36.000000, name: D:\UserData\Administrator\Documents\奇然,沈谧仁,等什么君 - 百战成诗 2燃情版（全英雄台词）.mp3
[2021-11-16 15:55:32][4092][INFO]Convert file: freq: 44100, mode: 1, bps: 320, fd: 26.122450, name: J:\LOST.DIR\music\BTS (防弹少年团) - Lights.mp3
[2021-11-16 15:55:39][3232][INFO]Convert file: freq: 44100, mode: 1, bps: 128, fd: 8.707483, name: J:\LOST.DIR\music\BTS (防弹少年团) - Lights.mp3
[2021-11-17 17:37:12][1388][INFO]Convert file: freq: 11025, mode: 1, bps: 56, fd: 26.122450, name: J:\音乐\薛之谦 - 你还要我怎样.mp3
[2021-11-17 17:37:16][1804][INFO]Convert file: freq: 44100, mode: 1, bps: 192, fd: 8.707483, name: J:\音乐\薛之谦 - 你还要我怎样.mp3
[2021-11-17 17:37:55][1388][INFO]Convert file: freq: 12000, mode: 1, bps: 24, fd: 24.000000, name: J:\音乐\赵晨唏 - 玫瑰花茶.mp3
[2021-11-17 17:37:58][1804][INFO]Convert file: freq: 32000, mode: 1, bps: 320, fd: 12.000000, name: J:\音乐\赵晨唏 - 玫瑰花茶.mp3
[2021-11-17 17:38:08][1388][INFO]Convert file: freq: 12000, mode: 1, bps: 24, fd: 24.000000, name: J:\音乐\赵晨唏 - 玫瑰花茶.mp3
[2021-11-17 17:38:16][1804][INFO]Convert file: freq: 32000, mode: 1, bps: 320, fd: 12.000000, name: J:\音乐\赵晨唏 - 玫瑰花茶.mp3
[2021-11-23 17:46:23][4292][INFO]Convert file: freq: 44100, mode: 1, bps: 64, fd: 26.122450, name: D:\UserData\Administrator\Desktop\Merry Christmas Mr Lawrence 1996.mp3
[2021-11-23 17:46:25][1632][INFO]Convert file: freq: 48000, mode: 1, bps: 192, fd: 8.000000, name: D:\UserData\Administrator\Desktop\Merry Christmas Mr Lawrence 1996.mp3
[2021-11-24 17:33:52][3912][INFO]Convert file: freq: 12000, mode: 0, bps: 112, fd: 36.000000, name: J:\音乐\2016 Billboard Masters - I Don't Wanna Live Forever (Fifty Shades Darker) - Tribute to Zayn Malik and Taylor Swift.mp3
[2021-11-24 17:33:55][344][INFO]Convert file: freq: 44100, mode: 0, bps: 112, fd: 36.000000, name: J:\音乐\2016 Billboard Masters - I Don't Wanna Live Forever (Fifty Shades Darker) - Tribute to Zayn Malik and Taylor Swift.mp3
[2021-11-24 17:34:03][3912][INFO]Convert file: freq: 24000, mode: 1, bps: 96, fd: 24.000000, name: J:\音乐\姜云升 - 你一定能够成为你想要去成为的人.mp3
[2021-11-24 17:34:15][344][INFO]Convert file: freq: 44100, mode: 1, bps: 192, fd: 8.707483, name: J:\音乐\姜云升 - 你一定能够成为你想要去成为的人.mp3
[2021-11-24 17:34:37][3912][INFO]Convert file: freq: 24000, mode: 1, bps: 96, fd: 24.000000, name: J:\音乐\姜云升 - 你一定能够成为你想要去成为的人.mp3
[2021-11-24 17:34:44][3912][INFO]Convert file: freq: 12000, mode: 0, bps: 112, fd: 36.000000, name: J:\音乐\2016 Billboard Masters - I Don't Wanna Live Forever (Fifty Shades Darker) - Tribute to Zayn Malik and Taylor Swift.mp3
[2021-11-24 17:34:58][3912][INFO]Convert file: freq: 32000, mode: 1, bps: 96, fd: 36.000000, name: J:\音乐\姜云升 - 淹没.mp3
[2021-11-24 17:35:01][344][INFO]Convert file: freq: 32000, mode: 1, bps: 32, fd: 12.000000, name: J:\音乐\姜云升 - 淹没.mp3
[2021-11-24 17:35:14][3912][INFO]Convert file: freq: 32000, mode: 1, bps: 96, fd: 36.000000, name: J:\音乐\姜云升 - 淹没.mp3
[2021-11-24 17:35:21][3912][INFO]Convert file: freq: 32000, mode: 1, bps: 96, fd: 36.000000, name: J:\音乐\姜云升 - 淹没.mp3
[2021-11-24 17:35:27][344][INFO]Convert file: freq: 32000, mode: 1, bps: 32, fd: 12.000000, name: J:\音乐\姜云升 - 淹没.mp3
[2021-11-24 17:35:27][344][INFO]Convert file: freq: 32000, mode: 1, bps: 32, fd: 12.000000, name: J:\音乐\姜云升 - 淹没.mp3
[2021-11-24 17:35:32][3912][INFO]Convert file: freq: 32000, mode: 1, bps: 96, fd: 36.000000, name: J:\音乐\姜云升 - 淹没.mp3
[2021-11-25 17:34:43][3152][INFO]Convert file: freq: 44100, mode: 1, bps: 64, fd: 26.122450, name: D:\UserData\Administrator\Desktop\Merry Christmas Mr Lawrence 1996.mp3
[2021-11-25 17:34:56][1784][INFO]Convert file: freq: 48000, mode: 1, bps: 192, fd: 8.000000, name: D:\UserData\Administrator\Desktop\Merry Christmas Mr Lawrence 1996.mp3
[2021-11-30 15:57:36][3044][INFO]Convert file: freq: 48000, mode: 1, bps: 96, fd: 24.000000, name: J:\luojing\永爱 张星特.mp3
[2021-11-30 15:57:39][3244][INFO]Convert file: freq: 44100, mode: 0, bps: 448, fd: 8.707483, name: J:\luojing\永爱 张星特.mp3
[2021-11-30 16:00:21][3044][INFO]Convert file: freq: 12000, mode: 1, bps: 112, fd: 24.000000, name: D:\UserData\Administrator\Desktop\1109\奇然 沈谧仁 - 琵琶行.mp3
[2021-11-30 16:00:24][3100][INFO]Convert file: freq: 11025, mode: 0, bps: 128, fd: 8.707483, name: D:\UserData\Administrator\Desktop\1109\奇然 沈谧仁 - 琵琶行.mp3
[2021-11-30 16:07:04][3044][INFO]Convert file: freq: 11025, mode: 1, bps: 8, fd: 26.122450, name: D:\UserData\Administrator\Desktop\1109\音频怪物 - 琴师.mp3
[2021-11-30 16:07:08][3588][INFO]Convert file: freq: 24000, mode: 1, bps: 112, fd: 8.000000, name: D:\UserData\Administrator\Desktop\1109\音频怪物 - 琴师.mp3
[2021-11-30 16:08:49][3044][INFO]Convert file: freq: 12000, mode: 1, bps: 96, fd: 24.000000, name: D:\UserData\Administrator\Desktop\1109\Sihan 银临 - 偏偏.mp3
[2021-11-30 16:08:51][3588][INFO]Convert file: freq: 48000, mode: 1, bps: 224, fd: 24.000000, name: D:\UserData\Administrator\Desktop\1109\Sihan 银临 - 偏偏.mp3
[2021-12-01 17:33:07][1228][INFO]Convert file: freq: 32000, mode: 1, bps: 256, fd: 36.000000, name: J:\音乐\莫文蔚,张洪量 - 广岛之恋.mp3
[2021-12-01 17:33:11][2724][INFO]Convert file: freq: 44100, mode: 1, bps: 96, fd: 8.707483, name: J:\音乐\莫文蔚,张洪量 - 广岛之恋.mp3
[2021-12-01 17:33:35][1228][INFO]Convert file: freq: 32000, mode: 1, bps: 256, fd: 36.000000, name: J:\音乐\莫文蔚,张洪量 - 广岛之恋.mp3
[2021-12-01 17:33:36][2724][INFO]Convert file: freq: 44100, mode: 1, bps: 96, fd: 8.707483, name: J:\音乐\莫文蔚,张洪量 - 广岛之恋.mp3
[2021-12-02 17:47:21][2676][INFO]Convert file: freq: 48000, mode: 1, bps: 40, fd: 24.000000, name: D:\UserData\Administrator\Desktop\2020级广播站\20201103\华晨宇 - 好想爱这个世界啊.mp3
[2021-12-06 17:42:03][3836][INFO]Convert file: freq: 44100, mode: 1, bps: 224, fd: 26.122450, name: D:\UserData\Administrator\Desktop\SNH48林思意 - 如果有你在.mp3
[2021-12-06 17:42:06][552][INFO]Convert file: freq: 44100, mode: 1, bps: 256, fd: 8.707483, name: D:\UserData\Administrator\Desktop\SNH48林思意 - 如果有你在.mp3
[2021-12-06 17:42:31][3836][INFO]Convert file: freq: 44100, mode: 1, bps: 224, fd: 26.122450, name: D:\UserData\Administrator\Desktop\SNH48林思意 - 如果有你在.mp3
[2021-12-07 16:00:46][3640][INFO]Convert file: freq: 48000, mode: 1, bps: 96, fd: 24.000000, name: D:\UserData\Administrator\Desktop\1109\永爱 张星特.mp3
[2021-12-07 16:00:47][3800][INFO]Convert file: freq: 44100, mode: 0, bps: 448, fd: 8.707483, name: D:\UserData\Administrator\Desktop\1109\永爱 张星特.mp3
[2021-12-07 16:03:11][3640][INFO]Convert file: freq: 48000, mode: 1, bps: 96, fd: 24.000000, name: D:\UserData\Administrator\Desktop\1109\永爱 张星特.mp3
[2021-12-08 17:35:26][280][INFO]Convert file: freq: 12000, mode: 0, bps: 112, fd: 36.000000, name: J:\音乐\2016 Billboard Masters - I Don't Wanna Live Forever (Fifty Shades Darker) - Tribute to Zayn Malik and Taylor Swift.mp3
[2021-12-09 16:44:05][2232][INFO]Convert file: freq: 48000, mode: 1, bps: 192, fd: 24.000000, name: J:\广播站用\暴躁的兔子 - 如果能忍住.mp3
[2021-12-09 16:44:08][3568][INFO]Convert file: freq: 44100, mode: 1, bps: 256, fd: 8.707483, name: J:\广播站用\暴躁的兔子 - 如果能忍住.mp3
[2021-12-09 17:51:56][2352][INFO]Convert file: freq: 8000, mode: 1, bps: 56, fd: 36.000000, name: D:\UserData\Administrator\Desktop\2020级广播站\2020.10.19\奇然,沈谧仁,等什么君 - 百战成诗 2燃情版（全英雄台词）.mp3
[2021-12-09 17:52:08][2352][INFO]Convert file: freq: 8000, mode: 1, bps: 56, fd: 36.000000, name: D:\UserData\Administrator\Desktop\2020级广播站\2020.10.19\奇然,沈谧仁,等什么君 - 百战成诗 2燃情版（全英雄台词）.mp3
[2021-12-09 17:52:09][1620][INFO]Convert file: freq: 48000, mode: 1, bps: 128, fd: 8.000000, name: D:\UserData\Administrator\Desktop\2020级广播站\2020.10.19\奇然,沈谧仁,等什么君 - 百战成诗 2燃情版（全英雄台词）.mp3
[2021-12-16 17:31:25][3444][INFO]Convert file: freq: 32000, mode: 1, bps: 8, fd: 36.000000, name: J:\广播站用\周笔畅 - 大家一起喜羊羊.mp3
[2021-12-16 17:31:27][1528][INFO]Convert file: freq: 48000, mode: 1, bps: 64, fd: 8.000000, name: J:\广播站用\周笔畅 - 大家一起喜羊羊.mp3
[2021-12-23 16:52:10][3588][INFO]Convert file: freq: 24000, mode: 1, bps: 32, fd: 24.000000, name: J:\音乐\祖娅纳惜 - 孤勇者.mp3
[2021-12-23 16:52:13][216][INFO]Convert file: freq: 48000, mode: 1, bps: 192, fd: 8.000000, name: J:\音乐\祖娅纳惜 - 孤勇者.mp3
[2021-12-23 16:52:39][3588][INFO]Convert file: freq: 24000, mode: 1, bps: 32, fd: 24.000000, name: J:\音乐\祖娅纳惜 - 孤勇者.mp3
[2021-12-23 16:52:42][216][INFO]Convert file: freq: 48000, mode: 1, bps: 192, fd: 8.000000, name: J:\音乐\祖娅纳惜 - 孤勇者.mp3
[2021-12-23 16:52:52][3588][INFO]Convert file: freq: 24000, mode: 1, bps: 32, fd: 24.000000, name: J:\音乐\祖娅纳惜 - 孤勇者.mp3
[2021-12-23 17:26:17][3588][INFO]Convert file: freq: 44100, mode: 1, bps: 64, fd: 26.122450, name: J:\Merry Christmas Mr.Lawrence.mp3
[2021-12-23 17:26:22][216][INFO]Convert file: freq: 44100, mode: 1, bps: 32, fd: 8.707483, name: J:\Merry Christmas Mr.Lawrence.mp3
[2021-12-23 17:38:43][3588][INFO]Convert file: freq: 11025, mode: 1, bps: 8, fd: 26.122450, name: D:\UserData\Administrator\Desktop\2021级广播站\2021.9.26\薛之谦 - 一半.mp3
[2021-12-27 17:41:58][4032][INFO]Convert file: freq: 22050, mode: 1, bps: 40, fd: 26.122450, name: D:\UserData\Administrator\Desktop\2021级广播站\2021.12.27\林倛玉 - 同花顺.mp3
[2021-12-27 17:42:00][3420][INFO]Convert file: freq: 44100, mode: 1, bps: 128, fd: 8.707483, name: D:\UserData\Administrator\Desktop\2021级广播站\2021.12.27\林倛玉 - 同花顺.mp3
[2022-02-23 17:33:42][3740][INFO]Convert file: freq: 16000, mode: 1, bps: 16, fd: 26.122450, name: J:\音乐\mpi,Benjamin - Inferno.mp3
[2022-02-23 17:33:46][3796][INFO]Convert file: freq: 24000, mode: 1, bps: 8, fd: 24.000000, name: J:\音乐\mpi,Benjamin - Inferno.mp3
[2022-02-23 17:34:05][3740][INFO]Convert file: freq: 16000, mode: 1, bps: 16, fd: 36.000000, name: J:\音乐\蔡依林 - 玫瑰少年.mp3
[2022-02-23 17:34:08][3796][INFO]Convert file: freq: 32000, mode: 1, bps: 320, fd: 12.000000, name: J:\音乐\蔡依林 - 玫瑰少年.mp3
[2022-02-23 17:34:37][3740][INFO]Convert file: freq: 16000, mode: 1, bps: 16, fd: 26.122450, name: J:\音乐\mpi,Benjamin - Inferno.mp3
[2022-02-23 17:34:48][3740][INFO]Convert file: freq: 16000, mode: 1, bps: 16, fd: 36.000000, name: J:\音乐\蔡依林 - 玫瑰少年.mp3
[2022-02-23 17:35:15][3740][INFO]Convert file: freq: 16000, mode: 0, bps: 112, fd: 36.000000, name: J:\音乐\马也_Crabbit,Y.U - 造梦0520.mp3
[2022-02-23 17:35:18][3796][INFO]Convert file: freq: 44100, mode: 1, bps: 64, fd: 8.707483, name: J:\音乐\马也_Crabbit,Y.U - 造梦0520.mp3
[2022-02-23 17:35:56][3740][INFO]Convert file: freq: 16000, mode: 0, bps: 112, fd: 36.000000, name: J:\音乐\马也_Crabbit,Y.U - 造梦0520.mp3
[2022-02-24 16:49:42][5568][INFO]Convert file: freq: 16000, mode: 1, bps: 64, fd: 36.000000, name: J:\广播站用\柳爽 - 漠河舞厅·2022.mp3
[2022-02-24 16:49:45][5596][INFO]Convert file: freq: 44100, mode: 1, bps: 64, fd: 8.707483, name: J:\广播站用\柳爽 - 漠河舞厅·2022.mp3
[2022-10-27 17:24:44][1024][INFO]Convert file: freq: 44100, mode: 1, bps: 32, fd: 26.122450, name: D:\UserData\Administrator\Desktop\cool.mp3
[2022-10-27 17:24:45][4068][INFO]Convert file: freq: 48000, mode: 1, bps: 160, fd: 8.000000, name: D:\UserData\Administrator\Desktop\cool.mp3
[2022-10-27 17:25:37][1024][INFO]Convert file: freq: 44100, mode: 1, bps: 224, fd: 26.122450, name: D:\UserData\Administrator\Desktop\带你去找夜生活 (1).mp3
[2022-10-27 17:25:38][1220][INFO]Convert file: freq: 48000, mode: 1, bps: 160, fd: 8.000000, name: D:\UserData\Administrator\Desktop\带你去找夜生活 (1).mp3
[2022-10-27 17:26:43][1024][INFO]Convert file: freq: 44100, mode: 1, bps: 32, fd: 26.122450, name: J:\广播站\cool.mp3
[2022-10-27 17:26:45][2580][INFO]Convert file: freq: 48000, mode: 1, bps: 160, fd: 8.000000, name: J:\广播站\cool.mp3
[2022-10-27 17:27:04][1024][INFO]Convert file: freq: 44100, mode: 1, bps: 32, fd: 26.122450, name: J:\广播站\TFW.mp3
[2022-10-27 17:27:06][2960][INFO]Convert file: freq: 48000, mode: 1, bps: 160, fd: 8.000000, name: J:\广播站\TFW.mp3
[2022-10-27 17:27:18][2960][INFO]Convert file: freq: 48000, mode: 1, bps: 160, fd: 8.000000, name: J:\广播站\带你去找夜生活 (1).mp3
[2022-10-27 17:27:34][2960][INFO]Convert file: freq: 48000, mode: 1, bps: 160, fd: 8.000000, name: J:\广播站\恶梦.mp3
[2022-10-27 17:27:42][1024][INFO]Convert file: freq: 44100, mode: 1, bps: 32, fd: 26.122450, name: J:\广播站\拍立得爱.mp3
[2022-10-27 17:27:45][2960][INFO]Convert file: freq: 48000, mode: 1, bps: 160, fd: 8.000000, name: J:\广播站\拍立得爱.mp3
[2022-10-27 17:27:55][2960][INFO]Convert file: freq: 48000, mode: 1, bps: 64, fd: 24.000000, name: J:\广播站\鸽子.mp3
[2022-10-27 17:28:05][1024][INFO]Convert file: freq: 44100, mode: 1, bps: 224, fd: 26.122450, name: J:\广播站\带你去找夜生活 (1).mp3
[2022-10-27 17:28:09][2960][INFO]Convert file: freq: 48000, mode: 1, bps: 160, fd: 8.000000, name: J:\广播站\拍立得爱.mp3
[2022-11-02 17:43:08][3620][INFO]Convert file: freq: 48000, mode: 0, bps: 48, fd: 24.000000, name: J:\Sounds\音频怪物 - 琴师.mp3
[2022-11-03 16:20:37][2652][INFO]Convert file: freq: 44100, mode: 1, bps: 32, fd: 26.122450, name: D:\UserData\Administrator\Desktop\TFW.mp3
[2022-11-03 16:20:38][896][INFO]Convert file: freq: 48000, mode: 1, bps: 160, fd: 8.000000, name: D:\UserData\Administrator\Desktop\TFW.mp3
[2022-11-22 17:05:22][3568][INFO]Convert file: freq: 8000, mode: 1, bps: 160, fd: 36.000000, name: J:\11.15 广播站\11月22日广播站播音内容.mp3
[2022-11-22 17:05:23][3692][INFO]Convert file: freq: 22050, mode: 0, bps: 32, fd: 8.707483, name: J:\11.15 广播站\11月22日广播站播音内容.mp3
[2022-11-22 17:07:28][3568][INFO]Convert file: freq: 8000, mode: 1, bps: 160, fd: 36.000000, name: J:\11.15 广播站\11月22日广播站播音内容.mp3
[2022-11-22 17:07:33][3568][INFO]Convert file: freq: 8000, mode: 1, bps: 160, fd: 36.000000, name: J:\11.15 广播站\11月22日广播站播音内容.mp3
[2022-11-22 17:08:03][3660][INFO]Convert file: freq: 8000, mode: 1, bps: 160, fd: 36.000000, name: J:\11.15 广播站\11月22日广播站播音内容.mp3
[2022-11-22 17:09:09][3420][INFO]Convert file: freq: 8000, mode: 1, bps: 160, fd: 36.000000, name: D:\UserData\Administrator\Desktop\11月22日广播站播音内容.mp3
[2022-11-22 17:09:13][3132][INFO]Convert file: freq: 22050, mode: 0, bps: 32, fd: 8.707483, name: D:\UserData\Administrator\Desktop\11月22日广播站播音内容.mp3
[2022-11-22 17:11:45][3420][INFO]Convert file: freq: 8000, mode: 1, bps: 160, fd: 36.000000, name: D:\UserData\Administrator\Desktop\11月22日广播站播音内容.mp3
[2022-11-22 17:11:51][2204][INFO]Convert file: freq: 22050, mode: 0, bps: 32, fd: 8.707483, name: D:\UserData\Administrator\Desktop\11月22日广播站播音内容.mp3
[2022-11-22 17:12:28][3420][INFO]Convert file: freq: 8000, mode: 1, bps: 160, fd: 36.000000, name: D:\UserData\Administrator\Desktop\11月22日广播站播音内容.mp3
[2022-11-22 17:12:35][3420][INFO]Convert file: freq: 8000, mode: 1, bps: 160, fd: 36.000000, name: D:\UserData\Administrator\Desktop\11月22日广播站播音内容.mp3
[2022-11-22 17:12:56][3420][INFO]Convert file: freq: 8000, mode: 1, bps: 160, fd: 36.000000, name: D:\UserData\Administrator\Desktop\11月22日广播站播音内容.mp3
[2022-11-22 17:13:18][3420][INFO]Convert file: freq: 8000, mode: 1, bps: 160, fd: 36.000000, name: D:\UserData\Administrator\Desktop\11月22日广播站播音内容.mp3
[2022-11-22 17:14:32][3420][INFO]Convert file: freq: 8000, mode: 1, bps: 160, fd: 36.000000, name: J:\11.15 广播站\11月22日广播站播音内容.mp3
[2022-11-22 17:14:36][3420][INFO]Convert file: freq: 8000, mode: 1, bps: 160, fd: 36.000000, name: J:\11.15 广播站\11月22日广播站播音内容.mp3
[2022-11-22 17:16:19][3420][INFO]Convert file: freq: 8000, mode: 1, bps: 160, fd: 36.000000, name: J:\11.15 广播站\11月22日广播站播音内容.mp3
[2022-11-22 17:16:20][3368][INFO]Convert file: freq: 22050, mode: 0, bps: 32, fd: 8.707483, name: J:\11.15 广播站\11月22日广播站播音内容.mp3
[2022-11-22 17:17:13][3420][INFO]Convert file: freq: 8000, mode: 1, bps: 160, fd: 36.000000, name: J:\11.15 广播站\11月22日广播站播音内容.mp3
[2022-11-22 17:17:21][3420][INFO]Convert file: freq: 8000, mode: 1, bps: 160, fd: 36.000000, name: J:\11.15 广播站\11月22日广播站播音内容.mp3
[2022-11-22 17:17:37][3420][INFO]Convert file: freq: 8000, mode: 1, bps: 160, fd: 36.000000, name: J:\11.15 广播站\11月22日广播站播音内容.mp3
[2022-11-22 17:18:28][3420][INFO]Convert file: freq: 8000, mode: 1, bps: 160, fd: 36.000000, name: J:\11.15 广播站\11月22日广播站播音内容.mp3
[2022-11-22 17:18:40][3420][INFO]Convert file: freq: 8000, mode: 1, bps: 160, fd: 36.000000, name: J:\11.15 广播站\11月22日广播站播音内容.mp3
[2022-11-22 17:19:29][3420][INFO]Convert file: freq: 8000, mode: 1, bps: 160, fd: 36.000000, name: J:\11.15 广播站\11月22日广播站播音内容.mp3
[2023-02-23 17:17:25][2876][INFO]Convert file: freq: 44100, mode: 1, bps: 32, fd: 26.122450, name: D:\UserData\Administrator\Desktop\TFW.mp3
[2023-02-23 17:17:49][2876][INFO]Convert file: freq: 44100, mode: 1, bps: 32, fd: 26.122450, name: D:\UserData\Administrator\Desktop\cool.mp3
[2023-02-23 17:17:50][3300][INFO]Convert file: freq: 48000, mode: 1, bps: 160, fd: 8.000000, name: D:\UserData\Administrator\Desktop\cool.mp3
[2023-02-23 17:26:36][2876][INFO]Convert file: freq: 44100, mode: 1, bps: 32, fd: 26.122450, name: J:\新建文件夹\Thursday‘s Child Has Far To Go.mp3
[2023-02-23 17:26:38][3896][INFO]Convert file: freq: 48000, mode: 1, bps: 160, fd: 8.000000, name: J:\新建文件夹\Thursday‘s Child Has Far To Go.mp3
[2023-02-23 17:31:43][2876][INFO]Convert file: freq: 48000, mode: 1, bps: 256, fd: 24.000000, name: J:\新建文件夹\我曾用向日葵花瓣形容你的眼睛.mp3
[2023-02-23 17:31:46][2604][INFO]Convert file: freq: 44100, mode: 1, bps: 32, fd: 8.707483, name: J:\新建文件夹\我曾用向日葵花瓣形容你的眼睛.mp3
[2023-02-23 17:32:00][2604][INFO]Convert file: freq: 44100, mode: 1, bps: 32, fd: 8.707483, name: J:\新建文件夹\我曾用向日葵花瓣形容你的眼睛.mp3
[2023-02-27 17:36:35][3272][INFO]Convert file: freq: 44100, mode: 1, bps: 224, fd: 26.122450, name: D:\UserData\Administrator\Desktop\阵雨.mp3
[2023-02-27 17:36:36][3372][INFO]Convert file: freq: 48000, mode: 1, bps: 160, fd: 8.000000, name: D:\UserData\Administrator\Desktop\阵雨.mp3
[2023-03-09 17:40:37][2340][INFO]Convert file: freq: 44100, mode: 1, bps: 32, fd: 26.122450, name: J:\新建文件夹\Thursday‘s Child Has Far To Go.mp3
[2023-03-16 17:31:19][2368][INFO]Convert file: freq: 44100, mode: 1, bps: 64, fd: 26.122450, name: D:\UserData\Administrator\Desktop\北极星（Never-Goodbye）_1.mp3
[2023-03-16 17:31:20][3224][INFO]Convert file: freq: 44100, mode: 1, bps: 64, fd: 26.122450, name: D:\UserData\Administrator\Desktop\北极星（Never-Goodbye）_1.mp3
[2023-03-16 17:31:51][2368][INFO]Convert file: freq: 44100, mode: 1, bps: 64, fd: 26.122450, name: D:\UserData\Administrator\Desktop\北极星（Never-Goodbye）_1.mp3
[2023-03-20 17:37:51][3660][INFO]Convert file: freq: 48000, mode: 0, bps: 128, fd: 24.000000, name: D:\UserData\Administrator\Desktop\第五期\G2er - 笑红尘.mp3
[2023-03-20 17:38:00][2844][INFO]Convert file: freq: 44100, mode: 1, bps: 32, fd: 8.707483, name: D:\UserData\Administrator\Desktop\第五期\G2er - 笑红尘.mp3
[2023-03-20 17:38:31][3660][INFO]Convert file: freq: 48000, mode: 0, bps: 128, fd: 24.000000, name: D:\UserData\Administrator\Desktop\第五期\G2er - 笑红尘.mp3
[2023-03-20 17:38:42][3660][INFO]Convert file: freq: 48000, mode: 0, bps: 128, fd: 24.000000, name: D:\UserData\Administrator\Desktop\第五期\G2er - 笑红尘.mp3
[2023-03-26 17:34:31][1968][INFO]Convert file: freq: 44100, mode: 1, bps: 224, fd: 26.122450, name: D:\UserData\Administrator\Desktop\阵雨.mp3
[2023-04-05 17:45:29][2816][INFO]Convert file: freq: 16000, mode: 1, bps: 64, fd: 36.000000, name: J:\见夏如晤.mp3
[2023-04-05 17:45:31][4040][INFO]Convert file: freq: 44100, mode: 1, bps: 416, fd: 8.707483, name: J:\见夏如晤.mp3
[2023-04-05 17:46:52][2816][INFO]Convert file: freq: 32000, mode: 0, bps: 224, fd: 36.000000, name: J:\BTS (防弹少年团) - Black Swan.mp3
[2023-04-05 17:46:53][2816][INFO]Convert file: freq: 24000, mode: 1, bps: 160, fd: 24.000000, name: J:\City Of Stars (From -La La Land- Soundtrack).mp3
[2023-04-05 17:46:55][3144][INFO]Convert file: freq: 44100, mode: 1, bps: 128, fd: 8.707483, name: J:\BTS (防弹少年团) - Black Swan.mp3
[2023-04-05 17:47:44][2816][INFO]Convert file: freq: 16000, mode: 1, bps: 64, fd: 36.000000, name: J:\见夏如晤.mp3
[2023-04-05 17:48:15][2816][INFO]Convert file: freq: 32000, mode: 0, bps: 224, fd: 36.000000, name: J:\BTS (防弹少年团) - Black Swan.mp3
[2023-04-05 17:49:09][2816][INFO]Convert file: freq: 24000, mode: 1, bps: 160, fd: 24.000000, name: J:\City Of Stars (From -La La Land- Soundtrack).mp3
[2023-04-05 17:49:11][3584][INFO]Convert file: freq: 48000, mode: 0, bps: 384, fd: 8.000000, name: J:\City Of Stars (From -La La Land- Soundtrack).mp3
[2023-04-05 17:50:40][2816][INFO]Convert file: freq: 16000, mode: 1, bps: 64, fd: 36.000000, name: J:\见夏如晤.mp3
[2023-04-05 17:50:58][2816][INFO]Convert file: freq: 16000, mode: 1, bps: 64, fd: 36.000000, name: J:\见夏如晤.mp3
[2023-04-06 17:43:13][3916][INFO]Convert file: freq: 16000, mode: 1, bps: 128, fd: 36.000000, name: J:\于贞 - 她和她和她.mp3
[2023-04-06 17:43:16][116][INFO]Convert file: freq: 44100, mode: 1, bps: 128, fd: 8.707483, name: J:\于贞 - 她和她和她.mp3
[2023-04-18 17:24:07][2164][INFO]Convert file: freq: 12000, mode: 1, bps: 80, fd: 24.000000, name: J:\许嵩、何曼婷 - 素颜.mp3
[2023-04-18 17:24:09][2164][INFO]Convert file: freq: 24000, mode: 0, bps: 144, fd: 24.000000, name: J:\陈奕迅 - 富士山下.mp3
[2023-04-18 17:24:14][1984][INFO]Convert file: freq: 44100, mode: 1, bps: 64, fd: 8.707483, name: J:\许嵩、何曼婷 - 素颜.mp3
[2023-04-18 17:25:47][2164][INFO]Convert file: freq: 12000, mode: 0, bps: 128, fd: 24.000000, name: J:\陈奕迅 - 富士山下.mp3
[2023-04-18 17:25:48][1596][INFO]Convert file: freq: 48000, mode: 0, bps: 224, fd: 8.000000, name: J:\陈奕迅 - 富士山下.mp3
[2023-04-18 17:25:57][2164][INFO]Convert file: freq: 12000, mode: 1, bps: 80, fd: 24.000000, name: J:\许嵩、何曼婷 - 素颜.mp3
[2023-04-18 17:26:27][2164][INFO]Convert file: freq: 12000, mode: 0, bps: 128, fd: 24.000000, name: J:\陈奕迅 - 富士山下.mp3
[2023-04-20 17:31:50][1896][INFO]Convert file: freq: 8000, mode: 0, bps: 128, fd: 36.000000, name: J:\阿肆,郭采洁 - 世界上的另一个我.mp3
[2023-04-20 17:31:54][3764][INFO]Convert file: freq: 44100, mode: 1, bps: 96, fd: 8.707483, name: J:\阿肆,郭采洁 - 世界上的另一个我.mp3
[2023-04-20 17:32:07][3764][INFO]Convert file: freq: 44100, mode: 1, bps: 96, fd: 8.707483, name: J:\阿肆,郭采洁 - 世界上的另一个我.mp3
[2023-04-20 17:32:28][1896][INFO]Convert file: freq: 8000, mode: 0, bps: 128, fd: 36.000000, name: J:\阿肆,郭采洁 - 世界上的另一个我.mp3
[2023-05-11 17:42:29][3504][INFO]Convert file: freq: 32000, mode: 1, bps: 224, fd: 36.000000, name: J:\于文文 - 体面 (Live).mp3
[2023-05-11 17:42:33][2724][INFO]Convert file: freq: 44100, mode: 1, bps: 96, fd: 8.707483, name: J:\于文文 - 体面 (Live).mp3
[2023-05-11 17:43:27][3504][INFO]Convert file: freq: 32000, mode: 1, bps: 224, fd: 36.000000, name: J:\于文文 - 体面 (Live).mp3
[2023-05-11 17:43:42][3504][INFO]Convert file: freq: 32000, mode: 1, bps: 128, fd: 36.000000, name: J:\林俊杰 - 愿与愁.mp3
[2023-05-11 17:43:44][3632][INFO]Convert file: freq: 44100, mode: 1, bps: 96, fd: 8.707483, name: J:\林俊杰 - 愿与愁.mp3
[2023-05-11 17:44:30][3504][INFO]Convert file: freq: 16000, mode: 1, bps: 24, fd: 36.000000, name: J:\Vicky宣宣 - 这场青春值得骄傲.mp3
[2023-05-11 17:44:33][3632][INFO]Convert file: freq: 44100, mode: 1, bps: 96, fd: 8.707483, name: J:\Vicky宣宣 - 这场青春值得骄傲.mp3
[2023-05-11 18:07:04][3504][INFO]Convert file: freq: 32000, mode: 1, bps: 224, fd: 36.000000, name: J:\于文文 - 体面 (Live).mp3
[2023-05-16 17:59:20][2096][INFO]Convert file: freq: 32000, mode: 1, bps: 32, fd: 36.000000, name: J:\5.16播音内容\范进中举.mp3
[2023-05-16 17:59:23][4060][INFO]Convert file: freq: 48000, mode: 1, bps: 160, fd: 8.000000, name: J:\5.16播音内容\范进中举.mp3
[2023-05-16 17:59:53][4060][INFO]Convert file: freq: 32000, mode: 1, bps: 192, fd: 12.000000, name: J:\5.16播音内容\黄昏フロンティア、上海アリス幻樂団 - 有頂天変　～ Wonderful Heaven.mp3
[2023-05-16 18:05:37][2816][INFO]Convert file: freq: 24000, mode: 1, bps: 144, fd: 24.000000, name: J:\5.16播音内容\ENE - パズル (拼图).mp3
[2023-05-16 18:05:40][3480][INFO]Convert file: freq: 48000, mode: 1, bps: 224, fd: 8.000000, name: J:\5.16播音内容\ENE - パズル (拼图).mp3
[2023-05-23 17:46:53][3860][INFO]Convert file: freq: 48000, mode: 1, bps: 192, fd: 24.000000, name: J:\杨中校园电视台 有你有我广播站\Lauv、Ari Leff、Michael Matosic - I Like Me Better(1).mp3
[2023-05-23 17:46:57][3132][INFO]Convert file: freq: 32000, mode: 1, bps: 160, fd: 12.000000, name: J:\杨中校园电视台 有你有我广播站\Lauv、Ari Leff、Michael Matosic - I Like Me Better(1).mp3
[2023-05-23 17:47:07][3860][INFO]Convert file: freq: 48000, mode: 1, bps: 256, fd: 24.000000, name: J:\杨中校园电视台 有你有我广播站\01_-_Bohemian_Rhapsody_(Remastered_2011)[1].mp3
[2023-05-29 18:02:08][2404][INFO]Convert file: freq: 48000, mode: 1, bps: 56, fd: 26.122450, name: J:\5.29播音内容\赵雷 - 十九岁.mp3
[2023-05-29 18:02:11][1960][INFO]Convert file: freq: 44100, mode: 1, bps: 128, fd: 8.707483, name: J:\5.29播音内容\赵雷 - 十九岁.mp3
[2023-06-14 17:54:40][1640][INFO]Convert file: freq: 16000, mode: 1, bps: 64, fd: 36.000000, name: K:\Sounds\见夏如晤.mp3
[2023-06-25 17:31:28][4036][INFO]Convert file: freq: 32000, mode: 1, bps: 56, fd: 36.000000, name: J:\6.27\郭顶 - 水星记.mp3
[2023-06-25 17:31:36][2080][INFO]Convert file: freq: 48000, mode: 1, bps: 96, fd: 8.000000, name: J:\6.27\郭顶 - 水星记.mp3
[2023-07-12 17:07:04][3336][INFO]Convert file: freq: 22050, mode: 0, bps: 160, fd: 26.122450, name: D:\UserData\Administrator\Desktop\KugouMusic\ヨルシカ - ノーチラス (鹦鹉螺).mp3
[2023-07-12 17:07:07][3336][INFO]Convert file: freq: 11025, mode: 1, bps: 48, fd: 24.000000, name: D:\UserData\Administrator\Desktop\KugouMusic\鹿晗 - 我们的明天.mp3
[2023-07-12 17:07:08][2500][INFO]Convert file: freq: 32000, mode: 1, bps: 320, fd: 12.000000, name: D:\UserData\Administrator\Desktop\KugouMusic\ヨルシカ - ノーチラス (鹦鹉螺).mp3
[2023-07-12 17:07:16][2500][INFO]Convert file: freq: 44100, mode: 1, bps: 32, fd: 8.707483, name: D:\UserData\Administrator\Desktop\KugouMusic\鹿晗 - 我们的明天.mp3
[2023-09-05 17:32:00][752][INFO]Convert file: freq: 12000, mode: 0, bps: 128, fd: 24.000000, name: D:\UserData\Administrator\Documents\陈奕迅 - 富士山下.mp3
[2023-09-06 17:47:27][3492][INFO]Convert file: freq: 16000, mode: 1, bps: 96, fd: 36.000000, name: K:\新建文件夹\黄子弘凡 - 给你给她给他给我们的礼物.mp3
[2023-09-06 17:47:32][3992][INFO]Convert file: freq: 32000, mode: 1, bps: 416, fd: 12.000000, name: K:\新建文件夹\黄子弘凡 - 给你给她给他给我们的礼物.mp3
[2023-09-06 17:48:59][3492][INFO]Convert file: freq: 16000, mode: 1, bps: 96, fd: 36.000000, name: K:\新建文件夹\黄子弘凡 - 给你给她给他给我们的礼物.mp3
[2023-09-07 17:31:04][3268][INFO]Convert file: freq: 24000, mode: 1, bps: 40, fd: 24.000000, name: J:\新建文件夹\郭顶 - 凄美地.mp3
[2023-09-07 17:31:07][2760][INFO]Convert file: freq: 48000, mode: 1, bps: 384, fd: 8.000000, name: J:\新建文件夹\郭顶 - 凄美地.mp3
[2023-09-07 17:32:22][3268][INFO]Convert file: freq: 11025, mode: 1, bps: 24, fd: 26.122450, name: J:\新建文件夹\黄子弘凡 - 青火.mp3
[2023-09-07 17:32:23][2760][INFO]Convert file: freq: 44100, mode: 1, bps: 160, fd: 8.707483, name: J:\新建文件夹\黄子弘凡 - 青火.mp3
[2023-09-07 17:33:44][3268][INFO]Convert file: freq: 11025, mode: 1, bps: 24, fd: 26.122450, name: J:\新建文件夹\黄子弘凡 - 青火.mp3
[2023-09-12 17:00:38][3720][INFO]Convert file: freq: 48000, mode: 1, bps: 128, fd: 24.000000, name: E:\2019级广播站\你的二智bb - 赤伶.mp3
[2023-11-09 17:13:28][1868][INFO]Convert file: freq: 44100, mode: 0, bps: 128, fd: 26.122450, name: J:\广播\第四期播音.mp3
[2023-11-09 17:13:31][604][INFO]Convert file: freq: 44100, mode: 0, bps: 128, fd: 26.122450, name: J:\广播\第四期播音.mp3
[2023-11-30 17:18:00][2996][INFO]Convert file: freq: 44100, mode: 0, bps: 128, fd: 26.122450, name: J:\11.30\播音.mp3
[2023-11-30 17:18:02][2116][INFO]Convert file: freq: 44100, mode: 0, bps: 128, fd: 26.122450, name: J:\11.30\播音.mp3
[2023-12-13 17:43:46][2172][INFO]Convert file: freq: 11025, mode: 0, bps: 24, fd: 26.122450, name: J:\音乐\Rise-Jonas blue.mp3
[2023-12-13 17:43:51][1004][INFO]Convert file: freq: 48000, mode: 1, bps: 128, fd: 24.000000, name: J:\音乐\Rise-Jonas blue.mp3
[2023-12-14 17:42:18][3252][INFO]Convert file: freq: 44100, mode: 0, bps: 128, fd: 26.122450, name: J:\周四广播\12.14\播音.mp3
[2023-12-14 17:42:19][2176][INFO]Convert file: freq: 44100, mode: 0, bps: 128, fd: 26.122450, name: J:\周四广播\12.14\播音.mp3
[2024-01-02 17:13:50][1724][INFO]Convert file: freq: 11025, mode: 1, bps: 8, fd: 26.122450, name: D:\UserData\Administrator\Desktop\广播站历届\2021级广播站\2021.9.26\薛之谦 - 一半.mp3
[2024-01-02 17:13:56][1168][INFO]Convert file: freq: 48000, mode: 1, bps: 384, fd: 24.000000, name: D:\UserData\Administrator\Desktop\广播站历届\2021级广播站\2021.9.26\薛之谦 - 一半.mp3
[2024-01-03 17:52:04][1728][INFO]Convert file: freq: 11025, mode: 0, bps: 24, fd: 26.122450, name: J:\音乐\Rise-Jonas blue.mp3
[2024-01-18 17:06:40][2412][INFO]Convert file: freq: 44100, mode: 0, bps: 128, fd: 26.122450, name: J:\广播\播音-20240107140957.mp3
[2024-01-18 17:06:42][1140][INFO]Convert file: freq: 44100, mode: 0, bps: 128, fd: 26.122450, name: J:\广播\播音-20240107140957.mp3
[2024-03-06 17:56:19][3568][INFO]Convert file: freq: 12000, mode: 0, bps: 128, fd: 24.000000, name: D:\UserData\Administrator\Documents\陈奕迅 - 富士山下.mp3
[2024-03-06 17:56:50][3568][INFO]Convert file: freq: 12000, mode: 0, bps: 128, fd: 24.000000, name: D:\UserData\Administrator\Documents\陈奕迅 - 富士山下.mp3
[2024-03-06 17:56:51][3372][INFO]Convert file: freq: 48000, mode: 0, bps: 224, fd: 8.000000, name: D:\UserData\Administrator\Documents\陈奕迅 - 富士山下.mp3
[2024-03-06 17:57:31][3372][INFO]Convert file: freq: 48000, mode: 0, bps: 224, fd: 8.000000, name: D:\UserData\Administrator\Documents\陈奕迅 - 富士山下.mp3
[2024-03-07 17:14:44][2224][INFO]Convert file: freq: 44100, mode: 0, bps: 128, fd: 26.122450, name: J:\周四广播\3.7\播音.mp3
[2024-03-07 17:14:45][3064][INFO]Convert file: freq: 44100, mode: 0, bps: 128, fd: 26.122450, name: J:\周四广播\3.7\播音.mp3
[2024-03-12 17:23:17][3692][INFO]Convert file: freq: 44100, mode: 0, bps: 128, fd: 26.122450, name: J:\3.12播音音频.mp3
[2024-03-12 17:23:20][3312][INFO]Convert file: freq: 44100, mode: 0, bps: 128, fd: 26.122450, name: J:\3.12播音音频.mp3
[2024-03-12 17:23:37][3692][INFO]Convert file: freq: 44100, mode: 0, bps: 128, fd: 26.122450, name: J:\3.12播音音频.mp3
[2024-04-18 17:18:43][2288][INFO]Convert file: freq: 44100, mode: 1, bps: 96, fd: 26.122450, name: J:\周四广播\运动会最终\烟火 - 邓典,kattie凯欣.mp3
[2024-04-18 17:18:46][3212][INFO]Convert file: freq: 44100, mode: 1, bps: 96, fd: 8.707483, name: J:\周四广播\运动会最终\烟火 - 邓典,kattie凯欣.mp3
[2024-04-18 17:19:25][2288][INFO]Convert file: freq: 8000, mode: 1, bps: 16, fd: 36.000000, name: J:\周四广播\运动会最终\白石溪 - 乐正绫,Soda纯白,洛天依Official.mp3
[2024-04-18 17:19:35][2288][INFO]Convert file: freq: 8000, mode: 1, bps: 16, fd: 36.000000, name: J:\周四广播\运动会最终\白石溪 - 乐正绫,Soda纯白,洛天依Official.mp3
[2024-04-18 17:19:39][3692][INFO]Convert file: freq: 44100, mode: 1, bps: 160, fd: 8.707483, name: J:\周四广播\运动会最终\白石溪 - 乐正绫,Soda纯白,洛天依Official.mp3
[2024-04-18 17:19:55][2288][INFO]Convert file: freq: 24000, mode: 1, bps: 80, fd: 24.000000, name: J:\周四广播\运动会最终\【蝶太&砂纸】玫瑰少年 - 蝶太,砂纸大魔王.mp3
[2024-04-18 17:20:50][1760][INFO]Convert file: freq: 24000, mode: 1, bps: 80, fd: 24.000000, name: J:\周四广播\运动会最终\【蝶太&砂纸】玫瑰少年 - 蝶太,砂纸大魔王.mp3
[2024-04-18 17:20:57][1760][INFO]Convert file: freq: 8000, mode: 1, bps: 8, fd: 26.122450, name: J:\周四广播\运动会最终\Here's To Never Growing Up - Avril Lavigne.mp3
[2024-05-16 17:15:09][2820][INFO]Convert file: freq: 12000, mode: 1, bps: 64, fd: 24.000000, name: J:\蒸汽鸟报\山里灵活\知更鸟&HOYO-MiX&Chevy - 使一颗心免于哀伤 [mqms2].mp3
[2024-05-16 17:15:21][2852][INFO]Convert file: freq: 48000, mode: 1, bps: 416, fd: 8.000000, name: J:\蒸汽鸟报\山里灵活\知更鸟&HOYO-MiX&Chevy - 使一颗心免于哀伤 [mqms2].mp3
[2024-05-16 17:15:57][2820][INFO]Convert file: freq: 24000, mode: 1, bps: 48, fd: 24.000000, name: J:\蒸汽鸟报\山里灵活\知更鸟&HOYO-MiX&Chevy - 希望有羽毛和翅膀 [mqms2].mp3
[2024-05-16 17:16:07][2852][INFO]Convert file: freq: 48000, mode: 0, bps: 32, fd: 8.000000, name: J:\蒸汽鸟报\山里灵活\知更鸟&HOYO-MiX&Chevy - 希望有羽毛和翅膀 [mqms2].mp3
[2024-06-13 17:14:58][3500][INFO]Convert file: freq: 24000, mode: 0, bps: 112, fd: 24.000000, name: J:\蒸汽鸟报\惜寂\RADWIMPS - 大丈夫 (Movie edit).mp3
[2024-06-13 17:15:03][1840][INFO]Convert file: freq: 32000, mode: 1, bps: 352, fd: 12.000000, name: J:\蒸汽鸟报\惜寂\RADWIMPS - 大丈夫 (Movie edit).mp3
[2024-06-20 17:25:17][3572][INFO]Convert file: freq: 24000, mode: 0, bps: 112, fd: 24.000000, name: J:\蒸汽鸟报\惜寂\RADWIMPS - 風たちの声 (Movie edit).mp3
[2024-06-27 17:12:03][704][INFO]Convert file: freq: 8000, mode: 1, bps: 144, fd: 36.000000, name: J:\蒸汽鸟报\6.27\田鸿杰 - 诗情电影院.mp3
[2024-06-27 17:12:21][704][INFO]Convert file: freq: 24000, mode: 0, bps: 112, fd: 24.000000, name: J:\蒸汽鸟报\惜寂\RADWIMPS - 風たちの声 (Movie edit).mp3
[2024-10-23 17:34:33][2732][INFO]Convert file: freq: 48000, mode: 1, bps: 128, fd: 24.000000, name: J:\杨村一中有你有我广播站\10.23\RIIZE - One Kiss .mp3
[2024-10-23 17:34:37][2732][INFO]Convert file: freq: 44100, mode: 1, bps: 128, fd: 26.122450, name: J:\杨村一中有你有我广播站\10.23\S_H_E - 候鸟 .mp3
[2024-10-23 17:34:38][3964][INFO]Convert file: freq: 48000, mode: 1, bps: 128, fd: 24.000000, name: J:\杨村一中有你有我广播站\10.23\RIIZE - One Kiss .mp3
[2024-10-23 17:34:46][2732][INFO]Convert file: freq: 48000, mode: 1, bps: 128, fd: 24.000000, name: J:\杨村一中有你有我广播站\10.23\周延英（英子-effie}.mp3
[2024-10-24 16:59:07][3824][INFO]Convert file: freq: 24000, mode: 0, bps: 160, fd: 24.000000, name: J:\蒸汽鸟报\10.24\Lana Del Rey - Young And Beautiful.mp3
[2024-10-24 16:59:15][3664][INFO]Convert file: freq: 44100, mode: 0, bps: 384, fd: 8.707483, name: J:\蒸汽鸟报\10.24\Lana Del Rey - Young And Beautiful.mp3
[2024-10-24 16:59:18][3824][INFO]Convert file: freq: 24000, mode: 1, bps: 48, fd: 24.000000, name: J:\蒸汽鸟报\10.24\华晨宇 - 向阳而生.mp3
[2024-10-24 16:59:23][3824][INFO]Convert file: freq: 44100, mode: 0, bps: 80, fd: 26.122450, name: J:\蒸汽鸟报\10.24\林俊杰 - 新地球.mp3
[2024-10-24 16:59:53][3664][INFO]Convert file: freq: 24000, mode: 1, bps: 48, fd: 24.000000, name: J:\蒸汽鸟报\10.24\华晨宇 - 向阳而生.mp3
[2024-10-24 17:00:01][3664][INFO]Convert file: freq: 48000, mode: 1, bps: 160, fd: 24.000000, name: J:\蒸汽鸟报\10.24\林俊杰 - 新地球.mp3
[2024-10-24 17:03:48][3824][INFO]Convert file: freq: 44100, mode: 0, bps: 80, fd: 26.122450, name: J:\蒸汽鸟报\10.24\林俊杰 - 新地球.mp3
[2024-10-24 17:03:51][3824][INFO]Convert file: freq: 24000, mode: 1, bps: 48, fd: 24.000000, name: J:\蒸汽鸟报\10.24\华晨宇 - 向阳而生.mp3
[2024-10-24 17:03:57][3664][INFO]Convert file: freq: 24000, mode: 1, bps: 48, fd: 24.000000, name: J:\蒸汽鸟报\10.24\华晨宇 - 向阳而生.mp3
[2024-10-24 17:04:26][3664][INFO]Convert file: freq: 24000, mode: 1, bps: 48, fd: 24.000000, name: J:\蒸汽鸟报\10.24\华晨宇 - 向阳而生.mp3
[2024-10-24 17:04:32][3664][INFO]Convert file: freq: 48000, mode: 1, bps: 160, fd: 24.000000, name: J:\蒸汽鸟报\10.24\林俊杰 - 新地球.mp3
[2024-10-24 17:08:14][3824][INFO]Convert file: freq: 44100, mode: 0, bps: 80, fd: 26.122450, name: J:\蒸汽鸟报\10.24\林俊杰 - 新地球.mp3
[2024-10-24 17:08:32][3824][INFO]Convert file: freq: 44100, mode: 0, bps: 80, fd: 26.122450, name: J:\蒸汽鸟报\10.24\林俊杰 - 新地球.mp3
[2024-10-24 17:12:56][3824][INFO]Convert file: freq: 24000, mode: 0, bps: 160, fd: 24.000000, name: J:\蒸汽鸟报\10.24\Lana Del Rey - Young And Beautiful.mp3
[2024-10-24 17:12:59][4156][INFO]Convert file: freq: 44100, mode: 0, bps: 384, fd: 8.707483, name: J:\蒸汽鸟报\10.24\Lana Del Rey - Young And Beautiful.mp3
[2024-10-29 17:00:06][3464][INFO]Convert file: freq: 32000, mode: 1, bps: 256, fd: 36.000000, name: J:\2024.10.29\戒烟@李荣浩.mp3
[2024-10-29 17:00:13][3464][INFO]Convert file: freq: 12000, mode: 1, bps: 144, fd: 24.000000, name: J:\2024.10.29\不为谁而作的歌@林俊杰.mp3
[2024-10-29 17:00:14][1780][INFO]Convert file: freq: 44100, mode: 0, bps: 384, fd: 8.707483, name: J:\2024.10.29\戒烟@李荣浩.mp3
[2024-10-29 17:00:17][3464][INFO]Convert file: freq: 22050, mode: 0, bps: 80, fd: 26.122450, name: J:\2024.10.29\《晚安》-颜人中“曾经多少个牵肠拉扯不舍夜晚 到现在热情褪成陌路的感叹~”@遥远与晴music.mp3
[2024-10-29 17:00:20][1780][INFO]Convert file: freq: 48000, mode: 0, bps: 32, fd: 24.000000, name: J:\2024.10.29\不为谁而作的歌@林俊杰.mp3
[2024-10-29 17:00:21][1780][INFO]Convert file: freq: 44100, mode: 0, bps: 384, fd: 26.122450, name: J:\2024.10.29\《晚安》-颜人中“曾经多少个牵肠拉扯不舍夜晚 到现在热情褪成陌路的感叹~”@遥远与晴music.mp3
[2024-10-29 17:05:56][3464][INFO]Convert file: freq: 32000, mode: 1, bps: 56, fd: 36.000000, name: K:\ずっと真夜中でいいのにztmy\マイノリティ脈絡 (少数派脉络)@ずっと真夜中でいいのに。.mp3
[2024-10-31 17:01:37][3272][INFO]Convert file: freq: 11025, mode: 1, bps: 56, fd: 26.122450, name: J:\蒸汽鸟报\10.31\ChiliChill,洛天依Official - 灰色鹦鹉.mp3
[2024-10-31 17:01:41][3272][INFO]Convert file: freq: 22050, mode: 0, bps: 24, fd: 26.122450, name: J:\蒸汽鸟报\10.31\Juggernaut. - Memories.mp3
[2024-10-31 17:01:48][3272][INFO]Convert file: freq: 44100, mode: 1, bps: 40, fd: 26.122450, name: J:\蒸汽鸟报\10.31\菠萝赛东,Bo Peep - 如果.mp3
[2024-10-31 17:04:00][3272][INFO]Convert file: freq: 12000, mode: 1, bps: 112, fd: 24.000000, name: D:\UserData\Administrator\Desktop\Juggernaut. - Memories.mp3
[2024-10-31 17:04:11][3272][INFO]Convert file: freq: 12000, mode: 1, bps: 128, fd: 24.000000, name: D:\UserData\Administrator\Desktop\ChiliChill,洛天依Official - 灰色鹦鹉.mp3
[2024-10-31 17:04:46][3272][INFO]Convert file: freq: 12000, mode: 1, bps: 112, fd: 24.000000, name: D:\UserData\Administrator\Desktop\Juggernaut. - Memories.mp3
[2024-10-31 17:04:47][1756][INFO]Convert file: freq: 44100, mode: 1, bps: 384, fd: 26.122450, name: D:\UserData\Administrator\Desktop\Juggernaut. - Memories.mp3
[2024-10-31 17:05:22][3272][INFO]Convert file: freq: 12000, mode: 1, bps: 128, fd: 24.000000, name: D:\UserData\Administrator\Desktop\ChiliChill,洛天依Official - 灰色鹦鹉.mp3
[2024-10-31 17:05:23][1756][INFO]Convert file: freq: 24000, mode: 1, bps: 32, fd: 8.000000, name: D:\UserData\Administrator\Desktop\ChiliChill,洛天依Official - 灰色鹦鹉.mp3
[2024-10-31 17:06:59][3272][INFO]Convert file: freq: 32000, mode: 1, bps: 48, fd: 36.000000, name: J:\蒸汽鸟报\策策你好嘛\冷不丁放这个可以硬控夏姐.mp3
[2024-11-05 17:03:41][2544][INFO]Convert file: freq: 12000, mode: 1, bps: 128, fd: 24.000000, name: G:\FFOutput\ChiliChill,洛天依Official - 灰色鹦鹉.mp3
[2024-11-05 17:03:43][3280][INFO]Convert file: freq: 24000, mode: 1, bps: 32, fd: 8.000000, name: G:\FFOutput\ChiliChill,洛天依Official - 灰色鹦鹉.mp3
[2024-11-05 17:04:25][3280][INFO]Convert file: freq: 32000, mode: 0, bps: 64, fd: 36.000000, name: G:\FFOutput\wowaka,初音ミク - アンノウン?マザーグース.mp3
[2024-11-05 17:07:17][2544][INFO]Convert file: freq: 12000, mode: 1, bps: 128, fd: 24.000000, name: D:\UserData\Administrator\Desktop\ChiliChill,洛天依Official - 灰色鹦鹉.mp3
[2024-11-07 17:03:16][1952][INFO]Convert file: freq: 11025, mode: 1, bps: 8, fd: 26.122450, name: K:\ずっと真夜中でいいのにztmy\嘘じゃない (不是谎言)@ずっと真夜中でいいのに。.mp3
[2024-11-20 17:36:28][2700][INFO]Convert file: freq: 12000, mode: 0, bps: 128, fd: 24.000000, name: D:\UserData\Administrator\Desktop\1.mp3
[2024-11-20 17:36:30][1444][INFO]Convert file: freq: 44100, mode: 1, bps: 160, fd: 8.707483, name: D:\UserData\Administrator\Desktop\1.mp3
[2024-11-21 16:59:41][2000][INFO]Convert file: freq: 8000, mode: 0, bps: 56, fd: 36.000000, name: J:\11.21\回春丹 - 鲜花.mp3
[2024-11-21 16:59:44][3952][INFO]Convert file: freq: 44100, mode: 1, bps: 128, fd: 26.122450, name: J:\11.21\回春丹 - 鲜花.mp3
[2024-11-21 16:59:49][2000][INFO]Convert file: freq: 24000, mode: 1, bps: 64, fd: 24.000000, name: J:\11.21\五月天 - 步步.mp3
[2024-11-21 16:59:53][2000][INFO]Convert file: freq: 12000, mode: 1, bps: 96, fd: 24.000000, name: J:\11.21\杨丞琳 - 带我走.mp3
[2024-11-21 17:00:16][3952][INFO]Convert file: freq: 48000, mode: 1, bps: 416, fd: 8.000000, name: J:\11.21\五月天 - 步步.mp3
[2024-11-21 17:00:31][3952][INFO]Convert file: freq: 48000, mode: 1, bps: 96, fd: 8.000000, name: J:\11.21\杨丞琳 - 带我走.mp3
[2024-11-28 16:49:46][2348][INFO]Convert file: freq: 24000, mode: 1, bps: 64, fd: 24.000000, name: J:\11.21\五月天 - 步步.mp3
[2024-12-03 17:00:46][416][INFO]Convert file: freq: 24000, mode: 0, bps: 160, fd: 24.000000, name: J:\ずっと真夜中でいいのにztmy\正義@ずっと真夜中でいいのに。.mp3
[2024-12-05 16:53:40][3948][INFO]Convert file: freq: 48000, mode: 0, bps: 48, fd: 24.000000, name: J:\12.5\H△G - インタビュア.mp3
[2024-12-05 16:53:43][3948][INFO]Convert file: freq: 44100, mode: 1, bps: 64, fd: 26.122450, name: J:\12.5\方大同 - 每天每天.mp3
[2024-12-05 16:53:46][3948][INFO]Convert file: freq: 48000, mode: 0, bps: 48, fd: 24.000000, name: J:\12.5\H△G - インタビュア.mp3
[2024-12-05 16:53:50][3948][INFO]Convert file: freq: 44100, mode: 1, bps: 64, fd: 26.122450, name: J:\12.5\方大同 - 每天每天.mp3
[2024-12-05 16:53:53][3948][INFO]Convert file: freq: 12000, mode: 1, bps: 56, fd: 24.000000, name: J:\12.5\汪苏泷,张碧晨 - 命运 (Live版).mp3
[2024-12-05 16:53:53][1624][INFO]Convert file: freq: 48000, mode: 0, bps: 48, fd: 24.000000, name: J:\12.5\H△G - インタビュア.mp3
[2024-12-05 16:53:55][1624][INFO]Convert file: freq: 48000, mode: 1, bps: 448, fd: 8.000000, name: J:\12.5\方大同 - 每天每天.mp3
[2024-12-05 16:53:56][3948][INFO]Convert file: freq: 12000, mode: 1, bps: 56, fd: 24.000000, name: J:\12.5\汪苏泷,张碧晨 - 命运 (Live版).mp3
[2024-12-05 16:54:01][3948][INFO]Convert file: freq: 32000, mode: 1, bps: 224, fd: 36.000000, name: J:\12.5\五月天 - 干杯.mp3
[2024-12-05 16:54:08][1624][INFO]Convert file: freq: 8000, mode: 1, bps: 32, fd: 12.000000, name: J:\12.5\汪苏泷,张碧晨 - 命运 (Live版).mp3
[2024-12-05 16:54:33][1624][INFO]Convert file: freq: 8000, mode: 1, bps: 32, fd: 12.000000, name: J:\12.5\汪苏泷,张碧晨 - 命运 (Live版).mp3
[2024-12-05 16:54:33][1624][INFO]Convert file: freq: 48000, mode: 1, bps: 384, fd: 8.000000, name: J:\12.5\五月天 - 干杯.mp3
[2024-12-17 16:58:04][2612][INFO]Convert file: freq: 22050, mode: 0, bps: 144, fd: 26.122450, name: K:\到期末放的\周深 - 大鱼 (唱片版).mp3
[2024-12-17 16:58:10][2612][INFO]Convert file: freq: 22050, mode: 0, bps: 144, fd: 26.122450, name: K:\到期末放的\周深 - 大鱼 (唱片版).mp3
[2024-12-17 16:58:18][3992][INFO]Convert file: freq: 48000, mode: 1, bps: 448, fd: 8.000000, name: K:\到期末放的\周深 - 大鱼 (唱片版).mp3
[2024-12-17 16:59:12][2612][INFO]Convert file: freq: 48000, mode: 1, bps: 48, fd: 24.000000, name: K:\到期末放的\时代少年团 - 无尽的冒险.mp3
[2024-12-18 17:32:59][2916][INFO]Convert file: freq: 32000, mode: 1, bps: 192, fd: 36.000000, name: D:\UserData\Administrator\Desktop\12.18\Akeboshi - Wind.mp3
[2024-12-18 17:33:01][660][INFO]Convert file: freq: 32000, mode: 1, bps: 352, fd: 12.000000, name: D:\UserData\Administrator\Desktop\12.18\Akeboshi - Wind.mp3
[2024-12-18 17:33:06][2916][INFO]Convert file: freq: 16000, mode: 1, bps: 96, fd: 36.000000, name: D:\UserData\Administrator\Desktop\12.18\ARForest - Hemisphere.mp3
[2024-12-18 17:33:08][660][INFO]Convert file: freq: 44100, mode: 1, bps: 160, fd: 8.707483, name: D:\UserData\Administrator\Desktop\12.18\ARForest - Hemisphere.mp3
[2024-12-18 17:33:14][2916][INFO]Convert file: freq: 16000, mode: 1, bps: 96, fd: 36.000000, name: D:\UserData\Administrator\Desktop\12.18\ARForest - Hemisphere.mp3
[2024-12-18 17:33:18][2916][INFO]Convert file: freq: 24000, mode: 0, bps: 80, fd: 24.000000, name: D:\UserData\Administrator\Desktop\12.18\G_E_M_ 邓紫棋 - 句号.mp3
[2024-12-18 17:33:20][660][INFO]Convert file: freq: 44100, mode: 0, bps: 224, fd: 8.707483, name: D:\UserData\Administrator\Desktop\12.18\G_E_M_ 邓紫棋 - 句号.mp3
[2024-12-18 17:33:23][2916][INFO]Convert file: freq: 16000, mode: 0, bps: 16, fd: 36.000000, name: D:\UserData\Administrator\Desktop\12.18\Various Artists - 世界彼岸 (Live).mp3
[2024-12-18 17:33:24][660][INFO]Convert file: freq: 44100, mode: 1, bps: 160, fd: 8.707483, name: D:\UserData\Administrator\Desktop\12.18\Various Artists - 世界彼岸 (Live).mp3
[2024-12-18 17:33:51][2916][INFO]Convert file: freq: 32000, mode: 1, bps: 192, fd: 36.000000, name: J:\杨村一中有你有我广播站\12.18\Akeboshi - Wind.mp3
[2024-12-18 17:34:17][2916][INFO]Convert file: freq: 16000, mode: 1, bps: 96, fd: 36.000000, name: D:\UserData\Administrator\Desktop\12.18\ARForest - Hemisphere.mp3
[2024-12-18 17:34:44][2916][INFO]Convert file: freq: 12000, mode: 0, bps: 128, fd: 24.000000, name: D:\UserData\Administrator\Desktop\1.mp3
[2024-12-24 16:53:36][3580][INFO]Convert file: freq: 48000, mode: 1, bps: 64, fd: 24.000000, name: J:\到期末放的\十个勤天 - 后陡门的夏.mp3
[2024-12-24 16:53:38][2804][INFO]Convert file: freq: 44100, mode: 1, bps: 128, fd: 8.707483, name: J:\到期末放的\十个勤天 - 后陡门的夏.mp3
[2024-12-24 16:53:51][3580][INFO]Convert file: freq: 48000, mode: 0, bps: 80, fd: 24.000000, name: J:\到期末放的\TFBOYS - 样 (YOUNG).mp3
[2024-12-24 16:54:05][2804][INFO]Convert file: freq: 48000, mode: 0, bps: 80, fd: 24.000000, name: J:\到期末放的\TFBOYS - 样 (YOUNG).mp3
[2024-12-25 17:36:52][3528][INFO]Convert file: freq: 32000, mode: 0, bps: 48, fd: 36.000000, name: D:\UserData\Administrator\Desktop\12.25\陈奕迅 - 落花流水.mp3
[2024-12-25 17:36:54][2012][INFO]Convert file: freq: 32000, mode: 1, bps: 128, fd: 12.000000, name: D:\UserData\Administrator\Desktop\12.25\陈奕迅 - 落花流水.mp3
[2025-01-07 16:57:30][3404][INFO]Convert file: freq: 48000, mode: 1, bps: 80, fd: 24.000000, name: J:\ずっと真夜中でいいのにztmy\花一匁@ずっと真夜中でいいのに。.mp3
[2025-01-07 16:57:38][2688][INFO]Convert file: freq: 32000, mode: 0, bps: 96, fd: 12.000000, name: J:\ずっと真夜中でいいのにztmy\花一匁@ずっと真夜中でいいのに。.mp3
[2025-01-09 17:15:51][3860][INFO]Convert file: freq: 44100, mode: 1, bps: 128, fd: 24.000000, name: K:\1.9\Taylor Swift - You Belong With Me.mp3
[2025-01-09 17:15:53][2284][INFO]Convert file: freq: 48000, mode: 0, bps: 288, fd: 8.000000, name: K:\1.9\Taylor Swift - You Belong With Me.mp3
[2025-01-09 17:17:24][3860][INFO]Convert file: freq: 48000, mode: 0, bps: 48, fd: 24.000000, name: K:\到期末放的\H△G - インタビュア.mp3
[2025-01-09 17:17:51][3860][INFO]Convert file: freq: 22050, mode: 0, bps: 16, fd: 26.122450, name: K:\到期末放的\黄龄,HOYO-MiX - TruE.mp3
[2025-01-09 17:17:52][2284][INFO]Convert file: freq: 48000, mode: 1, bps: 160, fd: 8.000000, name: K:\到期末放的\黄龄,HOYO-MiX - TruE.mp3
[2025-01-09 17:17:56][3860][INFO]Convert file: freq: 22050, mode: 0, bps: 16, fd: 26.122450, name: K:\到期末放的\黄龄,HOYO-MiX - TruE.mp3
[2025-01-09 17:18:12][2284][INFO]Convert file: freq: 48000, mode: 1, bps: 160, fd: 8.000000, name: K:\到期末放的\黄龄,HOYO-MiX - TruE.mp3
[2025-03-11 16:51:32][3792][INFO]Convert file: freq: 24000, mode: 1, bps: 40, fd: 26.122450, name: K:\广播\2025.3.11\bilibili@BV1pP4y1G7hU@【4K修复】张雨生《大海》好歌总是历久弥新，充满打动人心的力量！@同学们的音乐君.mp3
[2025-03-11 16:51:36][2324][INFO]Convert file: freq: 16000, mode: 0, bps: 160, fd: 12.000000, name: K:\广播\2025.3.11\bilibili@BV1pP4y1G7hU@【4K修复】张雨生《大海》好歌总是历久弥新，充满打动人心的力量！@同学们的音乐君.mp3
[2025-03-11 16:51:43][3792][INFO]Convert file: freq: 24000, mode: 1, bps: 40, fd: 26.122450, name: K:\广播\2025.3.11\bilibili@BV1pP4y1G7hU@【4K修复】张雨生《大海》好歌总是历久弥新，充满打动人心的力量！@同学们的音乐君.mp3
[2025-04-07 17:31:14][3716][INFO]Convert file: freq: 16000, mode: 0, bps: 64, fd: 36.000000, name: J:\广播成品一 (V0).mp3
[2025-04-07 17:31:19][2568][INFO]Convert file: freq: 16000, mode: 0, bps: 64, fd: 36.000000, name: J:\广播成品一 (V0).mp3
[2025-04-08 17:12:55][3196][INFO]Convert file: freq: 44100, mode: 1, bps: 320, fd: 26.122450, name: J:\ずっと真夜中でいいのにztmy\Dear Mr「F」@ずっと真夜中でいいのに。.mp3
[2025-04-08 17:13:01][3196][INFO]Convert file: freq: 24000, mode: 0, bps: 160, fd: 24.000000, name: J:\ずっと真夜中でいいのにztmy\正義@ずっと真夜中でいいのに。.mp3
[2025-04-08 17:13:30][3196][INFO]Convert file: freq: 11025, mode: 1, bps: 24, fd: 26.122450, name: J:\ずっと真夜中でいいのにztmy\袖のキルト (袖中棉绒)@ずっと真夜中でいいのに。.mp3
[2025-04-09 17:30:19][2648][INFO]Convert file: freq: 12000, mode: 0, bps: 144, fd: 24.000000, name: J:\杨村一中有你有我广播站\2025.4.9\aespa - Spark (WINTER Solo).mp3
[2025-04-09 17:30:22][3908][INFO]Convert file: freq: 22050, mode: 1, bps: 96, fd: 8.707483, name: J:\杨村一中有你有我广播站\2025.4.9\aespa - Spark (WINTER Solo).mp3
[2025-04-09 17:31:02][2648][INFO]Convert file: freq: 12000, mode: 0, bps: 144, fd: 24.000000, name: J:\杨村一中有你有我广播站\2025.4.9\aespa - Spark (WINTER Solo).mp3
[2025-04-09 17:33:46][2648][INFO]Convert file: freq: 24000, mode: 0, bps: 112, fd: 24.000000, name: J:\杨村一中有你有我广播站\2025.4.9\aespa - Spark (WINTER Solo).mp3
[2025-04-09 17:33:47][1016][INFO]Convert file: freq: 32000, mode: 1, bps: 320, fd: 36.000000, name: J:\杨村一中有你有我广播站\2025.4.9\aespa - Spark (WINTER Solo).mp3
[2025-04-09 17:33:53][1016][INFO]Convert file: freq: 32000, mode: 1, bps: 320, fd: 36.000000, name: J:\杨村一中有你有我广播站\2025.4.9\aespa - Spark (WINTER Solo).mp3
[2025-04-10 17:00:23][3956][INFO]Convert file: freq: 8000, mode: 1, bps: 80, fd: 24.000000, name: K:\蒸汽鸟报\运动会最终\胡桃嗷 - 哦呼w.mp3
[2025-04-10 17:00:25][280][INFO]Convert file: freq: 44100, mode: 1, bps: 448, fd: 8.707483, name: K:\蒸汽鸟报\运动会最终\胡桃嗷 - 哦呼w.mp3
[2025-04-10 17:00:36][3956][INFO]Convert file: freq: 8000, mode: 1, bps: 16, fd: 36.000000, name: K:\蒸汽鸟报\运动会最终\白石溪 - 乐正绫,Soda纯白,洛天依Official.mp3
[2025-04-10 17:02:02][3956][INFO]Convert file: freq: 22050, mode: 1, bps: 80, fd: 26.122450, name: K:\运动会\陶喆 - 天天.mp3
[2025-04-10 17:02:04][280][INFO]Convert file: freq: 32000, mode: 0, bps: 80, fd: 36.000000, name: K:\运动会\陶喆 - 天天.mp3
[2025-05-29 17:09:53][2752][INFO]Convert file: freq: 48000, mode: 0, bps: 224, fd: 24.000000, name: D:\UserData\Administrator\Desktop\Akie秋绘 - 人間だった (曾生为人).mp3
[2025-05-29 17:09:55][4428][INFO]Convert file: freq: 48000, mode: 0, bps: 224, fd: 24.000000, name: D:\UserData\Administrator\Desktop\Akie秋绘 - 人間だった (曾生为人).mp3
[2025-05-29 17:10:03][2752][INFO]Convert file: freq: 8000, mode: 0, bps: 16, fd: 24.000000, name: D:\UserData\Administrator\Desktop\fripSide (フリップサイド) - LEVEL5 -judgelight-.mp3
[2025-05-29 17:10:04][4428][INFO]Convert file: freq: 12000, mode: 1, bps: 176, fd: 8.000000, name: D:\UserData\Administrator\Desktop\fripSide (フリップサイド) - LEVEL5 -judgelight-.mp3
[2025-05-29 17:10:13][2752][INFO]Convert file: freq: 44100, mode: 1, bps: 224, fd: 26.122450, name: D:\UserData\Administrator\Desktop\ヨルシカ (Yorushika) - 心に穴が空いた (心里的缺口)hires.mp3
[2025-05-29 17:10:14][4428][INFO]Convert file: freq: 44100, mode: 1, bps: 384, fd: 8.707483, name: D:\UserData\Administrator\Desktop\ヨルシカ (Yorushika) - 心に穴が空いた (心里的缺口)hires.mp3
[2025-05-29 17:10:21][2752][INFO]Convert file: freq: 44100, mode: 1, bps: 160, fd: 26.122450, name: D:\UserData\Administrator\Desktop\蔡明希（不才）,三体宇宙 - 夜航星 (Night Voyager).mp3
[2025-05-29 17:10:34][4428][INFO]Convert file: freq: 44100, mode: 1, bps: 160, fd: 26.122450, name: D:\UserData\Administrator\Desktop\蔡明希（不才）,三体宇宙 - 夜航星 (Night Voyager).mp3
[2025-06-19 17:18:23][3360][INFO]Convert file: freq: 11025, mode: 1, bps: 24, fd: 26.122450, name: J:\蒸汽鸟报\12.2\蔡明希（不才）,三体宇宙 - 夜航星 (Night Voyager).mp3
[2025-06-19 17:18:25][244][INFO]Convert file: freq: 48000, mode: 1, bps: 96, fd: 8.000000, name: J:\蒸汽鸟报\12.2\蔡明希（不才）,三体宇宙 - 夜航星 (Night Voyager).mp3
[2025-06-19 17:18:31][3360][INFO]Convert file: freq: 22050, mode: 0, bps: 16, fd: 26.122450, name: J:\蒸汽鸟报\12.2\黄龄,HOYO-MiX - TruE.mp3
[2025-06-19 17:18:49][244][INFO]Convert file: freq: 48000, mode: 1, bps: 160, fd: 8.000000, name: J:\蒸汽鸟报\12.2\黄龄,HOYO-MiX - TruE.mp3
[2025-09-15 17:30:32][2980][INFO]Convert file: freq: 8000, mode: 1, bps: 8, fd: 36.000000, name: J:\music\夏企\人间萤火-夏日入侵企画.mp3
[2025-09-15 17:30:36][892][INFO]Convert file: freq: 44100, mode: 1, bps: 128, fd: 26.122450, name: J:\music\夏企\人间萤火-夏日入侵企画.mp3
[2025-09-15 17:32:00][2980][INFO]Convert file: freq: 44100, mode: 0, bps: 80, fd: 26.122450, name: J:\music\夏企\极恶都市-夏日入侵企画.mp3
[2025-09-16 17:01:35][3492][INFO]Convert file: freq: 32000, mode: 1, bps: 48, fd: 36.000000, name: J:\music\夏企\扑水少年-夏日入侵企画.mp3
[2025-09-16 17:01:38][1788][INFO]Convert file: freq: 32000, mode: 0, bps: 384, fd: 12.000000, name: J:\music\夏企\扑水少年-夏日入侵企画.mp3
[2025-09-16 17:07:47][3492][INFO]Convert file: freq: 44100, mode: 0, bps: 80, fd: 26.122450, name: J:\music\夏企\极恶都市-夏日入侵企画.mp3
[2025-09-16 17:07:58][3520][INFO]Convert file: freq: 11025, mode: 1, bps: 64, fd: 26.122450, name: J:\music\夏企\极恶都市-夏日入侵企画.mp3
[2025-09-16 17:10:43][3492][INFO]Convert file: freq: 24000, mode: 0, bps: 80, fd: 24.000000, name: J:\杨村一中有你有我广播站\2024.12.18\G_E_M_ 邓紫棋 - 句号.mp3
[2025-11-05 17:34:59][3544][INFO]Convert file: freq: 48000, mode: 1, bps: 40, fd: 24.000000, name: D:\UserData\Administrator\Desktop\2025-11-05\1-前前前世 (movie ver.) - RADWIMPS.mp3
[2025-11-05 17:35:03][228][INFO]Convert file: freq: 44100, mode: 1, bps: 160, fd: 8.707483, name: D:\UserData\Administrator\Desktop\2025-11-05\1-前前前世 (movie ver.) - RADWIMPS.mp3
[2025-11-05 17:36:28][3544][INFO]Convert file: freq: 48000, mode: 1, bps: 40, fd: 24.000000, name: D:\UserData\Administrator\Desktop\2025-11-05\1-前前前世 (movie ver.) - RADWIMPS.mp3
[2026-03-18 17:36:03][3284][INFO]Convert file: freq: 48000, mode: 0, bps: 128, fd: 24.000000, name: D:\UserData\Administrator\Desktop\广播站历届\2025级广播站\2026-03-18\3-郁可唯 - 路过人间.mp3
[2026-03-18 17:36:05][3400][INFO]Convert file: freq: 44100, mode: 1, bps: 384, fd: 8.707483, name: D:\UserData\Administrator\Desktop\广播站历届\2025级广播站\2026-03-18\3-郁可唯 - 路过人间.mp3
[2026-04-13 17:29:41][3792][INFO]Convert file: freq: 8000, mode: 0, bps: 112, fd: 36.000000, name: J:\杨村一中有你有我广播站\运动会\9.万能青年旅店-杀死那个石家庄人.mp3
[2026-04-29 17:36:35][3348][INFO]Convert file: freq: 32000, mode: 0, bps: 112, fd: 36.000000, name: D:\UserData\Administrator\Desktop\广播站历届\2025级广播站\2026-04-29\5-张卫 - 战斗宣言.mp3
[2026-04-29 17:36:37][2904][INFO]Convert file: freq: 32000, mode: 1, bps: 32, fd: 12.000000, name: D:\UserData\Administrator\Desktop\广播站历届\2025级广播站\2026-04-29\5-张卫 - 战斗宣言.mp3
