[2013-10-22 09:51:23][164][INFO]service start running: service <C_Media>, exitcode <0>
[2013-10-22 09:51:23][164][INFO]service start running: service <C_Proxy>, exitcode <0>
[2013-10-22 09:51:23][164][INFO]service start running: service <C_Forwd>, exitcode <0>
[2013-10-22 09:51:23][164][INFO]service start running: service <C_RTime>, exitcode <0>
[2013-10-22 09:51:23][164][INFO]service start running: service <C_Task>, exitcode <0>
[2013-10-22 09:52:13][164][INFO]service stopped: service <C_RTime>, exitcode <0>
[2013-10-22 09:52:18][164][INFO]service start running: service <C_RTime>, exitcode <0>
[2013-10-22 09:57:38][2520][INFO]service start running: service <C_Media>, exitcode <0>
[2013-10-22 09:57:38][2520][INFO]service start running: service <C_Proxy>, exitcode <0>
[2013-10-22 09:57:38][2520][INFO]service start running: service <C_Forwd>, exitcode <0>
[2013-10-22 09:57:38][2520][INFO]service start running: service <C_RTime>, exitcode <0>
[2013-10-22 09:57:43][2520][INFO]service start running: service <C_Task>, exitcode <0>
[2013-10-24 15:37:40][2432][INFO]service start running: service <C_Media>, exitcode <0>
[2013-10-24 15:37:40][2432][INFO]service start running: service <C_Proxy>, exitcode <0>
[2013-10-24 15:37:40][2432][INFO]service start running: service <C_Forwd>, exitcode <0>
[2013-10-24 15:37:40][2432][INFO]service start running: service <C_RTime>, exitcode <0>
[2013-10-24 15:37:45][2432][INFO]service start running: service <C_Task>, exitcode <0>
[2013-11-01 16:22:10][2480][INFO]service start running: service <C_Media>, exitcode <0>
[2013-11-01 16:22:10][2480][INFO]service start running: service <C_Proxy>, exitcode <0>
[2013-11-01 16:22:10][2480][INFO]service start running: service <C_Forwd>, exitcode <0>
[2013-11-01 16:22:10][2480][INFO]service start running: service <C_RTime>, exitcode <0>
[2013-11-01 16:22:15][2480][INFO]service start running: service <C_Task>, exitcode <0>
[2013-11-07 08:43:22][2568][INFO]service start running: service <C_Media>, exitcode <0>
[2013-11-07 08:43:22][2568][INFO]service start running: service <C_Proxy>, exitcode <0>
[2013-11-07 08:43:22][2568][INFO]service start running: service <C_Forwd>, exitcode <0>
[2013-11-07 08:43:22][2568][INFO]service start running: service <C_RTime>, exitcode <0>
[2013-11-07 08:43:27][2568][INFO]service start running: service <C_Task>, exitcode <0>
[2013-11-20 10:06:47][2668][INFO]service start running: service <C_Media>, exitcode <0>
[2013-11-20 10:06:47][2668][INFO]service start running: service <C_Proxy>, exitcode <0>
[2013-11-20 10:06:47][2668][INFO]service start running: service <C_Forwd>, exitcode <0>
[2013-11-20 10:06:47][2668][INFO]service start running: service <C_RTime>, exitcode <0>
[2013-11-20 10:06:52][2668][INFO]service start running: service <C_Task>, exitcode <0>
[2013-11-20 16:01:02][2472][INFO]service start running: service <C_Media>, exitcode <0>
[2013-11-20 16:01:02][2472][INFO]service start running: service <C_Proxy>, exitcode <0>
[2013-11-20 16:01:02][2472][INFO]service start running: service <C_Forwd>, exitcode <0>
[2013-11-20 16:01:02][2472][INFO]service start running: service <C_RTime>, exitcode <0>
[2013-11-20 16:01:07][2472][INFO]service start running: service <C_Task>, exitcode <0>
[2013-11-20 16:56:28][2096][INFO]service start running: service <C_Media>, exitcode <0>
[2013-11-20 16:56:28][2096][INFO]service start running: service <C_Proxy>, exitcode <0>
[2013-11-20 16:56:28][2096][INFO]service start running: service <C_Forwd>, exitcode <0>
[2013-11-20 16:56:28][2096][INFO]service start running: service <C_RTime>, exitcode <0>
[2013-11-20 16:56:33][2096][INFO]service start running: service <C_Task>, exitcode <0>
[2013-11-21 13:21:25][2528][INFO]service start running: service <C_Media>, exitcode <0>
[2013-11-21 13:21:25][2528][INFO]service start running: service <C_Proxy>, exitcode <0>
[2013-11-21 13:21:25][2528][INFO]service start running: service <C_Forwd>, exitcode <0>
[2013-11-21 13:21:25][2528][INFO]service start running: service <C_RTime>, exitcode <0>
[2013-11-21 13:21:30][2528][INFO]service start running: service <C_Task>, exitcode <0>
[2013-11-21 17:31:38][2968][INFO]service start running: service <C_Media>, exitcode <0>
[2013-11-21 17:31:38][2968][INFO]service start running: service <C_Proxy>, exitcode <0>
[2013-11-21 17:31:38][2968][INFO]service start running: service <C_Forwd>, exitcode <0>
[2013-11-21 17:31:38][2968][INFO]service start running: service <C_RTime>, exitcode <0>
[2013-11-21 17:31:43][2968][INFO]service start running: service <C_Task>, exitcode <0>
[2013-11-22 15:53:25][2532][INFO]service start running: service <C_Media>, exitcode <0>
[2013-11-22 15:53:25][2532][INFO]service start running: service <C_Proxy>, exitcode <0>
[2013-11-22 15:53:25][2532][INFO]service start running: service <C_Forwd>, exitcode <0>
[2013-11-22 15:53:25][2532][INFO]service start running: service <C_RTime>, exitcode <0>
[2013-11-22 15:53:25][2532][INFO]service start running: service <C_Task>, exitcode <0>
[2013-11-22 17:31:08][2528][INFO]service start running: service <C_Media>, exitcode <0>
[2013-11-22 17:31:08][2528][INFO]service start running: service <C_Proxy>, exitcode <0>
[2013-11-22 17:31:08][2528][INFO]service start running: service <C_Forwd>, exitcode <0>
[2013-11-22 17:31:08][2528][INFO]service start running: service <C_RTime>, exitcode <0>
[2013-11-22 17:31:08][2528][INFO]service start running: service <C_Task>, exitcode <0>
[2013-11-23 12:52:09][2356][INFO]service start running: service <C_Media>, exitcode <0>
[2013-11-23 12:52:09][2356][INFO]service start running: service <C_Proxy>, exitcode <0>
[2013-11-23 12:52:09][2356][INFO]service start running: service <C_Forwd>, exitcode <0>
[2013-11-23 12:52:09][2356][INFO]service start running: service <C_RTime>, exitcode <0>
[2013-11-23 12:52:09][2356][INFO]service start running: service <C_Task>, exitcode <0>
[2013-11-23 17:31:07][2400][INFO]service start running: service <C_Media>, exitcode <0>
[2013-11-23 17:31:07][2400][INFO]service start running: service <C_Proxy>, exitcode <0>
[2013-11-23 17:31:07][2400][INFO]service start running: service <C_Forwd>, exitcode <0>
[2013-11-23 17:31:07][2400][INFO]service start running: service <C_RTime>, exitcode <0>
[2013-11-23 17:31:07][2400][INFO]service start running: service <C_Task>, exitcode <0>
[2013-11-24 09:46:27][2404][INFO]service start running: service <C_Media>, exitcode <0>
[2013-11-24 09:46:27][2404][INFO]service start running: service <C_Proxy>, exitcode <0>
[2013-11-24 09:46:27][2404][INFO]service start running: service <C_Forwd>, exitcode <0>
[2013-11-24 09:46:27][2404][INFO]service start running: service <C_RTime>, exitcode <0>
[2013-11-24 09:46:27][2404][INFO]service start running: service <C_Task>, exitcode <0>
[2013-11-24 13:06:06][2288][INFO]service start running: service <C_Media>, exitcode <0>
[2013-11-24 13:06:06][2288][INFO]service start running: service <C_Proxy>, exitcode <0>
[2013-11-24 13:06:06][2288][INFO]service start running: service <C_Forwd>, exitcode <0>
[2013-11-24 13:06:06][2288][INFO]service start running: service <C_RTime>, exitcode <0>
[2013-11-24 13:06:06][2288][INFO]service start running: service <C_Task>, exitcode <0>
[2013-11-24 16:25:37][2380][INFO]service start running: service <C_Media>, exitcode <0>
[2013-11-24 16:25:37][2380][INFO]service start running: service <C_Proxy>, exitcode <0>
[2013-11-24 16:25:37][2380][INFO]service start running: service <C_Forwd>, exitcode <0>
[2013-11-24 16:25:37][2380][INFO]service start running: service <C_RTime>, exitcode <0>
[2013-11-24 16:25:37][2380][INFO]service start running: service <C_Task>, exitcode <0>
[2013-11-24 17:30:37][2376][INFO]service start running: service <C_Media>, exitcode <0>
[2013-11-24 17:30:37][2376][INFO]service start running: service <C_Proxy>, exitcode <0>
[2013-11-24 17:30:37][2376][INFO]service start running: service <C_Forwd>, exitcode <0>
[2013-11-24 17:30:37][2376][INFO]service start running: service <C_RTime>, exitcode <0>
[2013-11-24 17:30:42][2376][INFO]service start running: service <C_Task>, exitcode <0>
[2013-11-25 16:39:07][2368][INFO]service start running: service <C_Media>, exitcode <0>
[2013-11-25 16:39:07][2368][INFO]service start running: service <C_Proxy>, exitcode <0>
[2013-11-25 16:39:07][2368][INFO]service start running: service <C_Forwd>, exitcode <0>
[2013-11-25 16:39:07][2368][INFO]service start running: service <C_RTime>, exitcode <0>
[2013-11-25 16:39:07][2368][INFO]service start running: service <C_Task>, exitcode <0>
[2013-11-25 17:57:40][2368][INFO]service start running: service <C_RTime>, exitcode <0>
[2013-11-26 09:37:58][2224][INFO]service start running: service <C_Media>, exitcode <0>
[2013-11-26 09:37:58][2224][INFO]service start running: service <C_Proxy>, exitcode <0>
[2013-11-26 09:37:58][2224][INFO]service start running: service <C_Forwd>, exitcode <0>
[2013-11-26 09:37:58][2224][INFO]service start running: service <C_RTime>, exitcode <0>
[2013-11-26 09:37:58][2224][INFO]service start running: service <C_Task>, exitcode <0>
[2013-11-26 17:32:04][916][INFO]service start running: service <C_Media>, exitcode <0>
[2013-11-26 17:32:04][916][INFO]service start running: service <C_Proxy>, exitcode <0>
[2013-11-26 17:32:04][916][INFO]service start running: service <C_Forwd>, exitcode <0>
[2013-11-26 17:32:04][916][INFO]service start running: service <C_RTime>, exitcode <0>
[2013-11-26 17:32:09][916][INFO]service start running: service <C_Task>, exitcode <0>
[2013-11-26 17:36:23][2244][INFO]service start running: service <C_Media>, exitcode <0>
[2013-11-26 17:36:23][2244][INFO]service start running: service <C_Proxy>, exitcode <0>
[2013-11-26 17:36:23][2244][INFO]service start running: service <C_Forwd>, exitcode <0>
[2013-11-26 17:36:23][2244][INFO]service start running: service <C_RTime>, exitcode <0>
[2013-11-26 17:36:28][2244][INFO]service start running: service <C_Task>, exitcode <0>
[2013-11-27 12:03:46][2256][INFO]service start running: service <C_Media>, exitcode <0>
[2013-11-27 12:03:46][2256][INFO]service start running: service <C_Proxy>, exitcode <0>
[2013-11-27 12:03:46][2256][INFO]service start running: service <C_Forwd>, exitcode <0>
[2013-11-27 12:03:46][2256][INFO]service start running: service <C_RTime>, exitcode <0>
[2013-11-27 12:03:46][2256][INFO]service start running: service <C_Task>, exitcode <0>
[2013-11-27 22:05:17][2276][INFO]service start running: service <C_Media>, exitcode <0>
[2013-11-27 22:05:17][2276][INFO]service start running: service <C_Proxy>, exitcode <0>
[2013-11-27 22:05:17][2276][INFO]service start running: service <C_Forwd>, exitcode <0>
[2013-11-27 22:05:17][2276][INFO]service start running: service <C_RTime>, exitcode <0>
[2013-11-27 22:05:22][2276][INFO]service start running: service <C_Task>, exitcode <0>
[2013-11-28 08:48:12][2420][INFO]service start running: service <C_Media>, exitcode <0>
[2013-11-28 08:48:12][2420][INFO]service start running: service <C_Proxy>, exitcode <0>
[2013-11-28 08:48:12][2420][INFO]service start running: service <C_Forwd>, exitcode <0>
[2013-11-28 08:48:12][2420][INFO]service start running: service <C_RTime>, exitcode <0>
[2013-11-28 08:48:17][2420][INFO]service start running: service <C_Task>, exitcode <0>
[2013-11-28 17:31:40][2428][INFO]service start running: service <C_Media>, exitcode <0>
[2013-11-28 17:31:40][2428][INFO]service start running: service <C_Proxy>, exitcode <0>
[2013-11-28 17:31:40][2428][INFO]service start running: service <C_Forwd>, exitcode <0>
[2013-11-28 17:31:40][2428][INFO]service start running: service <C_RTime>, exitcode <0>
[2013-11-28 17:31:40][2428][INFO]service start running: service <C_Task>, exitcode <0>
[2013-11-29 15:45:18][2452][INFO]service start running: service <C_Media>, exitcode <0>
[2013-11-29 15:45:18][2452][INFO]service start running: service <C_Proxy>, exitcode <0>
[2013-11-29 15:45:18][2452][INFO]service start running: service <C_Forwd>, exitcode <0>
[2013-11-29 15:45:18][2452][INFO]service start running: service <C_RTime>, exitcode <0>
[2013-11-29 15:45:18][2452][INFO]service start running: service <C_Task>, exitcode <0>
[2013-11-29 17:31:23][2392][INFO]service start running: service <C_Media>, exitcode <0>
[2013-11-29 17:31:23][2392][INFO]service start running: service <C_Proxy>, exitcode <0>
[2013-11-29 17:31:23][2392][INFO]service start running: service <C_Forwd>, exitcode <0>
[2013-11-29 17:31:23][2392][INFO]service start running: service <C_RTime>, exitcode <0>
[2013-11-29 17:31:23][2392][INFO]service start running: service <C_Task>, exitcode <0>
[2013-12-02 12:41:47][2416][INFO]service start running: service <C_Media>, exitcode <0>
[2013-12-02 12:41:47][2416][INFO]service start running: service <C_Proxy>, exitcode <0>
[2013-12-02 12:41:47][2416][INFO]service start running: service <C_Forwd>, exitcode <0>
[2013-12-02 12:41:47][2416][INFO]service start running: service <C_RTime>, exitcode <0>
[2013-12-02 12:41:47][2416][INFO]service start running: service <C_Task>, exitcode <0>
[2013-12-02 17:30:52][2276][INFO]service start running: service <C_Media>, exitcode <0>
[2013-12-02 17:30:52][2276][INFO]service start running: service <C_Proxy>, exitcode <0>
[2013-12-02 17:30:52][2276][INFO]service start running: service <C_Forwd>, exitcode <0>
[2013-12-02 17:30:52][2276][INFO]service start running: service <C_RTime>, exitcode <0>
[2013-12-02 17:30:52][2276][INFO]service start running: service <C_Task>, exitcode <0>
[2013-12-03 12:18:15][2168][INFO]service start running: service <C_Media>, exitcode <0>
[2013-12-03 12:18:15][2168][INFO]service start running: service <C_Proxy>, exitcode <0>
[2013-12-03 12:18:15][2168][INFO]service start running: service <C_Forwd>, exitcode <0>
[2013-12-03 12:18:15][2168][INFO]service start running: service <C_RTime>, exitcode <0>
[2013-12-03 12:18:20][2168][INFO]service start running: service <C_Task>, exitcode <0>
[2013-12-04 12:04:22][2248][INFO]service start running: service <C_Media>, exitcode <0>
[2013-12-04 12:04:22][2248][INFO]service start running: service <C_Proxy>, exitcode <0>
[2013-12-04 12:04:22][2248][INFO]service start running: service <C_Forwd>, exitcode <0>
[2013-12-04 12:04:22][2248][INFO]service start running: service <C_RTime>, exitcode <0>
[2013-12-04 12:04:27][2248][INFO]service start running: service <C_Task>, exitcode <0>
[2013-12-04 15:48:20][1832][INFO]service start running: service <C_Media>, exitcode <0>
[2013-12-04 15:48:20][1832][INFO]service start running: service <C_Proxy>, exitcode <0>
[2013-12-04 15:48:20][1832][INFO]service start running: service <C_Forwd>, exitcode <0>
[2013-12-04 15:48:20][1832][INFO]service start running: service <C_RTime>, exitcode <0>
[2013-12-04 15:48:25][1832][INFO]service start running: service <C_Task>, exitcode <0>
[2013-12-05 10:11:44][2184][INFO]service start running: service <C_Media>, exitcode <0>
[2013-12-05 10:11:44][2184][INFO]service start running: service <C_Proxy>, exitcode <0>
[2013-12-05 10:11:44][2184][INFO]service start running: service <C_Forwd>, exitcode <0>
[2013-12-05 10:11:44][2184][INFO]service start running: service <C_RTime>, exitcode <0>
[2013-12-05 10:11:49][2184][INFO]service start running: service <C_Task>, exitcode <0>
[2013-12-05 17:31:57][2164][INFO]service start running: service <C_Media>, exitcode <0>
[2013-12-05 17:31:57][2164][INFO]service start running: service <C_Proxy>, exitcode <0>
[2013-12-05 17:31:57][2164][INFO]service start running: service <C_Forwd>, exitcode <0>
[2013-12-05 17:31:57][2164][INFO]service start running: service <C_RTime>, exitcode <0>
[2013-12-05 17:32:02][2164][INFO]service start running: service <C_Task>, exitcode <0>
[2013-12-06 10:03:02][2160][INFO]service start running: service <C_Media>, exitcode <0>
[2013-12-06 10:03:02][2160][INFO]service start running: service <C_Proxy>, exitcode <0>
[2013-12-06 10:03:02][2160][INFO]service start running: service <C_Forwd>, exitcode <0>
[2013-12-06 10:03:02][2160][INFO]service start running: service <C_RTime>, exitcode <0>
[2013-12-06 10:03:07][2160][INFO]service start running: service <C_Task>, exitcode <0>
[2013-12-06 15:47:28][2144][INFO]service start running: service <C_Media>, exitcode <0>
[2013-12-06 15:47:28][2144][INFO]service start running: service <C_Proxy>, exitcode <0>
[2013-12-06 15:47:28][2144][INFO]service start running: service <C_Forwd>, exitcode <0>
[2013-12-06 15:47:28][2144][INFO]service start running: service <C_RTime>, exitcode <0>
[2013-12-06 15:47:33][2144][INFO]service start running: service <C_Task>, exitcode <0>
[2013-12-06 15:52:28][2136][INFO]service start running: service <C_Media>, exitcode <0>
[2013-12-06 15:52:28][2136][INFO]service start running: service <C_Proxy>, exitcode <0>
[2013-12-06 15:52:28][2136][INFO]service start running: service <C_Forwd>, exitcode <0>
[2013-12-06 15:52:28][2136][INFO]service start running: service <C_RTime>, exitcode <0>
[2013-12-06 15:52:33][2136][INFO]service start running: service <C_Task>, exitcode <0>
[2013-12-06 17:30:53][2392][INFO]service start running: service <C_Media>, exitcode <0>
[2013-12-06 17:30:53][2392][INFO]service start running: service <C_Proxy>, exitcode <0>
[2013-12-06 17:30:53][2392][INFO]service start running: service <C_Forwd>, exitcode <0>
[2013-12-06 17:30:53][2392][INFO]service start running: service <C_RTime>, exitcode <0>
[2013-12-06 17:30:58][2392][INFO]service start running: service <C_Task>, exitcode <0>
[2013-12-07 09:48:47][2348][INFO]service start running: service <C_Media>, exitcode <0>
[2013-12-07 09:48:47][2348][INFO]service start running: service <C_Proxy>, exitcode <0>
[2013-12-07 09:48:47][2348][INFO]service start running: service <C_Forwd>, exitcode <0>
[2013-12-07 09:48:47][2348][INFO]service start running: service <C_RTime>, exitcode <0>
[2013-12-07 09:48:52][2348][INFO]service start running: service <C_Task>, exitcode <0>
[2013-12-07 17:31:01][2352][INFO]service start running: service <C_Media>, exitcode <0>
[2013-12-07 17:31:01][2352][INFO]service start running: service <C_Proxy>, exitcode <0>
[2013-12-07 17:31:01][2352][INFO]service start running: service <C_Forwd>, exitcode <0>
[2013-12-07 17:31:01][2352][INFO]service start running: service <C_RTime>, exitcode <0>
[2013-12-07 17:31:06][2352][INFO]service start running: service <C_Task>, exitcode <0>
[2013-12-08 09:56:33][2396][INFO]service start running: service <C_Media>, exitcode <0>
[2013-12-08 09:56:33][2396][INFO]service start running: service <C_Proxy>, exitcode <0>
[2013-12-08 09:56:33][2396][INFO]service start running: service <C_Forwd>, exitcode <0>
[2013-12-08 09:56:33][2396][INFO]service start running: service <C_RTime>, exitcode <0>
[2013-12-08 09:56:38][2396][INFO]service start running: service <C_Task>, exitcode <0>
[2013-12-08 15:57:04][2404][INFO]service start running: service <C_Media>, exitcode <0>
[2013-12-08 15:57:04][2404][INFO]service start running: service <C_Proxy>, exitcode <0>
[2013-12-08 15:57:04][2404][INFO]service start running: service <C_Forwd>, exitcode <0>
[2013-12-08 15:57:04][2404][INFO]service start running: service <C_RTime>, exitcode <0>
[2013-12-08 15:57:09][2404][INFO]service start running: service <C_Task>, exitcode <0>
[2013-12-08 16:03:39][2396][INFO]service start running: service <C_Media>, exitcode <0>
[2013-12-08 16:03:39][2396][INFO]service start running: service <C_Proxy>, exitcode <0>
[2013-12-08 16:03:39][2396][INFO]service start running: service <C_Forwd>, exitcode <0>
[2013-12-08 16:03:39][2396][INFO]service start running: service <C_RTime>, exitcode <0>
[2013-12-08 16:03:44][2396][INFO]service start running: service <C_Task>, exitcode <0>
[2013-12-08 17:30:44][2396][INFO]service start running: service <C_Media>, exitcode <0>
[2013-12-08 17:30:44][2396][INFO]service start running: service <C_Proxy>, exitcode <0>
[2013-12-08 17:30:44][2396][INFO]service start running: service <C_Forwd>, exitcode <0>
[2013-12-08 17:30:44][2396][INFO]service start running: service <C_RTime>, exitcode <0>
[2013-12-08 17:30:49][2396][INFO]service start running: service <C_Task>, exitcode <0>
[2013-12-09 17:30:00][2392][INFO]service start running: service <C_Media>, exitcode <0>
[2013-12-09 17:30:00][2392][INFO]service start running: service <C_Proxy>, exitcode <0>
[2013-12-09 17:30:00][2392][INFO]service start running: service <C_Forwd>, exitcode <0>
[2013-12-09 17:30:00][2392][INFO]service start running: service <C_RTime>, exitcode <0>
[2013-12-09 17:30:05][2392][INFO]service start running: service <C_Task>, exitcode <0>
[2013-12-10 12:16:17][2412][INFO]service start running: service <C_Media>, exitcode <0>
[2013-12-10 12:16:17][2412][INFO]service start running: service <C_Proxy>, exitcode <0>
[2013-12-10 12:16:17][2412][INFO]service start running: service <C_Forwd>, exitcode <0>
[2013-12-10 12:16:17][2412][INFO]service start running: service <C_RTime>, exitcode <0>
[2013-12-10 12:16:22][2412][INFO]service start running: service <C_Task>, exitcode <0>
[2013-12-10 17:31:11][2428][INFO]service start running: service <C_Media>, exitcode <0>
[2013-12-10 17:31:11][2428][INFO]service start running: service <C_Proxy>, exitcode <0>
[2013-12-10 17:31:11][2428][INFO]service start running: service <C_Forwd>, exitcode <0>
[2013-12-10 17:31:11][2428][INFO]service start running: service <C_RTime>, exitcode <0>
[2013-12-10 17:31:16][2428][INFO]service start running: service <C_Task>, exitcode <0>
[2013-12-11 12:40:34][2412][INFO]service start running: service <C_Media>, exitcode <0>
[2013-12-11 12:40:34][2412][INFO]service start running: service <C_Proxy>, exitcode <0>
[2013-12-11 12:40:34][2412][INFO]service start running: service <C_Forwd>, exitcode <0>
[2013-12-11 12:40:34][2412][INFO]service start running: service <C_RTime>, exitcode <0>
[2013-12-11 12:40:39][2412][INFO]service start running: service <C_Task>, exitcode <0>
[2013-12-11 12:55:44][2432][INFO]service start running: service <C_Media>, exitcode <0>
[2013-12-11 12:55:44][2432][INFO]service start running: service <C_Proxy>, exitcode <0>
[2013-12-11 12:55:44][2432][INFO]service start running: service <C_Forwd>, exitcode <0>
[2013-12-11 12:55:44][2432][INFO]service start running: service <C_RTime>, exitcode <0>
[2013-12-11 12:55:49][2432][INFO]service start running: service <C_Task>, exitcode <0>
[2013-12-11 17:30:18][2444][INFO]service start running: service <C_Media>, exitcode <0>
[2013-12-11 17:30:18][2444][INFO]service start running: service <C_Proxy>, exitcode <0>
[2013-12-11 17:30:18][2444][INFO]service start running: service <C_Forwd>, exitcode <0>
[2013-12-11 17:30:18][2444][INFO]service start running: service <C_RTime>, exitcode <0>
[2013-12-11 17:30:23][2444][INFO]service start running: service <C_Task>, exitcode <0>
[2013-12-12 17:27:35][2444][INFO]service start running: service <C_Media>, exitcode <0>
[2013-12-12 17:27:35][2444][INFO]service start running: service <C_Proxy>, exitcode <0>
[2013-12-12 17:27:35][2444][INFO]service start running: service <C_Forwd>, exitcode <0>
[2013-12-12 17:27:35][2444][INFO]service start running: service <C_RTime>, exitcode <0>
[2013-12-12 17:27:40][2444][INFO]service start running: service <C_Task>, exitcode <0>
[2013-12-13 16:58:55][272][INFO]service start running: service <C_Media>, exitcode <0>
[2013-12-13 16:58:55][272][INFO]service start running: service <C_Proxy>, exitcode <0>
[2013-12-13 16:58:55][272][INFO]service start running: service <C_Forwd>, exitcode <0>
[2013-12-13 16:58:55][272][INFO]service start running: service <C_RTime>, exitcode <0>
[2013-12-13 16:59:00][272][INFO]service start running: service <C_Task>, exitcode <0>
[2013-12-16 11:59:15][2456][INFO]service start running: service <C_Media>, exitcode <0>
[2013-12-16 11:59:15][2456][INFO]service start running: service <C_Proxy>, exitcode <0>
[2013-12-16 11:59:15][2456][INFO]service start running: service <C_Forwd>, exitcode <0>
[2013-12-16 11:59:15][2456][INFO]service start running: service <C_RTime>, exitcode <0>
[2013-12-16 11:59:20][2456][INFO]service start running: service <C_Task>, exitcode <0>
[2013-12-16 17:27:31][2460][INFO]service start running: service <C_Media>, exitcode <0>
[2013-12-16 17:27:31][2460][INFO]service start running: service <C_Proxy>, exitcode <0>
[2013-12-16 17:27:31][2460][INFO]service start running: service <C_Forwd>, exitcode <0>
[2013-12-16 17:27:31][2460][INFO]service start running: service <C_RTime>, exitcode <0>
[2013-12-16 17:27:36][2460][INFO]service start running: service <C_Task>, exitcode <0>
[2013-12-17 17:28:17][2528][INFO]service start running: service <C_Media>, exitcode <0>
[2013-12-17 17:28:17][2528][INFO]service start running: service <C_Proxy>, exitcode <0>
[2013-12-17 17:28:17][2528][INFO]service start running: service <C_Forwd>, exitcode <0>
[2013-12-17 17:28:17][2528][INFO]service start running: service <C_RTime>, exitcode <0>
[2013-12-17 17:28:22][2528][INFO]service start running: service <C_Task>, exitcode <0>
[2013-12-18 12:11:11][2540][INFO]service start running: service <C_Media>, exitcode <0>
[2013-12-18 12:11:11][2540][INFO]service start running: service <C_Proxy>, exitcode <0>
[2013-12-18 12:11:11][2540][INFO]service start running: service <C_Forwd>, exitcode <0>
[2013-12-18 12:11:11][2540][INFO]service start running: service <C_RTime>, exitcode <0>
[2013-12-18 12:11:16][2540][INFO]service start running: service <C_Task>, exitcode <0>
[2013-12-18 17:27:23][2548][INFO]service start running: service <C_Media>, exitcode <0>
[2013-12-18 17:27:23][2548][INFO]service start running: service <C_Proxy>, exitcode <0>
[2013-12-18 17:27:23][2548][INFO]service start running: service <C_Forwd>, exitcode <0>
[2013-12-18 17:27:23][2548][INFO]service start running: service <C_RTime>, exitcode <0>
[2013-12-18 17:27:28][2548][INFO]service start running: service <C_Task>, exitcode <0>
[2013-12-19 09:40:54][2556][INFO]service start running: service <C_Media>, exitcode <0>
[2013-12-19 09:40:54][2556][INFO]service start running: service <C_Proxy>, exitcode <0>
[2013-12-19 09:40:54][2556][INFO]service start running: service <C_Forwd>, exitcode <0>
[2013-12-19 09:40:54][2556][INFO]service start running: service <C_RTime>, exitcode <0>
[2013-12-19 09:40:59][2556][INFO]service start running: service <C_Task>, exitcode <0>
[2013-12-19 17:28:06][2520][INFO]service start running: service <C_Media>, exitcode <0>
[2013-12-19 17:28:06][2520][INFO]service start running: service <C_Proxy>, exitcode <0>
[2013-12-19 17:28:06][2520][INFO]service start running: service <C_Forwd>, exitcode <0>
[2013-12-19 17:28:06][2520][INFO]service start running: service <C_RTime>, exitcode <0>
[2013-12-19 17:28:11][2520][INFO]service start running: service <C_Task>, exitcode <0>
[2013-12-20 09:54:19][2560][INFO]service start running: service <C_Media>, exitcode <0>
[2013-12-20 09:54:19][2560][INFO]service start running: service <C_Proxy>, exitcode <0>
[2013-12-20 09:54:19][2560][INFO]service start running: service <C_Forwd>, exitcode <0>
[2013-12-20 09:54:19][2560][INFO]service start running: service <C_RTime>, exitcode <0>
[2013-12-20 09:54:24][2560][INFO]service start running: service <C_Task>, exitcode <0>
[2013-12-20 17:28:00][2460][INFO]service start running: service <C_Media>, exitcode <0>
[2013-12-20 17:28:00][2460][INFO]service start running: service <C_Proxy>, exitcode <0>
[2013-12-20 17:28:00][2460][INFO]service start running: service <C_Forwd>, exitcode <0>
[2013-12-20 17:28:00][2460][INFO]service start running: service <C_RTime>, exitcode <0>
[2013-12-20 17:28:05][2460][INFO]service start running: service <C_Task>, exitcode <0>
[2013-12-22 16:58:34][2544][INFO]service start running: service <C_Media>, exitcode <0>
[2013-12-22 16:58:34][2544][INFO]service start running: service <C_Proxy>, exitcode <0>
[2013-12-22 16:58:34][2544][INFO]service start running: service <C_Forwd>, exitcode <0>
[2013-12-22 16:58:34][2544][INFO]service start running: service <C_RTime>, exitcode <0>
[2013-12-22 16:58:39][2544][INFO]service start running: service <C_Task>, exitcode <0>
[2013-12-23 09:45:52][2548][INFO]service start running: service <C_Media>, exitcode <0>
[2013-12-23 09:45:52][2548][INFO]service start running: service <C_Proxy>, exitcode <0>
[2013-12-23 09:45:52][2548][INFO]service start running: service <C_Forwd>, exitcode <0>
[2013-12-23 09:45:52][2548][INFO]service start running: service <C_RTime>, exitcode <0>
[2013-12-23 09:45:57][2548][INFO]service start running: service <C_Task>, exitcode <0>
[2013-12-23 17:42:32][2556][INFO]service start running: service <C_Media>, exitcode <0>
[2013-12-23 17:42:32][2556][INFO]service start running: service <C_Proxy>, exitcode <0>
[2013-12-23 17:42:32][2556][INFO]service start running: service <C_Forwd>, exitcode <0>
[2013-12-23 17:42:32][2556][INFO]service start running: service <C_RTime>, exitcode <0>
[2013-12-23 17:42:37][2556][INFO]service start running: service <C_Task>, exitcode <0>
[2013-12-24 09:52:58][2560][INFO]service start running: service <C_Media>, exitcode <0>
[2013-12-24 09:52:58][2560][INFO]service start running: service <C_Proxy>, exitcode <0>
[2013-12-24 09:52:58][2560][INFO]service start running: service <C_Forwd>, exitcode <0>
[2013-12-24 09:52:58][2560][INFO]service start running: service <C_RTime>, exitcode <0>
[2013-12-24 09:53:03][2560][INFO]service start running: service <C_Task>, exitcode <0>
[2013-12-24 12:04:41][2664][INFO]service start running: service <C_Media>, exitcode <0>
[2013-12-24 12:04:41][2664][INFO]service start running: service <C_Proxy>, exitcode <0>
[2013-12-24 12:04:41][2664][INFO]service start running: service <C_Forwd>, exitcode <0>
[2013-12-24 12:04:41][2664][INFO]service start running: service <C_RTime>, exitcode <0>
[2013-12-24 12:04:46][2664][INFO]service start running: service <C_Task>, exitcode <0>
[2013-12-24 12:17:32][2612][INFO]service start running: service <C_Media>, exitcode <0>
[2013-12-24 12:17:32][2612][INFO]service start running: service <C_Proxy>, exitcode <0>
[2013-12-24 12:17:32][2612][INFO]service start running: service <C_Forwd>, exitcode <0>
[2013-12-24 12:17:32][2612][INFO]service start running: service <C_RTime>, exitcode <0>
[2013-12-24 12:17:37][2612][INFO]service start running: service <C_Task>, exitcode <0>
[2013-12-24 17:32:55][2592][INFO]service start running: service <C_Media>, exitcode <0>
[2013-12-24 17:32:55][2592][INFO]service start running: service <C_Proxy>, exitcode <0>
[2013-12-24 17:32:55][2592][INFO]service start running: service <C_Forwd>, exitcode <0>
[2013-12-24 17:32:55][2592][INFO]service start running: service <C_RTime>, exitcode <0>
[2013-12-24 17:33:00][2592][INFO]service start running: service <C_Task>, exitcode <0>
[2013-12-24 18:16:38][2620][INFO]service start running: service <C_Media>, exitcode <0>
[2013-12-24 18:16:38][2620][INFO]service start running: service <C_Proxy>, exitcode <0>
[2013-12-24 18:16:38][2620][INFO]service start running: service <C_Forwd>, exitcode <0>
[2013-12-24 18:16:38][2620][INFO]service start running: service <C_RTime>, exitcode <0>
[2013-12-24 18:16:43][2620][INFO]service start running: service <C_Task>, exitcode <0>
[2013-12-25 10:02:11][2628][INFO]service start running: service <C_Media>, exitcode <0>
[2013-12-25 10:02:11][2628][INFO]service start running: service <C_Proxy>, exitcode <0>
[2013-12-25 10:02:11][2628][INFO]service start running: service <C_Forwd>, exitcode <0>
[2013-12-25 10:02:11][2628][INFO]service start running: service <C_RTime>, exitcode <0>
[2013-12-25 10:02:16][2628][INFO]service start running: service <C_Task>, exitcode <0>
[2013-12-26 10:01:42][2560][INFO]service start running: service <C_Media>, exitcode <0>
[2013-12-26 10:01:42][2560][INFO]service start running: service <C_Proxy>, exitcode <0>
[2013-12-26 10:01:42][2560][INFO]service start running: service <C_Forwd>, exitcode <0>
[2013-12-26 10:01:42][2560][INFO]service start running: service <C_RTime>, exitcode <0>
[2013-12-26 10:01:47][2560][INFO]service start running: service <C_Task>, exitcode <0>
[2013-12-26 17:32:27][2624][INFO]service start running: service <C_Media>, exitcode <0>
[2013-12-26 17:32:27][2624][INFO]service start running: service <C_Proxy>, exitcode <0>
[2013-12-26 17:32:27][2624][INFO]service start running: service <C_Forwd>, exitcode <0>
[2013-12-26 17:32:27][2624][INFO]service start running: service <C_RTime>, exitcode <0>
[2013-12-26 17:32:32][2624][INFO]service start running: service <C_Task>, exitcode <0>
[2013-12-27 12:38:27][2628][INFO]service start running: service <C_Media>, exitcode <0>
[2013-12-27 12:38:27][2628][INFO]service start running: service <C_Proxy>, exitcode <0>
[2013-12-27 12:38:27][2628][INFO]service start running: service <C_Forwd>, exitcode <0>
[2013-12-27 12:38:27][2628][INFO]service start running: service <C_RTime>, exitcode <0>
[2013-12-27 12:38:32][2628][INFO]service start running: service <C_Task>, exitcode <0>
[2014-01-02 09:46:14][2672][INFO]service start running: service <C_Media>, exitcode <0>
[2014-01-02 09:46:14][2672][INFO]service start running: service <C_Proxy>, exitcode <0>
[2014-01-02 09:46:14][2672][INFO]service start running: service <C_Forwd>, exitcode <0>
[2014-01-02 09:46:14][2672][INFO]service start running: service <C_RTime>, exitcode <0>
[2014-01-02 09:46:19][2672][INFO]service start running: service <C_Task>, exitcode <0>
[2014-01-02 17:32:45][2612][INFO]service start running: service <C_Media>, exitcode <0>
[2014-01-02 17:32:45][2612][INFO]service start running: service <C_Proxy>, exitcode <0>
[2014-01-02 17:32:45][2612][INFO]service start running: service <C_Forwd>, exitcode <0>
[2014-01-02 17:32:45][2612][INFO]service start running: service <C_RTime>, exitcode <0>
[2014-01-02 17:32:50][2612][INFO]service start running: service <C_Task>, exitcode <0>
[2014-01-03 16:20:02][2592][INFO]service start running: service <C_Media>, exitcode <0>
[2014-01-03 16:20:02][2592][INFO]service start running: service <C_Proxy>, exitcode <0>
[2014-01-03 16:20:02][2592][INFO]service start running: service <C_Forwd>, exitcode <0>
[2014-01-03 16:20:02][2592][INFO]service start running: service <C_RTime>, exitcode <0>
[2014-01-03 16:20:07][2592][INFO]service start running: service <C_Task>, exitcode <0>
[2014-01-04 17:32:43][2692][INFO]service start running: service <C_Media>, exitcode <0>
[2014-01-04 17:32:43][2692][INFO]service start running: service <C_Proxy>, exitcode <0>
[2014-01-04 17:32:43][2692][INFO]service start running: service <C_Forwd>, exitcode <0>
[2014-01-04 17:32:43][2692][INFO]service start running: service <C_RTime>, exitcode <0>
[2014-01-04 17:32:48][2692][INFO]service start running: service <C_Task>, exitcode <0>
[2014-01-05 09:46:15][2704][INFO]service start running: service <C_Media>, exitcode <0>
[2014-01-05 09:46:15][2704][INFO]service start running: service <C_Proxy>, exitcode <0>
[2014-01-05 09:46:15][2704][INFO]service start running: service <C_Forwd>, exitcode <0>
[2014-01-05 09:46:15][2704][INFO]service start running: service <C_RTime>, exitcode <0>
[2014-01-05 09:46:20][2704][INFO]service start running: service <C_Task>, exitcode <0>
[2014-01-05 17:37:30][2668][INFO]service start running: service <C_Media>, exitcode <0>
[2014-01-05 17:37:30][2668][INFO]service start running: service <C_Proxy>, exitcode <0>
[2014-01-05 17:37:30][2668][INFO]service start running: service <C_Forwd>, exitcode <0>
[2014-01-05 17:37:30][2668][INFO]service start running: service <C_RTime>, exitcode <0>
[2014-01-05 17:37:35][2668][INFO]service start running: service <C_Task>, exitcode <0>
[2014-01-06 12:01:48][2744][INFO]service start running: service <C_Media>, exitcode <0>
[2014-01-06 12:01:48][2744][INFO]service start running: service <C_Proxy>, exitcode <0>
[2014-01-06 12:01:48][2744][INFO]service start running: service <C_Forwd>, exitcode <0>
[2014-01-06 12:01:48][2744][INFO]service start running: service <C_RTime>, exitcode <0>
[2014-01-06 12:01:53][2744][INFO]service start running: service <C_Task>, exitcode <0>
[2014-01-06 16:40:16][2728][INFO]service start running: service <C_Media>, exitcode <0>
[2014-01-06 16:40:16][2728][INFO]service start running: service <C_Proxy>, exitcode <0>
[2014-01-06 16:40:16][2728][INFO]service start running: service <C_Forwd>, exitcode <0>
[2014-01-06 16:40:16][2728][INFO]service start running: service <C_RTime>, exitcode <0>
[2014-01-06 16:40:21][2728][INFO]service start running: service <C_Task>, exitcode <0>
[2014-01-06 20:51:28][2728][INFO]service start running: service <C_Media>, exitcode <0>
[2014-01-06 20:51:29][2728][INFO]service start running: service <C_Proxy>, exitcode <0>
[2014-01-06 20:51:29][2728][INFO]service start running: service <C_Forwd>, exitcode <0>
[2014-01-06 20:51:29][2728][INFO]service start running: service <C_RTime>, exitcode <0>
[2014-01-06 20:51:34][2728][INFO]service start running: service <C_Task>, exitcode <0>
[2014-01-07 09:56:31][2764][INFO]service start running: service <C_Media>, exitcode <0>
[2014-01-07 09:56:31][2764][INFO]service start running: service <C_Proxy>, exitcode <0>
[2014-01-07 09:56:31][2764][INFO]service start running: service <C_Forwd>, exitcode <0>
[2014-01-07 09:56:31][2764][INFO]service start running: service <C_RTime>, exitcode <0>
[2014-01-07 09:56:36][2764][INFO]service start running: service <C_Task>, exitcode <0>
[2014-01-07 12:04:52][2748][INFO]service start running: service <C_Media>, exitcode <0>
[2014-01-07 12:04:52][2748][INFO]service start running: service <C_Proxy>, exitcode <0>
[2014-01-07 12:04:52][2748][INFO]service start running: service <C_Forwd>, exitcode <0>
[2014-01-07 12:04:52][2748][INFO]service start running: service <C_RTime>, exitcode <0>
[2014-01-07 12:04:57][2748][INFO]service start running: service <C_Task>, exitcode <0>
[2014-01-07 12:06:42][2748][INFO]service stopped: service <C_Forwd>, exitcode <1067>
[2014-01-07 12:06:42][2748][INFO]rise service: service <C_Forwd>, exitcode <1067>
[2014-01-07 12:06:47][2748][INFO]rise service: service <C_Forwd>, exitcode <1067>
[2014-01-07 12:06:52][2748][INFO]rise service: service <C_Forwd>, exitcode <1067>
[2014-01-07 12:06:57][2748][INFO]rise service: service <C_Forwd>, exitcode <1067>
[2014-01-07 12:07:02][2748][INFO]rise service: service <C_Forwd>, exitcode <1067>
[2014-01-07 12:07:07][2748][INFO]rise service: service <C_Forwd>, exitcode <1067>
[2014-01-07 12:07:12][2748][INFO]rise service: service <C_Forwd>, exitcode <1067>
[2014-01-07 12:07:17][2748][INFO]rise service: service <C_Forwd>, exitcode <1067>
[2014-01-07 12:07:22][2748][INFO]rise service: service <C_Forwd>, exitcode <1067>
[2014-01-07 12:07:27][2748][INFO]rise service: service <C_Forwd>, exitcode <1067>
[2014-01-07 12:07:32][2748][INFO]rise service: service <C_Forwd>, exitcode <1067>
[2014-01-07 12:07:37][2748][INFO]rise service: service <C_Forwd>, exitcode <1067>
[2014-01-07 12:07:42][2748][INFO]rise service: service <C_Forwd>, exitcode <1067>
[2014-01-07 12:07:47][2748][INFO]rise service: service <C_Forwd>, exitcode <1067>
[2014-01-07 12:07:52][2748][INFO]rise service: service <C_Forwd>, exitcode <1067>
[2014-01-07 12:07:57][2748][INFO]rise service: service <C_Forwd>, exitcode <1067>
[2014-01-07 12:08:02][2748][INFO]rise service: service <C_Forwd>, exitcode <1067>
[2014-01-07 12:08:07][2748][INFO]rise service: service <C_Forwd>, exitcode <1067>
[2014-01-07 12:08:12][2748][INFO]rise service: service <C_Forwd>, exitcode <1067>
[2014-01-07 12:08:17][2748][INFO]rise service: service <C_Forwd>, exitcode <1067>
[2014-01-07 12:08:22][2748][INFO]rise service: service <C_Forwd>, exitcode <1067>
[2014-01-07 12:08:27][2748][INFO]rise service: service <C_Forwd>, exitcode <1067>
[2014-01-07 12:08:32][2748][INFO]rise service: service <C_Forwd>, exitcode <1067>
[2014-01-07 12:08:37][2748][INFO]rise service: service <C_Forwd>, exitcode <1067>
[2014-01-07 12:08:42][2748][INFO]rise service: service <C_Forwd>, exitcode <1067>
[2014-01-07 12:08:47][2748][INFO]rise service: service <C_Forwd>, exitcode <1067>
[2014-01-07 12:08:52][2748][INFO]rise service: service <C_Forwd>, exitcode <1067>
[2014-01-07 12:08:57][2748][INFO]rise service: service <C_Forwd>, exitcode <1067>
[2014-01-07 12:09:02][2748][INFO]rise service: service <C_Forwd>, exitcode <1067>
[2014-01-07 12:09:07][2748][INFO]rise service: service <C_Forwd>, exitcode <1067>
[2014-01-07 12:09:12][2748][INFO]rise service: service <C_Forwd>, exitcode <1067>
[2014-01-07 12:09:17][2748][INFO]rise service: service <C_Forwd>, exitcode <1067>
[2014-01-07 12:09:22][2748][INFO]rise service: service <C_Forwd>, exitcode <1067>
[2014-01-07 12:09:27][2748][INFO]rise service: service <C_Forwd>, exitcode <1067>
[2014-01-07 12:09:32][2748][INFO]rise service: service <C_Forwd>, exitcode <1067>
[2014-01-07 12:09:37][2748][INFO]rise service: service <C_Forwd>, exitcode <1067>
[2014-01-07 12:09:42][2748][INFO]rise service: service <C_Forwd>, exitcode <1067>
[2014-01-07 12:09:47][2748][INFO]rise service: service <C_Forwd>, exitcode <1067>
[2014-01-07 12:09:52][2748][INFO]rise service: service <C_Forwd>, exitcode <1067>
[2014-01-07 12:09:57][2748][INFO]rise service: service <C_Forwd>, exitcode <1067>
[2014-01-07 12:10:02][2748][INFO]rise service: service <C_Forwd>, exitcode <1067>
[2014-01-07 12:10:07][2748][INFO]rise service: service <C_Forwd>, exitcode <1067>
[2014-01-07 12:10:12][2748][INFO]rise service: service <C_Forwd>, exitcode <1067>
[2014-01-07 12:10:17][2748][INFO]rise service: service <C_Forwd>, exitcode <1067>
[2014-01-07 12:10:22][2748][INFO]rise service: service <C_Forwd>, exitcode <1067>
[2014-01-07 12:10:27][2748][INFO]rise service: service <C_Forwd>, exitcode <1067>
[2014-01-07 12:10:32][2748][INFO]rise service: service <C_Forwd>, exitcode <1067>
[2014-01-07 12:10:37][2748][INFO]rise service: service <C_Forwd>, exitcode <1067>
[2014-01-07 12:10:42][2748][INFO]rise service: service <C_Forwd>, exitcode <1067>
[2014-01-07 12:10:47][2748][INFO]rise service: service <C_Forwd>, exitcode <1067>
[2014-01-07 12:10:52][2748][INFO]rise service: service <C_Forwd>, exitcode <1067>
[2014-01-07 12:10:57][2748][INFO]rise service: service <C_Forwd>, exitcode <1067>
[2014-01-07 12:11:02][2748][INFO]rise service: service <C_Forwd>, exitcode <1067>
[2014-01-07 12:11:07][2748][INFO]rise service: service <C_Forwd>, exitcode <1067>
[2014-01-07 12:11:12][2748][INFO]rise service: service <C_Forwd>, exitcode <1067>
[2014-01-07 12:11:17][2748][INFO]rise service: service <C_Forwd>, exitcode <1067>
[2014-01-07 12:11:22][2748][INFO]rise service: service <C_Forwd>, exitcode <1067>
[2014-01-07 12:11:27][2748][INFO]rise service: service <C_Forwd>, exitcode <1067>
[2014-01-07 12:11:32][2748][INFO]rise service: service <C_Forwd>, exitcode <1067>
[2014-01-07 12:11:37][2748][INFO]rise service: service <C_Forwd>, exitcode <1067>
[2014-01-07 12:11:42][2748][INFO]rise service: service <C_Forwd>, exitcode <1067>
[2014-01-07 12:11:47][2748][INFO]rise service: service <C_Forwd>, exitcode <1067>
[2014-01-07 12:11:52][2748][INFO]rise service: service <C_Forwd>, exitcode <1067>
[2014-01-07 12:11:57][2748][INFO]rise service: service <C_Forwd>, exitcode <1067>
[2014-01-07 12:12:02][2748][INFO]rise service: service <C_Forwd>, exitcode <1067>
[2014-01-07 12:12:07][2748][INFO]rise service: service <C_Forwd>, exitcode <1067>
[2014-01-07 12:12:12][2748][INFO]rise service: service <C_Forwd>, exitcode <1067>
[2014-01-07 12:12:17][2748][INFO]rise service: service <C_Forwd>, exitcode <1067>
[2014-01-07 12:12:22][2748][INFO]rise service: service <C_Forwd>, exitcode <1067>
[2014-01-07 12:12:27][2748][INFO]rise service: service <C_Forwd>, exitcode <1067>
[2014-01-07 12:12:32][2748][INFO]rise service: service <C_Forwd>, exitcode <1067>
[2014-01-07 12:12:37][2748][INFO]rise service: service <C_Forwd>, exitcode <1067>
[2014-01-07 12:12:42][2748][INFO]rise service: service <C_Forwd>, exitcode <1067>
[2014-01-07 12:12:47][2748][INFO]rise service: service <C_Forwd>, exitcode <1067>
[2014-01-07 12:12:52][2748][INFO]rise service: service <C_Forwd>, exitcode <1067>
[2014-01-07 12:12:57][2748][INFO]rise service: service <C_Forwd>, exitcode <1067>
[2014-01-07 12:13:02][2748][INFO]rise service: service <C_Forwd>, exitcode <1067>
[2014-01-07 12:13:07][2748][INFO]rise service: service <C_Forwd>, exitcode <1067>
[2014-01-07 12:13:12][2748][INFO]rise service: service <C_Forwd>, exitcode <1067>
[2014-01-07 12:13:17][2748][INFO]rise service: service <C_Forwd>, exitcode <1067>
[2014-01-07 12:13:22][2748][INFO]rise service: service <C_Forwd>, exitcode <1067>
[2014-01-07 12:13:27][2748][INFO]rise service: service <C_Forwd>, exitcode <1067>
[2014-01-07 12:13:32][2748][INFO]rise service: service <C_Forwd>, exitcode <1067>
[2014-01-07 12:13:37][2748][INFO]rise service: service <C_Forwd>, exitcode <1067>
[2014-01-07 12:13:42][2748][INFO]rise service: service <C_Forwd>, exitcode <1067>
[2014-01-07 12:13:47][2748][INFO]rise service: service <C_Forwd>, exitcode <1067>
[2014-01-07 12:13:52][2748][INFO]rise service: service <C_Forwd>, exitcode <1067>
[2014-01-07 12:13:57][2748][INFO]rise service: service <C_Forwd>, exitcode <1067>
[2014-01-07 12:14:02][2748][INFO]rise service: service <C_Forwd>, exitcode <1067>
[2014-01-07 12:14:07][2748][INFO]rise service: service <C_Forwd>, exitcode <1067>
[2014-01-07 12:14:12][2748][INFO]rise service: service <C_Forwd>, exitcode <1067>
[2014-01-07 12:14:17][2748][INFO]rise service: service <C_Forwd>, exitcode <1067>
[2014-01-07 12:14:22][2748][INFO]rise service: service <C_Forwd>, exitcode <1067>
[2014-01-07 12:14:27][2748][INFO]rise service: service <C_Forwd>, exitcode <1067>
[2014-01-07 12:14:32][2748][INFO]rise service: service <C_Forwd>, exitcode <1067>
[2014-01-07 12:14:37][2748][INFO]rise service: service <C_Forwd>, exitcode <1067>
[2014-01-07 12:14:42][2748][INFO]rise service: service <C_Forwd>, exitcode <1067>
[2014-01-07 12:14:47][2748][INFO]rise service: service <C_Forwd>, exitcode <1067>
[2014-01-07 12:14:52][2748][INFO]rise service: service <C_Forwd>, exitcode <1067>
[2014-01-07 12:14:57][2748][INFO]rise service: service <C_Forwd>, exitcode <1067>
[2014-01-07 12:15:02][2748][INFO]rise service: service <C_Forwd>, exitcode <1067>
[2014-01-07 12:15:07][2748][INFO]rise service: service <C_Forwd>, exitcode <1067>
[2014-01-07 12:15:12][2748][INFO]rise service: service <C_Forwd>, exitcode <1067>
[2014-01-07 12:15:17][2748][INFO]rise service: service <C_Forwd>, exitcode <1067>
[2014-01-07 12:15:22][2748][INFO]rise service: service <C_Forwd>, exitcode <1067>
[2014-01-07 12:15:27][2748][INFO]rise service: service <C_Forwd>, exitcode <1067>
[2014-01-07 12:15:32][2748][INFO]rise service: service <C_Forwd>, exitcode <1067>
[2014-01-07 12:15:37][2748][INFO]rise service: service <C_Forwd>, exitcode <1067>
[2014-01-07 12:15:42][2748][INFO]rise service: service <C_Forwd>, exitcode <1067>
[2014-01-07 12:15:47][2748][INFO]rise service: service <C_Forwd>, exitcode <1067>
[2014-01-07 12:15:52][2748][INFO]rise service: service <C_Forwd>, exitcode <1067>
[2014-01-07 12:15:58][2748][INFO]rise service: service <C_Forwd>, exitcode <1067>
[2014-01-07 12:16:03][2748][INFO]rise service: service <C_Forwd>, exitcode <1067>
[2014-01-07 12:16:08][2748][INFO]rise service: service <C_Forwd>, exitcode <1067>
[2014-01-07 12:16:13][2748][INFO]rise service: service <C_Forwd>, exitcode <1067>
[2014-01-07 12:16:18][2748][INFO]rise service: service <C_Forwd>, exitcode <1067>
[2014-01-07 12:16:23][2748][INFO]rise service: service <C_Forwd>, exitcode <1067>
[2014-01-07 12:16:28][2748][INFO]rise service: service <C_Forwd>, exitcode <1067>
[2014-01-07 12:16:33][2748][INFO]rise service: service <C_Forwd>, exitcode <1067>
[2014-01-07 12:16:38][2748][INFO]rise service: service <C_Forwd>, exitcode <1067>
[2014-01-07 12:16:43][2748][INFO]rise service: service <C_Forwd>, exitcode <1067>
[2014-01-07 12:16:48][2748][INFO]rise service: service <C_Forwd>, exitcode <1067>
[2014-01-07 12:16:53][2748][INFO]rise service: service <C_Forwd>, exitcode <1067>
[2014-01-07 12:16:58][2748][INFO]rise service: service <C_Forwd>, exitcode <1067>
[2014-01-07 12:17:03][2748][INFO]rise service: service <C_Forwd>, exitcode <1067>
[2014-01-07 12:17:08][2748][INFO]rise service: service <C_Forwd>, exitcode <1067>
[2014-01-07 12:17:13][2748][INFO]rise service: service <C_Forwd>, exitcode <1067>
[2014-01-07 12:17:18][2748][INFO]rise service: service <C_Forwd>, exitcode <1067>
[2014-01-07 12:17:23][2748][INFO]rise service: service <C_Forwd>, exitcode <1067>
[2014-01-07 12:17:28][2748][INFO]rise service: service <C_Forwd>, exitcode <1067>
[2014-01-07 12:17:33][2748][INFO]rise service: service <C_Forwd>, exitcode <1067>
[2014-01-07 12:17:38][2748][INFO]rise service: service <C_Forwd>, exitcode <1067>
[2014-01-07 12:17:43][2748][INFO]rise service: service <C_Forwd>, exitcode <1067>
[2014-01-07 12:17:48][2748][INFO]rise service: service <C_Forwd>, exitcode <1067>
[2014-01-07 12:17:53][2748][INFO]rise service: service <C_Forwd>, exitcode <1067>
[2014-01-07 12:17:58][2748][INFO]rise service: service <C_Forwd>, exitcode <1067>
[2014-01-07 12:18:03][2748][INFO]rise service: service <C_Forwd>, exitcode <1067>
[2014-01-07 12:18:08][2748][INFO]rise service: service <C_Forwd>, exitcode <1067>
[2014-01-07 12:18:13][2748][INFO]rise service: service <C_Forwd>, exitcode <1067>
[2014-01-07 12:18:18][2748][INFO]rise service: service <C_Forwd>, exitcode <1067>
[2014-01-07 12:18:23][2748][INFO]rise service: service <C_Forwd>, exitcode <1067>
[2014-01-07 12:18:28][2748][INFO]rise service: service <C_Forwd>, exitcode <1067>
[2014-01-07 12:18:33][2748][INFO]rise service: service <C_Forwd>, exitcode <1067>
[2014-01-07 12:18:38][2748][INFO]rise service: service <C_Forwd>, exitcode <1067>
[2014-01-07 12:18:43][2748][INFO]rise service: service <C_Forwd>, exitcode <1067>
[2014-01-07 12:18:48][2748][INFO]rise service: service <C_Forwd>, exitcode <1067>
[2014-01-07 12:18:53][2748][INFO]rise service: service <C_Forwd>, exitcode <1067>
[2014-01-07 12:18:58][2748][INFO]rise service: service <C_Forwd>, exitcode <1067>
[2014-01-07 12:19:03][2748][INFO]rise service: service <C_Forwd>, exitcode <1067>
[2014-01-07 12:19:08][2748][INFO]rise service: service <C_Forwd>, exitcode <1067>
[2014-01-07 12:19:13][2748][INFO]rise service: service <C_Forwd>, exitcode <1067>
[2014-01-07 12:19:18][2748][INFO]rise service: service <C_Forwd>, exitcode <1067>
[2014-01-07 12:19:23][2748][INFO]rise service: service <C_Forwd>, exitcode <1067>
[2014-01-07 12:19:28][2748][INFO]rise service: service <C_Forwd>, exitcode <1067>
[2014-01-07 12:19:33][2748][INFO]rise service: service <C_Forwd>, exitcode <1067>
[2014-01-07 12:19:38][2748][INFO]rise service: service <C_Forwd>, exitcode <1067>
[2014-01-07 12:19:43][2748][INFO]rise service: service <C_Forwd>, exitcode <1067>
[2014-01-07 12:19:48][2748][INFO]rise service: service <C_Forwd>, exitcode <1067>
[2014-01-07 12:19:53][2748][INFO]rise service: service <C_Forwd>, exitcode <1067>
[2014-01-07 12:19:58][2748][INFO]rise service: service <C_Forwd>, exitcode <1067>
[2014-01-07 12:20:03][2748][INFO]rise service: service <C_Forwd>, exitcode <1067>
[2014-01-07 12:20:08][2748][INFO]rise service: service <C_Forwd>, exitcode <1067>
[2014-01-07 12:20:13][2748][INFO]rise service: service <C_Forwd>, exitcode <1067>
[2014-01-07 12:20:18][2748][INFO]rise service: service <C_Forwd>, exitcode <1067>
[2014-01-07 12:20:23][2748][INFO]rise service: service <C_Forwd>, exitcode <1067>
[2014-01-07 12:20:28][2748][INFO]rise service: service <C_Forwd>, exitcode <1067>
[2014-01-07 12:20:33][2748][INFO]rise service: service <C_Forwd>, exitcode <1067>
[2014-01-07 12:20:38][2748][INFO]rise service: service <C_Forwd>, exitcode <1067>
[2014-01-07 12:20:43][2748][INFO]rise service: service <C_Forwd>, exitcode <1067>
[2014-01-07 12:20:48][2748][INFO]rise service: service <C_Forwd>, exitcode <1067>
[2014-01-07 12:20:53][2748][INFO]rise service: service <C_Forwd>, exitcode <1067>
[2014-01-07 12:20:58][2748][INFO]rise service: service <C_Forwd>, exitcode <1067>
[2014-01-07 12:21:03][2748][INFO]rise service: service <C_Forwd>, exitcode <1067>
[2014-01-07 12:21:08][2748][INFO]rise service: service <C_Forwd>, exitcode <1067>
[2014-01-07 12:21:13][2748][INFO]rise service: service <C_Forwd>, exitcode <1067>
[2014-01-07 12:21:18][2748][INFO]rise service: service <C_Forwd>, exitcode <1067>
[2014-01-07 12:21:23][2748][INFO]rise service: service <C_Forwd>, exitcode <1067>
[2014-01-07 12:21:28][2748][INFO]rise service: service <C_Forwd>, exitcode <1067>
[2014-01-07 12:21:33][2748][INFO]rise service: service <C_Forwd>, exitcode <1067>
[2014-01-07 12:21:38][2748][INFO]rise service: service <C_Forwd>, exitcode <1067>
[2014-01-07 12:21:43][2748][INFO]rise service: service <C_Forwd>, exitcode <1067>
[2014-01-07 12:21:48][2748][INFO]rise service: service <C_Forwd>, exitcode <1067>
[2014-01-07 12:21:53][2748][INFO]rise service: service <C_Forwd>, exitcode <1067>
[2014-01-07 12:21:58][2748][INFO]rise service: service <C_Forwd>, exitcode <1067>
[2014-01-07 12:22:03][2748][INFO]rise service: service <C_Forwd>, exitcode <1067>
[2014-01-07 12:22:08][2748][INFO]rise service: service <C_Forwd>, exitcode <1067>
[2014-01-07 12:22:13][2748][INFO]rise service: service <C_Forwd>, exitcode <1067>
[2014-01-07 12:22:18][2748][INFO]rise service: service <C_Forwd>, exitcode <1067>
[2014-01-07 12:22:23][2748][INFO]rise service: service <C_Forwd>, exitcode <1067>
[2014-01-07 12:22:28][2748][INFO]rise service: service <C_Forwd>, exitcode <1067>
[2014-01-07 12:22:33][2748][INFO]rise service: service <C_Forwd>, exitcode <1067>
[2014-01-07 12:22:38][2748][INFO]rise service: service <C_Forwd>, exitcode <1067>
[2014-01-07 12:22:43][2748][INFO]rise service: service <C_Forwd>, exitcode <1067>
[2014-01-07 12:22:48][2748][INFO]rise service: service <C_Forwd>, exitcode <1067>
[2014-01-07 12:22:53][2748][INFO]rise service: service <C_Forwd>, exitcode <1067>
[2014-01-07 12:22:58][2748][INFO]rise service: service <C_Forwd>, exitcode <1067>
[2014-01-07 12:23:03][2748][INFO]rise service: service <C_Forwd>, exitcode <1067>
[2014-01-07 12:23:08][2748][INFO]rise service: service <C_Forwd>, exitcode <1067>
[2014-01-07 12:23:13][2748][INFO]rise service: service <C_Forwd>, exitcode <1067>
[2014-01-07 12:23:18][2748][INFO]rise service: service <C_Forwd>, exitcode <1067>
[2014-01-07 12:23:23][2748][INFO]rise service: service <C_Forwd>, exitcode <1067>
[2014-01-07 12:23:28][2748][INFO]rise service: service <C_Forwd>, exitcode <1067>
[2014-01-07 12:23:33][2748][INFO]rise service: service <C_Forwd>, exitcode <1067>
[2014-01-07 12:23:38][2748][INFO]rise service: service <C_Forwd>, exitcode <1067>
[2014-01-07 12:23:43][2748][INFO]rise service: service <C_Forwd>, exitcode <1067>
[2014-01-07 12:23:48][2748][INFO]rise service: service <C_Forwd>, exitcode <1067>
[2014-01-07 12:23:53][2748][INFO]rise service: service <C_Forwd>, exitcode <1067>
[2014-01-07 12:23:58][2748][INFO]rise service: service <C_Forwd>, exitcode <1067>
[2014-01-07 12:24:03][2748][INFO]rise service: service <C_Forwd>, exitcode <1067>
[2014-01-07 12:24:08][2748][INFO]rise service: service <C_Forwd>, exitcode <1067>
[2014-01-07 12:24:13][2748][INFO]rise service: service <C_Forwd>, exitcode <1067>
[2014-01-07 12:24:18][2748][INFO]rise service: service <C_Forwd>, exitcode <1067>
[2014-01-07 12:24:23][2748][INFO]rise service: service <C_Forwd>, exitcode <1067>
[2014-01-07 12:24:28][2748][INFO]rise service: service <C_Forwd>, exitcode <1067>
[2014-01-07 12:24:33][2748][INFO]rise service: service <C_Forwd>, exitcode <1067>
[2014-01-07 12:24:38][2748][INFO]rise service: service <C_Forwd>, exitcode <1067>
[2014-01-07 12:24:43][2748][INFO]rise service: service <C_Forwd>, exitcode <1067>
[2014-01-07 12:24:48][2748][INFO]rise service: service <C_Forwd>, exitcode <1067>
[2014-01-07 12:24:53][2748][INFO]rise service: service <C_Forwd>, exitcode <1067>
[2014-01-07 12:24:58][2748][INFO]rise service: service <C_Forwd>, exitcode <1067>
[2014-01-07 12:25:03][2748][INFO]rise service: service <C_Forwd>, exitcode <1067>
[2014-01-07 12:25:08][2748][INFO]rise service: service <C_Forwd>, exitcode <1067>
[2014-01-07 12:25:13][2748][INFO]rise service: service <C_Forwd>, exitcode <1067>
[2014-01-07 12:25:18][2748][INFO]rise service: service <C_Forwd>, exitcode <1067>
[2014-01-07 12:25:23][2748][INFO]rise service: service <C_Forwd>, exitcode <1067>
[2014-01-07 12:25:28][2748][INFO]rise service: service <C_Forwd>, exitcode <1067>
[2014-01-07 12:25:33][2748][INFO]rise service: service <C_Forwd>, exitcode <1067>
[2014-01-07 12:25:38][2748][INFO]rise service: service <C_Forwd>, exitcode <1067>
[2014-01-07 12:25:43][2748][INFO]rise service: service <C_Forwd>, exitcode <1067>
[2014-01-07 12:25:48][2748][INFO]rise service: service <C_Forwd>, exitcode <1067>
[2014-01-07 12:25:53][2748][INFO]rise service: service <C_Forwd>, exitcode <1067>
[2014-01-07 12:25:58][2748][INFO]rise service: service <C_Forwd>, exitcode <1067>
[2014-01-07 12:26:03][2748][INFO]rise service: service <C_Forwd>, exitcode <1067>
[2014-01-07 12:26:08][2748][INFO]rise service: service <C_Forwd>, exitcode <1067>
[2014-01-07 12:26:13][2748][INFO]rise service: service <C_Forwd>, exitcode <1067>
[2014-01-07 12:26:18][2748][INFO]rise service: service <C_Forwd>, exitcode <1067>
[2014-01-07 12:26:23][2748][INFO]rise service: service <C_Forwd>, exitcode <1067>
[2014-01-07 12:26:28][2748][INFO]rise service: service <C_Forwd>, exitcode <1067>
[2014-01-07 12:26:33][2748][INFO]rise service: service <C_Forwd>, exitcode <1067>
[2014-01-07 12:26:38][2748][INFO]rise service: service <C_Forwd>, exitcode <1067>
[2014-01-07 12:26:43][2748][INFO]rise service: service <C_Forwd>, exitcode <1067>
[2014-01-07 12:26:48][2748][INFO]rise service: service <C_Forwd>, exitcode <1067>
[2014-01-07 12:26:53][2748][INFO]rise service: service <C_Forwd>, exitcode <1067>
[2014-01-07 12:26:58][2748][INFO]rise service: service <C_Forwd>, exitcode <1067>
[2014-01-07 12:27:03][2748][INFO]rise service: service <C_Forwd>, exitcode <1067>
[2014-01-07 12:27:08][2748][INFO]rise service: service <C_Forwd>, exitcode <1067>
[2014-01-07 12:27:13][2748][INFO]rise service: service <C_Forwd>, exitcode <1067>
[2014-01-07 12:27:18][2748][INFO]rise service: service <C_Forwd>, exitcode <1067>
[2014-01-07 12:27:23][2748][INFO]rise service: service <C_Forwd>, exitcode <1067>
[2014-01-07 12:27:28][2748][INFO]rise service: service <C_Forwd>, exitcode <1067>
[2014-01-07 12:27:33][2748][INFO]rise service: service <C_Forwd>, exitcode <1067>
[2014-01-07 12:27:38][2748][INFO]rise service: service <C_Forwd>, exitcode <1067>
[2014-01-07 12:27:43][2748][INFO]rise service: service <C_Forwd>, exitcode <1067>
[2014-01-07 12:27:48][2748][INFO]rise service: service <C_Forwd>, exitcode <1067>
[2014-01-07 12:27:53][2748][INFO]rise service: service <C_Forwd>, exitcode <1067>
[2014-01-07 12:27:58][2748][INFO]rise service: service <C_Forwd>, exitcode <1067>
[2014-01-07 12:28:03][2748][INFO]rise service: service <C_Forwd>, exitcode <1067>
[2014-01-07 12:28:08][2748][INFO]rise service: service <C_Forwd>, exitcode <1067>
[2014-01-07 12:28:13][2748][INFO]rise service: service <C_Forwd>, exitcode <1067>
[2014-01-07 12:28:18][2748][INFO]rise service: service <C_Forwd>, exitcode <1067>
[2014-01-07 12:28:23][2748][INFO]rise service: service <C_Forwd>, exitcode <1067>
[2014-01-07 12:28:28][2748][INFO]rise service: service <C_Forwd>, exitcode <1067>
[2014-01-07 12:28:33][2748][INFO]rise service: service <C_Forwd>, exitcode <1067>
[2014-01-07 12:28:38][2748][INFO]rise service: service <C_Forwd>, exitcode <1067>
[2014-01-07 12:28:43][2748][INFO]rise service: service <C_Forwd>, exitcode <1067>
[2014-01-07 12:28:48][2748][INFO]rise service: service <C_Forwd>, exitcode <1067>
[2014-01-07 12:28:53][2748][INFO]rise service: service <C_Forwd>, exitcode <1067>
[2014-01-07 12:28:58][2748][INFO]rise service: service <C_Forwd>, exitcode <1067>
[2014-01-07 12:29:03][2748][INFO]rise service: service <C_Forwd>, exitcode <1067>
[2014-01-07 12:29:08][2748][INFO]rise service: service <C_Forwd>, exitcode <1067>
[2014-01-07 12:29:13][2748][INFO]rise service: service <C_Forwd>, exitcode <1067>
[2014-01-07 12:29:18][2748][INFO]rise service: service <C_Forwd>, exitcode <1067>
[2014-01-07 12:29:23][2748][INFO]rise service: service <C_Forwd>, exitcode <1067>
[2014-01-07 12:29:28][2748][INFO]rise service: service <C_Forwd>, exitcode <1067>
[2014-01-07 12:29:33][2748][INFO]rise service: service <C_Forwd>, exitcode <1067>
[2014-01-07 12:29:38][2748][INFO]rise service: service <C_Forwd>, exitcode <1067>
[2014-01-07 12:29:43][2748][INFO]rise service: service <C_Forwd>, exitcode <1067>
[2014-01-07 12:29:48][2748][INFO]rise service: service <C_Forwd>, exitcode <1067>
[2014-01-07 12:29:53][2748][INFO]rise service: service <C_Forwd>, exitcode <1067>
[2014-01-07 12:29:58][2748][INFO]rise service: service <C_Forwd>, exitcode <1067>
[2014-01-07 12:30:03][2748][INFO]rise service: service <C_Forwd>, exitcode <1067>
[2014-01-07 12:30:08][2748][INFO]rise service: service <C_Forwd>, exitcode <1067>
[2014-01-07 12:30:13][2748][INFO]rise service: service <C_Forwd>, exitcode <1067>
[2014-01-07 12:30:18][2748][INFO]rise service: service <C_Forwd>, exitcode <1067>
[2014-01-07 12:30:23][2748][INFO]rise service: service <C_Forwd>, exitcode <1067>
[2014-01-07 12:30:28][2748][INFO]rise service: service <C_Forwd>, exitcode <1067>
[2014-01-07 12:30:33][2748][INFO]rise service: service <C_Forwd>, exitcode <1067>
[2014-01-07 12:30:38][2748][INFO]rise service: service <C_Forwd>, exitcode <1067>
[2014-01-07 12:30:43][2748][INFO]rise service: service <C_Forwd>, exitcode <1067>
[2014-01-07 12:30:48][2748][INFO]rise service: service <C_Forwd>, exitcode <1067>
[2014-01-07 12:30:53][2748][INFO]rise service: service <C_Forwd>, exitcode <1067>
[2014-01-07 12:30:58][2748][INFO]rise service: service <C_Forwd>, exitcode <1067>
[2014-01-07 12:31:03][2748][INFO]rise service: service <C_Forwd>, exitcode <1067>
[2014-01-07 12:31:08][2748][INFO]rise service: service <C_Forwd>, exitcode <1067>
[2014-01-07 12:31:13][2748][INFO]rise service: service <C_Forwd>, exitcode <1067>
[2014-01-07 12:31:18][2748][INFO]rise service: service <C_Forwd>, exitcode <1067>
[2014-01-07 12:31:23][2748][INFO]rise service: service <C_Forwd>, exitcode <1067>
[2014-01-07 12:31:28][2748][INFO]rise service: service <C_Forwd>, exitcode <1067>
[2014-01-07 12:31:33][2748][INFO]rise service: service <C_Forwd>, exitcode <1067>
[2014-01-07 12:31:38][2748][INFO]rise service: service <C_Forwd>, exitcode <1067>
[2014-01-07 12:31:43][2748][INFO]rise service: service <C_Forwd>, exitcode <1067>
[2014-01-07 12:31:48][2748][INFO]rise service: service <C_Forwd>, exitcode <1067>
[2014-01-07 12:31:53][2748][INFO]rise service: service <C_Forwd>, exitcode <1067>
[2014-01-07 12:31:58][2748][INFO]rise service: service <C_Forwd>, exitcode <1067>
[2014-01-07 12:32:03][2748][INFO]rise service: service <C_Forwd>, exitcode <1067>
[2014-01-07 12:32:08][2748][INFO]rise service: service <C_Forwd>, exitcode <1067>
[2014-01-07 12:32:13][2748][INFO]rise service: service <C_Forwd>, exitcode <1067>
[2014-01-07 12:32:18][2748][INFO]rise service: service <C_Forwd>, exitcode <1067>
[2014-01-07 12:32:23][2748][INFO]rise service: service <C_Forwd>, exitcode <1067>
[2014-01-07 12:32:28][2748][INFO]rise service: service <C_Forwd>, exitcode <1067>
[2014-01-07 12:32:33][2748][INFO]rise service: service <C_Forwd>, exitcode <1067>
[2014-01-07 12:32:38][2748][INFO]rise service: service <C_Forwd>, exitcode <1067>
[2014-01-07 12:32:43][2748][INFO]rise service: service <C_Forwd>, exitcode <1067>
[2014-01-07 12:32:48][2748][INFO]rise service: service <C_Forwd>, exitcode <1067>
[2014-01-07 12:32:53][2748][INFO]rise service: service <C_Forwd>, exitcode <1067>
[2014-01-07 12:32:58][2748][INFO]rise service: service <C_Forwd>, exitcode <1067>
[2014-01-07 12:33:03][2748][INFO]rise service: service <C_Forwd>, exitcode <1067>
[2014-01-07 12:33:09][2748][INFO]rise service: service <C_Forwd>, exitcode <1067>
[2014-01-07 12:33:14][2748][INFO]rise service: service <C_Forwd>, exitcode <1067>
[2014-01-07 12:33:19][2748][INFO]rise service: service <C_Forwd>, exitcode <1067>
[2014-01-07 12:33:24][2748][INFO]rise service: service <C_Forwd>, exitcode <1067>
[2014-01-07 12:33:29][2748][INFO]rise service: service <C_Forwd>, exitcode <1067>
[2014-01-07 12:33:34][2748][INFO]rise service: service <C_Forwd>, exitcode <1067>
[2014-01-07 12:33:39][2748][INFO]rise service: service <C_Forwd>, exitcode <1067>
[2014-01-07 12:33:44][2748][INFO]rise service: service <C_Forwd>, exitcode <1067>
[2014-01-07 12:33:49][2748][INFO]rise service: service <C_Forwd>, exitcode <1067>
[2014-01-07 12:33:54][2748][INFO]rise service: service <C_Forwd>, exitcode <1067>
[2014-01-07 12:33:59][2748][INFO]rise service: service <C_Forwd>, exitcode <1067>
[2014-01-07 12:34:04][2748][INFO]rise service: service <C_Forwd>, exitcode <1067>
[2014-01-07 12:34:09][2748][INFO]rise service: service <C_Forwd>, exitcode <1067>
[2014-01-07 12:34:14][2748][INFO]rise service: service <C_Forwd>, exitcode <1067>
[2014-01-07 12:34:19][2748][INFO]rise service: service <C_Forwd>, exitcode <1067>
[2014-01-07 12:34:24][2748][INFO]rise service: service <C_Forwd>, exitcode <1067>
[2014-01-07 12:34:29][2748][INFO]rise service: service <C_Forwd>, exitcode <1067>
[2014-01-07 12:34:34][2748][INFO]rise service: service <C_Forwd>, exitcode <1067>
[2014-01-07 12:34:39][2748][INFO]rise service: service <C_Forwd>, exitcode <1067>
[2014-01-07 12:34:44][2748][INFO]rise service: service <C_Forwd>, exitcode <1067>
[2014-01-07 12:34:49][2748][INFO]rise service: service <C_Forwd>, exitcode <1067>
[2014-01-07 12:34:54][2748][INFO]rise service: service <C_Forwd>, exitcode <1067>
[2014-01-07 12:34:59][2748][INFO]rise service: service <C_Forwd>, exitcode <1067>
[2014-01-07 12:35:04][2748][INFO]rise service: service <C_Forwd>, exitcode <1067>
[2014-01-07 12:35:09][2748][INFO]rise service: service <C_Forwd>, exitcode <1067>
[2014-01-07 12:35:14][2748][INFO]rise service: service <C_Forwd>, exitcode <1067>
[2014-01-07 12:35:19][2748][INFO]rise service: service <C_Forwd>, exitcode <1067>
[2014-01-07 12:35:24][2748][INFO]rise service: service <C_Forwd>, exitcode <1067>
[2014-01-07 12:35:29][2748][INFO]rise service: service <C_Forwd>, exitcode <1067>
[2014-01-07 12:35:34][2748][INFO]rise service: service <C_Forwd>, exitcode <1067>
[2014-01-07 12:35:39][2748][INFO]rise service: service <C_Forwd>, exitcode <1067>
[2014-01-07 12:35:44][2748][INFO]rise service: service <C_Forwd>, exitcode <1067>
[2014-01-07 12:35:49][2748][INFO]rise service: service <C_Forwd>, exitcode <1067>
[2014-01-07 12:35:54][2748][INFO]rise service: service <C_Forwd>, exitcode <1067>
[2014-01-07 12:35:59][2748][INFO]rise service: service <C_Forwd>, exitcode <1067>
[2014-01-07 12:36:04][2748][INFO]rise service: service <C_Forwd>, exitcode <1067>
[2014-01-07 12:36:09][2748][INFO]rise service: service <C_Forwd>, exitcode <1067>
[2014-01-07 12:36:14][2748][INFO]rise service: service <C_Forwd>, exitcode <1067>
[2014-01-07 12:36:19][2748][INFO]rise service: service <C_Forwd>, exitcode <1067>
[2014-01-07 12:36:24][2748][INFO]rise service: service <C_Forwd>, exitcode <1067>
[2014-01-07 12:36:29][2748][INFO]rise service: service <C_Forwd>, exitcode <1067>
[2014-01-07 12:36:34][2748][INFO]rise service: service <C_Forwd>, exitcode <1067>
[2014-01-07 12:36:39][2748][INFO]rise service: service <C_Forwd>, exitcode <1067>
[2014-01-07 12:36:44][2748][INFO]rise service: service <C_Forwd>, exitcode <1067>
[2014-01-07 12:36:49][2748][INFO]rise service: service <C_Forwd>, exitcode <1067>
[2014-01-07 12:36:54][2748][INFO]rise service: service <C_Forwd>, exitcode <1067>
[2014-01-07 12:36:59][2748][INFO]rise service: service <C_Forwd>, exitcode <1067>
[2014-01-07 12:37:04][2748][INFO]rise service: service <C_Forwd>, exitcode <1067>
[2014-01-07 12:37:09][2748][INFO]rise service: service <C_Forwd>, exitcode <1067>
[2014-01-07 12:37:14][2748][INFO]rise service: service <C_Forwd>, exitcode <1067>
[2014-01-07 12:37:19][2748][INFO]rise service: service <C_Forwd>, exitcode <1067>
[2014-01-07 12:37:24][2748][INFO]rise service: service <C_Forwd>, exitcode <1067>
[2014-01-07 12:37:29][2748][INFO]rise service: service <C_Forwd>, exitcode <1067>
[2014-01-07 12:37:34][2748][INFO]rise service: service <C_Forwd>, exitcode <1067>
[2014-01-07 12:37:39][2748][INFO]rise service: service <C_Forwd>, exitcode <1067>
[2014-01-07 12:37:44][2748][INFO]rise service: service <C_Forwd>, exitcode <1067>
[2014-01-07 12:37:49][2748][INFO]rise service: service <C_Forwd>, exitcode <1067>
[2014-01-07 12:37:54][2748][INFO]rise service: service <C_Forwd>, exitcode <1067>
[2014-01-07 12:37:59][2748][INFO]rise service: service <C_Forwd>, exitcode <1067>
[2014-01-07 12:38:04][2748][INFO]rise service: service <C_Forwd>, exitcode <1067>
[2014-01-07 12:38:09][2748][INFO]rise service: service <C_Forwd>, exitcode <1067>
[2014-01-07 12:38:14][2748][INFO]rise service: service <C_Forwd>, exitcode <1067>
[2014-01-07 12:38:19][2748][INFO]rise service: service <C_Forwd>, exitcode <1067>
[2014-01-07 12:38:24][2748][INFO]rise service: service <C_Forwd>, exitcode <1067>
[2014-01-07 12:38:29][2748][INFO]rise service: service <C_Forwd>, exitcode <1067>
[2014-01-07 12:38:34][2748][INFO]rise service: service <C_Forwd>, exitcode <1067>
[2014-01-07 12:38:39][2748][INFO]rise service: service <C_Forwd>, exitcode <1067>
[2014-01-07 12:38:44][2748][INFO]rise service: service <C_Forwd>, exitcode <1067>
[2014-01-07 12:38:49][2748][INFO]rise service: service <C_Forwd>, exitcode <1067>
[2014-01-07 12:38:54][2748][INFO]rise service: service <C_Forwd>, exitcode <1067>
[2014-01-07 12:38:59][2748][INFO]rise service: service <C_Forwd>, exitcode <1067>
[2014-01-07 12:39:04][2748][INFO]rise service: service <C_Forwd>, exitcode <1067>
[2014-01-07 12:39:09][2748][INFO]rise service: service <C_Forwd>, exitcode <1067>
[2014-01-07 12:39:14][2748][INFO]rise service: service <C_Forwd>, exitcode <1067>
[2014-01-07 12:39:19][2748][INFO]rise service: service <C_Forwd>, exitcode <1067>
[2014-01-07 12:39:24][2748][INFO]rise service: service <C_Forwd>, exitcode <1067>
[2014-01-07 12:39:29][2748][INFO]rise service: service <C_Forwd>, exitcode <1067>
[2014-01-07 12:39:34][2748][INFO]rise service: service <C_Forwd>, exitcode <1067>
[2014-01-07 12:39:39][2748][INFO]rise service: service <C_Forwd>, exitcode <1067>
[2014-01-07 12:39:44][2748][INFO]rise service: service <C_Forwd>, exitcode <1067>
[2014-01-07 12:39:49][2748][INFO]rise service: service <C_Forwd>, exitcode <1067>
[2014-01-07 12:39:54][2748][INFO]rise service: service <C_Forwd>, exitcode <1067>
[2014-01-07 12:39:59][2748][INFO]rise service: service <C_Forwd>, exitcode <1067>
[2014-01-07 12:40:04][2748][INFO]rise service: service <C_Forwd>, exitcode <1067>
[2014-01-07 12:40:09][2748][INFO]rise service: service <C_Forwd>, exitcode <1067>
[2014-01-07 12:40:14][2748][INFO]rise service: service <C_Forwd>, exitcode <1067>
[2014-01-07 12:40:19][2748][INFO]rise service: service <C_Forwd>, exitcode <1067>
[2014-01-07 12:40:24][2748][INFO]rise service: service <C_Forwd>, exitcode <1067>
[2014-01-07 12:40:29][2748][INFO]rise service: service <C_Forwd>, exitcode <1067>
[2014-01-07 12:40:34][2748][INFO]rise service: service <C_Forwd>, exitcode <1067>
[2014-01-07 12:40:39][2748][INFO]rise service: service <C_Forwd>, exitcode <1067>
[2014-01-07 12:40:44][2748][INFO]rise service: service <C_Forwd>, exitcode <1067>
[2014-01-07 12:40:49][2748][INFO]rise service: service <C_Forwd>, exitcode <1067>
[2014-01-07 12:40:54][2748][INFO]rise service: service <C_Forwd>, exitcode <1067>
[2014-01-07 12:40:59][2748][INFO]rise service: service <C_Forwd>, exitcode <1067>
[2014-01-07 12:41:04][2748][INFO]rise service: service <C_Forwd>, exitcode <1067>
[2014-01-07 12:41:09][2748][INFO]rise service: service <C_Forwd>, exitcode <1067>
[2014-01-07 12:41:14][2748][INFO]rise service: service <C_Forwd>, exitcode <1067>
[2014-01-07 12:41:19][2748][INFO]rise service: service <C_Forwd>, exitcode <1067>
[2014-01-07 12:41:24][2748][INFO]rise service: service <C_Forwd>, exitcode <1067>
[2014-01-07 12:41:29][2748][INFO]rise service: service <C_Forwd>, exitcode <1067>
[2014-01-07 12:41:34][2748][INFO]rise service: service <C_Forwd>, exitcode <1067>
[2014-01-07 12:41:39][2748][INFO]rise service: service <C_Forwd>, exitcode <1067>
[2014-01-07 12:41:44][2748][INFO]rise service: service <C_Forwd>, exitcode <1067>
[2014-01-07 12:41:49][2748][INFO]rise service: service <C_Forwd>, exitcode <1067>
[2014-01-07 12:41:54][2748][INFO]rise service: service <C_Forwd>, exitcode <1067>
[2014-01-07 12:41:59][2748][INFO]rise service: service <C_Forwd>, exitcode <1067>
[2014-01-07 12:42:04][2748][INFO]rise service: service <C_Forwd>, exitcode <1067>
[2014-01-07 12:42:09][2748][INFO]rise service: service <C_Forwd>, exitcode <1067>
[2014-01-07 12:42:14][2748][INFO]rise service: service <C_Forwd>, exitcode <1067>
[2014-01-07 12:42:19][2748][INFO]rise service: service <C_Forwd>, exitcode <1067>
[2014-01-07 12:42:24][2748][INFO]rise service: service <C_Forwd>, exitcode <1067>
[2014-01-07 12:42:29][2748][INFO]rise service: service <C_Forwd>, exitcode <1067>
[2014-01-07 12:42:34][2748][INFO]rise service: service <C_Forwd>, exitcode <1067>
[2014-01-07 12:42:39][2748][INFO]rise service: service <C_Forwd>, exitcode <1067>
[2014-01-07 12:42:44][2748][INFO]rise service: service <C_Forwd>, exitcode <1067>
[2014-01-07 12:42:49][2748][INFO]rise service: service <C_Forwd>, exitcode <1067>
[2014-01-07 12:42:54][2748][INFO]rise service: service <C_Forwd>, exitcode <1067>
[2014-01-07 12:42:59][2748][INFO]rise service: service <C_Forwd>, exitcode <1067>
[2014-01-07 12:43:04][2748][INFO]rise service: service <C_Forwd>, exitcode <1067>
[2014-01-07 12:43:09][2748][INFO]rise service: service <C_Forwd>, exitcode <1067>
[2014-01-07 12:43:14][2748][INFO]rise service: service <C_Forwd>, exitcode <1067>
[2014-01-07 12:43:19][2748][INFO]rise service: service <C_Forwd>, exitcode <1067>
[2014-01-07 12:43:24][2748][INFO]rise service: service <C_Forwd>, exitcode <1067>
[2014-01-07 12:43:29][2748][INFO]rise service: service <C_Forwd>, exitcode <1067>
[2014-01-07 12:43:34][2748][INFO]rise service: service <C_Forwd>, exitcode <1067>
[2014-01-07 12:43:39][2748][INFO]rise service: service <C_Forwd>, exitcode <1067>
[2014-01-07 12:43:44][2748][INFO]rise service: service <C_Forwd>, exitcode <1067>
[2014-01-07 12:43:49][2748][INFO]rise service: service <C_Forwd>, exitcode <1067>
[2014-01-07 12:43:54][2748][INFO]rise service: service <C_Forwd>, exitcode <1067>
[2014-01-07 12:43:59][2748][INFO]rise service: service <C_Forwd>, exitcode <1067>
[2014-01-07 12:44:04][2748][INFO]rise service: service <C_Forwd>, exitcode <1067>
[2014-01-07 12:44:09][2748][INFO]rise service: service <C_Forwd>, exitcode <1067>
[2014-01-07 12:44:14][2748][INFO]rise service: service <C_Forwd>, exitcode <1067>
[2014-01-07 12:44:19][2748][INFO]rise service: service <C_Forwd>, exitcode <1067>
[2014-01-07 12:44:24][2748][INFO]rise service: service <C_Forwd>, exitcode <1067>
[2014-01-07 12:44:29][2748][INFO]rise service: service <C_Forwd>, exitcode <1067>
[2014-01-07 12:44:34][2748][INFO]rise service: service <C_Forwd>, exitcode <1067>
[2014-01-07 12:44:39][2748][INFO]rise service: service <C_Forwd>, exitcode <1067>
[2014-01-07 12:44:44][2748][INFO]rise service: service <C_Forwd>, exitcode <1067>
[2014-01-07 12:44:49][2748][INFO]rise service: service <C_Forwd>, exitcode <1067>
[2014-01-07 12:44:54][2748][INFO]rise service: service <C_Forwd>, exitcode <1067>
[2014-01-07 12:44:59][2748][INFO]rise service: service <C_Forwd>, exitcode <1067>
[2014-01-07 12:45:04][2748][INFO]rise service: service <C_Forwd>, exitcode <1067>
[2014-01-07 12:45:09][2748][INFO]rise service: service <C_Forwd>, exitcode <1067>
[2014-01-07 12:45:14][2748][INFO]rise service: service <C_Forwd>, exitcode <1067>
[2014-01-07 12:45:19][2748][INFO]rise service: service <C_Forwd>, exitcode <1067>
[2014-01-07 12:45:24][2748][INFO]rise service: service <C_Forwd>, exitcode <1067>
[2014-01-07 12:45:29][2748][INFO]rise service: service <C_Forwd>, exitcode <1067>
[2014-01-07 12:45:34][2748][INFO]rise service: service <C_Forwd>, exitcode <1067>
[2014-01-07 12:45:39][2748][INFO]rise service: service <C_Forwd>, exitcode <1067>
[2014-01-07 12:45:44][2748][INFO]rise service: service <C_Forwd>, exitcode <1067>
[2014-01-07 12:45:49][2748][INFO]rise service: service <C_Forwd>, exitcode <1067>
[2014-01-07 12:45:54][2748][INFO]rise service: service <C_Forwd>, exitcode <1067>
[2014-01-07 12:45:59][2748][INFO]rise service: service <C_Forwd>, exitcode <1067>
[2014-01-07 12:46:04][2748][INFO]rise service: service <C_Forwd>, exitcode <1067>
[2014-01-07 12:46:09][2748][INFO]rise service: service <C_Forwd>, exitcode <1067>
[2014-01-07 12:46:14][2748][INFO]rise service: service <C_Forwd>, exitcode <1067>
[2014-01-07 12:46:19][2748][INFO]rise service: service <C_Forwd>, exitcode <1067>
[2014-01-07 12:46:24][2748][INFO]rise service: service <C_Forwd>, exitcode <1067>
[2014-01-07 12:46:29][2748][INFO]rise service: service <C_Forwd>, exitcode <1067>
[2014-01-07 12:46:34][2748][INFO]rise service: service <C_Forwd>, exitcode <1067>
[2014-01-07 12:46:39][2748][INFO]rise service: service <C_Forwd>, exitcode <1067>
[2014-01-07 12:46:44][2748][INFO]rise service: service <C_Forwd>, exitcode <1067>
[2014-01-07 12:46:49][2748][INFO]rise service: service <C_Forwd>, exitcode <1067>
[2014-01-07 12:46:54][2748][INFO]rise service: service <C_Forwd>, exitcode <1067>
[2014-01-07 12:46:59][2748][INFO]rise service: service <C_Forwd>, exitcode <1067>
[2014-01-07 12:47:04][2748][INFO]rise service: service <C_Forwd>, exitcode <1067>
[2014-01-07 12:47:09][2748][INFO]rise service: service <C_Forwd>, exitcode <1067>
[2014-01-07 12:47:14][2748][INFO]rise service: service <C_Forwd>, exitcode <1067>
[2014-01-07 12:47:19][2748][INFO]rise service: service <C_Forwd>, exitcode <1067>
[2014-01-07 12:47:24][2748][INFO]rise service: service <C_Forwd>, exitcode <1067>
[2014-01-07 12:47:29][2748][INFO]rise service: service <C_Forwd>, exitcode <1067>
[2014-01-07 12:47:34][2748][INFO]rise service: service <C_Forwd>, exitcode <1067>
[2014-01-07 12:47:40][2748][INFO]rise service: service <C_Forwd>, exitcode <1067>
[2014-01-07 12:47:45][2748][INFO]rise service: service <C_Forwd>, exitcode <1067>
[2014-01-07 12:47:50][2748][INFO]rise service: service <C_Forwd>, exitcode <1067>
[2014-01-07 12:47:55][2748][INFO]rise service: service <C_Forwd>, exitcode <1067>
[2014-01-07 12:48:00][2748][INFO]rise service: service <C_Forwd>, exitcode <1067>
[2014-01-07 12:48:05][2748][INFO]rise service: service <C_Forwd>, exitcode <1067>
[2014-01-07 12:48:10][2748][INFO]rise service: service <C_Forwd>, exitcode <1067>
[2014-01-07 12:48:15][2748][INFO]rise service: service <C_Forwd>, exitcode <1067>
[2014-01-07 12:48:20][2748][INFO]rise service: service <C_Forwd>, exitcode <1067>
[2014-01-07 12:48:25][2748][INFO]rise service: service <C_Forwd>, exitcode <1067>
[2014-01-07 12:48:30][2748][INFO]rise service: service <C_Forwd>, exitcode <1067>
[2014-01-07 12:48:35][2748][INFO]rise service: service <C_Forwd>, exitcode <1067>
[2014-01-07 12:48:40][2748][INFO]rise service: service <C_Forwd>, exitcode <1067>
[2014-01-07 12:48:45][2748][INFO]rise service: service <C_Forwd>, exitcode <1067>
[2014-01-07 12:48:50][2748][INFO]rise service: service <C_Forwd>, exitcode <1067>
[2014-01-07 12:48:55][2748][INFO]rise service: service <C_Forwd>, exitcode <1067>
[2014-01-07 12:49:00][2748][INFO]rise service: service <C_Forwd>, exitcode <1067>
[2014-01-07 12:49:05][2748][INFO]rise service: service <C_Forwd>, exitcode <1067>
[2014-01-07 12:49:10][2748][INFO]rise service: service <C_Forwd>, exitcode <1067>
[2014-01-07 12:49:15][2748][INFO]rise service: service <C_Forwd>, exitcode <1067>
[2014-01-07 12:49:20][2748][INFO]rise service: service <C_Forwd>, exitcode <1067>
[2014-01-07 12:49:25][2748][INFO]rise service: service <C_Forwd>, exitcode <1067>
[2014-01-07 12:49:30][2748][INFO]rise service: service <C_Forwd>, exitcode <1067>
[2014-01-07 12:49:35][2748][INFO]rise service: service <C_Forwd>, exitcode <1067>
[2014-01-07 12:49:40][2748][INFO]rise service: service <C_Forwd>, exitcode <1067>
[2014-01-07 12:49:45][2748][INFO]rise service: service <C_Forwd>, exitcode <1067>
[2014-01-07 12:49:50][2748][INFO]rise service: service <C_Forwd>, exitcode <1067>
[2014-01-07 12:49:55][2748][INFO]rise service: service <C_Forwd>, exitcode <1067>
[2014-01-07 12:50:00][2748][INFO]rise service: service <C_Forwd>, exitcode <1067>
[2014-01-07 12:50:05][2748][INFO]rise service: service <C_Forwd>, exitcode <1067>
[2014-01-07 12:50:10][2748][INFO]rise service: service <C_Forwd>, exitcode <1067>
[2014-01-07 12:50:15][2748][INFO]rise service: service <C_Forwd>, exitcode <1067>
[2014-01-07 12:50:20][2748][INFO]rise service: service <C_Forwd>, exitcode <1067>
[2014-01-07 12:50:25][2748][INFO]rise service: service <C_Forwd>, exitcode <1067>
[2014-01-07 12:50:30][2748][INFO]rise service: service <C_Forwd>, exitcode <1067>
[2014-01-07 12:50:35][2748][INFO]rise service: service <C_Forwd>, exitcode <1067>
[2014-01-07 12:50:40][2748][INFO]rise service: service <C_Forwd>, exitcode <1067>
[2014-01-07 12:50:45][2748][INFO]rise service: service <C_Forwd>, exitcode <1067>
[2014-01-07 12:50:50][2748][INFO]rise service: service <C_Forwd>, exitcode <1067>
[2014-01-07 12:50:55][2748][INFO]rise service: service <C_Forwd>, exitcode <1067>
[2014-01-07 12:51:00][2748][INFO]rise service: service <C_Forwd>, exitcode <1067>
[2014-01-07 12:51:05][2748][INFO]rise service: service <C_Forwd>, exitcode <1067>
[2014-01-07 12:51:10][2748][INFO]rise service: service <C_Forwd>, exitcode <1067>
[2014-01-07 12:51:15][2748][INFO]rise service: service <C_Forwd>, exitcode <1067>
[2014-01-07 12:51:20][2748][INFO]rise service: service <C_Forwd>, exitcode <1067>
[2014-01-07 12:51:25][2748][INFO]rise service: service <C_Forwd>, exitcode <1067>
[2014-01-07 12:51:30][2748][INFO]rise service: service <C_Forwd>, exitcode <1067>
[2014-01-07 12:51:35][2748][INFO]rise service: service <C_Forwd>, exitcode <1067>
[2014-01-07 12:51:40][2748][INFO]rise service: service <C_Forwd>, exitcode <1067>
[2014-01-07 12:51:45][2748][INFO]rise service: service <C_Forwd>, exitcode <1067>
[2014-01-07 12:51:50][2748][INFO]rise service: service <C_Forwd>, exitcode <1067>
[2014-01-07 12:51:55][2748][INFO]rise service: service <C_Forwd>, exitcode <1067>
[2014-01-07 12:52:00][2748][INFO]rise service: service <C_Forwd>, exitcode <1067>
[2014-01-07 12:52:05][2748][INFO]rise service: service <C_Forwd>, exitcode <1067>
[2014-01-07 12:52:10][2748][INFO]rise service: service <C_Forwd>, exitcode <1067>
[2014-01-07 12:52:15][2748][INFO]rise service: service <C_Forwd>, exitcode <1067>
[2014-01-07 12:52:20][2748][INFO]rise service: service <C_Forwd>, exitcode <1067>
[2014-01-07 12:52:25][2748][INFO]rise service: service <C_Forwd>, exitcode <1067>
[2014-01-07 12:52:30][2748][INFO]rise service: service <C_Forwd>, exitcode <1067>
[2014-01-07 12:52:35][2748][INFO]rise service: service <C_Forwd>, exitcode <1067>
[2014-01-07 12:52:40][2748][INFO]rise service: service <C_Forwd>, exitcode <1067>
[2014-01-07 12:52:45][2748][INFO]rise service: service <C_Forwd>, exitcode <1067>
[2014-01-07 12:52:50][2748][INFO]rise service: service <C_Forwd>, exitcode <1067>
[2014-01-07 12:52:55][2748][INFO]rise service: service <C_Forwd>, exitcode <1067>
[2014-01-07 12:53:00][2748][INFO]rise service: service <C_Forwd>, exitcode <1067>
[2014-01-07 12:53:05][2748][INFO]rise service: service <C_Forwd>, exitcode <1067>
[2014-01-07 12:53:10][2748][INFO]rise service: service <C_Forwd>, exitcode <1067>
[2014-01-07 12:53:15][2748][INFO]rise service: service <C_Forwd>, exitcode <1067>
[2014-01-07 12:53:20][2748][INFO]rise service: service <C_Forwd>, exitcode <1067>
[2014-01-07 12:53:25][2748][INFO]rise service: service <C_Forwd>, exitcode <1067>
[2014-01-07 12:53:30][2748][INFO]rise service: service <C_Forwd>, exitcode <1067>
[2014-01-07 12:53:35][2748][INFO]rise service: service <C_Forwd>, exitcode <1067>
[2014-01-07 12:53:40][2748][INFO]rise service: service <C_Forwd>, exitcode <1067>
[2014-01-07 12:53:45][2748][INFO]rise service: service <C_Forwd>, exitcode <1067>
[2014-01-07 12:53:50][2748][INFO]rise service: service <C_Forwd>, exitcode <1067>
[2014-01-07 12:53:55][2748][INFO]rise service: service <C_Forwd>, exitcode <1067>
[2014-01-07 12:54:00][2748][INFO]rise service: service <C_Forwd>, exitcode <1067>
[2014-01-07 12:54:05][2748][INFO]rise service: service <C_Forwd>, exitcode <1067>
[2014-01-07 12:54:10][2748][INFO]rise service: service <C_Forwd>, exitcode <1067>
[2014-01-07 12:54:15][2748][INFO]rise service: service <C_Forwd>, exitcode <1067>
[2014-01-07 12:54:20][2748][INFO]rise service: service <C_Forwd>, exitcode <1067>
[2014-01-07 12:54:25][2748][INFO]rise service: service <C_Forwd>, exitcode <1067>
[2014-01-07 12:54:30][2748][INFO]rise service: service <C_Forwd>, exitcode <1067>
[2014-01-07 12:54:35][2748][INFO]rise service: service <C_Forwd>, exitcode <1067>
[2014-01-07 12:54:40][2748][INFO]rise service: service <C_Forwd>, exitcode <1067>
[2014-01-07 12:54:45][2748][INFO]rise service: service <C_Forwd>, exitcode <1067>
[2014-01-07 12:54:50][2748][INFO]rise service: service <C_Forwd>, exitcode <1067>
[2014-01-07 12:54:55][2748][INFO]rise service: service <C_Forwd>, exitcode <1067>
[2014-01-07 12:55:00][2748][INFO]rise service: service <C_Forwd>, exitcode <1067>
[2014-01-07 12:55:05][2748][INFO]rise service: service <C_Forwd>, exitcode <1067>
[2014-01-07 12:55:10][2748][INFO]rise service: service <C_Forwd>, exitcode <1067>
[2014-01-07 12:55:15][2748][INFO]rise service: service <C_Forwd>, exitcode <1067>
[2014-01-07 12:55:20][2748][INFO]rise service: service <C_Forwd>, exitcode <1067>
[2014-01-07 12:55:25][2748][INFO]rise service: service <C_Forwd>, exitcode <1067>
[2014-01-07 12:55:30][2748][INFO]rise service: service <C_Forwd>, exitcode <1067>
[2014-01-07 12:55:35][2748][INFO]rise service: service <C_Forwd>, exitcode <1067>
[2014-01-07 12:55:40][2748][INFO]rise service: service <C_Forwd>, exitcode <1067>
[2014-01-07 12:55:45][2748][INFO]rise service: service <C_Forwd>, exitcode <1067>
[2014-01-07 12:55:50][2748][INFO]rise service: service <C_Forwd>, exitcode <1067>
[2014-01-07 12:55:55][2748][INFO]rise service: service <C_Forwd>, exitcode <1067>
[2014-01-07 12:56:00][2748][INFO]rise service: service <C_Forwd>, exitcode <1067>
[2014-01-07 12:56:05][2748][INFO]rise service: service <C_Forwd>, exitcode <1067>
[2014-01-07 12:56:10][2748][INFO]rise service: service <C_Forwd>, exitcode <1067>
[2014-01-07 12:56:15][2748][INFO]rise service: service <C_Forwd>, exitcode <1067>
[2014-01-07 12:56:20][2748][INFO]rise service: service <C_Forwd>, exitcode <1067>
[2014-01-07 12:56:25][2748][INFO]rise service: service <C_Forwd>, exitcode <1067>
[2014-01-07 12:56:30][2748][INFO]rise service: service <C_Forwd>, exitcode <1067>
[2014-01-07 12:56:35][2748][INFO]rise service: service <C_Forwd>, exitcode <1067>
[2014-01-07 12:56:40][2748][INFO]rise service: service <C_Forwd>, exitcode <1067>
[2014-01-07 12:56:45][2748][INFO]rise service: service <C_Forwd>, exitcode <1067>
[2014-01-07 12:56:50][2748][INFO]rise service: service <C_Forwd>, exitcode <1067>
[2014-01-07 12:56:55][2748][INFO]rise service: service <C_Forwd>, exitcode <1067>
[2014-01-07 12:57:00][2748][INFO]rise service: service <C_Forwd>, exitcode <1067>
[2014-01-07 12:57:05][2748][INFO]rise service: service <C_Forwd>, exitcode <1067>
[2014-01-07 12:57:10][2748][INFO]rise service: service <C_Forwd>, exitcode <1067>
[2014-01-07 12:57:15][2748][INFO]rise service: service <C_Forwd>, exitcode <1067>
[2014-01-07 12:57:20][2748][INFO]rise service: service <C_Forwd>, exitcode <1067>
[2014-01-07 12:57:25][2748][INFO]rise service: service <C_Forwd>, exitcode <1067>
[2014-01-07 12:57:30][2748][INFO]rise service: service <C_Forwd>, exitcode <1067>
[2014-01-07 12:57:35][2748][INFO]rise service: service <C_Forwd>, exitcode <1067>
[2014-01-07 12:57:40][2748][INFO]rise service: service <C_Forwd>, exitcode <1067>
[2014-01-07 12:57:45][2748][INFO]rise service: service <C_Forwd>, exitcode <1067>
[2014-01-07 12:57:50][2748][INFO]rise service: service <C_Forwd>, exitcode <1067>
[2014-01-07 12:57:55][2748][INFO]rise service: service <C_Forwd>, exitcode <1067>
[2014-01-07 12:58:00][2748][INFO]rise service: service <C_Forwd>, exitcode <1067>
[2014-01-07 12:58:05][2748][INFO]rise service: service <C_Forwd>, exitcode <1067>
[2014-01-07 12:58:10][2748][INFO]rise service: service <C_Forwd>, exitcode <1067>
[2014-01-07 12:58:15][2748][INFO]rise service: service <C_Forwd>, exitcode <1067>
[2014-01-07 12:58:20][2748][INFO]rise service: service <C_Forwd>, exitcode <1067>
[2014-01-07 12:58:25][2748][INFO]rise service: service <C_Forwd>, exitcode <1067>
[2014-01-07 12:58:31][2748][INFO]rise service: service <C_Forwd>, exitcode <1067>
[2014-01-07 12:58:36][2748][INFO]rise service: service <C_Forwd>, exitcode <1067>
[2014-01-07 12:58:41][2748][INFO]rise service: service <C_Forwd>, exitcode <1067>
[2014-01-07 12:58:46][2748][INFO]rise service: service <C_Forwd>, exitcode <1067>
[2014-01-07 12:58:51][2748][INFO]rise service: service <C_Forwd>, exitcode <1067>
[2014-01-07 12:58:56][2748][INFO]rise service: service <C_Forwd>, exitcode <1067>
[2014-01-07 12:59:01][2748][INFO]rise service: service <C_Forwd>, exitcode <1067>
[2014-01-07 12:59:06][2748][INFO]rise service: service <C_Forwd>, exitcode <1067>
[2014-01-07 12:59:11][2748][INFO]rise service: service <C_Forwd>, exitcode <1067>
[2014-01-07 12:59:16][2748][INFO]rise service: service <C_Forwd>, exitcode <1067>
[2014-01-07 12:59:21][2748][INFO]rise service: service <C_Forwd>, exitcode <1067>
[2014-01-07 12:59:26][2748][INFO]rise service: service <C_Forwd>, exitcode <1067>
[2014-01-07 12:59:31][2748][INFO]rise service: service <C_Forwd>, exitcode <1067>
[2014-01-07 12:59:36][2748][INFO]rise service: service <C_Forwd>, exitcode <1067>
[2014-01-07 12:59:41][2748][INFO]rise service: service <C_Forwd>, exitcode <1067>
[2014-01-07 12:59:46][2748][INFO]rise service: service <C_Forwd>, exitcode <1067>
[2014-01-07 12:59:51][2748][INFO]rise service: service <C_Forwd>, exitcode <1067>
[2014-01-07 12:59:56][2748][INFO]rise service: service <C_Forwd>, exitcode <1067>
[2014-01-07 13:00:01][2748][INFO]rise service: service <C_Forwd>, exitcode <1067>
[2014-01-07 13:00:06][2748][INFO]rise service: service <C_Forwd>, exitcode <1067>
[2014-01-07 13:00:11][2748][INFO]rise service: service <C_Forwd>, exitcode <1067>
[2014-01-07 13:00:16][2748][INFO]rise service: service <C_Forwd>, exitcode <1067>
[2014-01-07 13:00:21][2748][INFO]rise service: service <C_Forwd>, exitcode <1067>
[2014-01-07 13:00:26][2748][INFO]rise service: service <C_Forwd>, exitcode <1067>
[2014-01-07 13:00:31][2748][INFO]rise service: service <C_Forwd>, exitcode <1067>
[2014-01-07 13:00:36][2748][INFO]rise service: service <C_Forwd>, exitcode <1067>
[2014-01-07 13:00:41][2748][INFO]rise service: service <C_Forwd>, exitcode <1067>
[2014-01-07 13:00:46][2748][INFO]rise service: service <C_Forwd>, exitcode <1067>
[2014-01-07 13:00:51][2748][INFO]rise service: service <C_Forwd>, exitcode <1067>
[2014-01-07 13:00:56][2748][INFO]rise service: service <C_Forwd>, exitcode <1067>
[2014-01-07 13:01:01][2748][INFO]rise service: service <C_Forwd>, exitcode <1067>
[2014-01-07 13:01:06][2748][INFO]rise service: service <C_Forwd>, exitcode <1067>
[2014-01-07 13:01:11][2748][INFO]rise service: service <C_Forwd>, exitcode <1067>
[2014-01-07 13:01:16][2748][INFO]rise service: service <C_Forwd>, exitcode <1067>
[2014-01-07 13:01:21][2748][INFO]rise service: service <C_Forwd>, exitcode <1067>
[2014-01-07 13:01:26][2748][INFO]rise service: service <C_Forwd>, exitcode <1067>
[2014-01-07 13:01:31][2748][INFO]rise service: service <C_Forwd>, exitcode <1067>
[2014-01-07 13:01:36][2748][INFO]rise service: service <C_Forwd>, exitcode <1067>
[2014-01-07 13:01:41][2748][INFO]rise service: service <C_Forwd>, exitcode <1067>
[2014-01-07 13:01:46][2748][INFO]rise service: service <C_Forwd>, exitcode <1067>
[2014-01-07 13:01:51][2748][INFO]rise service: service <C_Forwd>, exitcode <1067>
[2014-01-07 13:01:56][2748][INFO]rise service: service <C_Forwd>, exitcode <1067>
[2014-01-07 13:02:01][2748][INFO]rise service: service <C_Forwd>, exitcode <1067>
[2014-01-07 13:02:06][2748][INFO]rise service: service <C_Forwd>, exitcode <1067>
[2014-01-07 13:02:11][2748][INFO]rise service: service <C_Forwd>, exitcode <1067>
[2014-01-07 13:02:16][2748][INFO]rise service: service <C_Forwd>, exitcode <1067>
[2014-01-07 13:02:21][2748][INFO]rise service: service <C_Forwd>, exitcode <1067>
[2014-01-07 13:02:26][2748][INFO]rise service: service <C_Forwd>, exitcode <1067>
[2014-01-07 13:02:31][2748][INFO]rise service: service <C_Forwd>, exitcode <1067>
[2014-01-07 13:02:36][2748][INFO]rise service: service <C_Forwd>, exitcode <1067>
[2014-01-07 13:02:41][2748][INFO]rise service: service <C_Forwd>, exitcode <1067>
[2014-01-07 13:02:46][2748][INFO]rise service: service <C_Forwd>, exitcode <1067>
[2014-01-07 13:02:51][2748][INFO]rise service: service <C_Forwd>, exitcode <1067>
[2014-01-07 13:02:56][2748][INFO]rise service: service <C_Forwd>, exitcode <1067>
[2014-01-07 13:03:01][2748][INFO]rise service: service <C_Forwd>, exitcode <1067>
[2014-01-07 13:03:06][2748][INFO]rise service: service <C_Forwd>, exitcode <1067>
[2014-01-07 13:03:11][2748][INFO]rise service: service <C_Forwd>, exitcode <1067>
[2014-01-07 13:03:16][2748][INFO]rise service: service <C_Forwd>, exitcode <1067>
[2014-01-07 13:03:21][2748][INFO]rise service: service <C_Forwd>, exitcode <1067>
[2014-01-07 13:03:26][2748][INFO]rise service: service <C_Forwd>, exitcode <1067>
[2014-01-07 13:03:31][2748][INFO]rise service: service <C_Forwd>, exitcode <1067>
[2014-01-07 13:03:36][2748][INFO]rise service: service <C_Forwd>, exitcode <1067>
[2014-01-07 13:03:41][2748][INFO]rise service: service <C_Forwd>, exitcode <1067>
[2014-01-07 13:03:46][2748][INFO]rise service: service <C_Forwd>, exitcode <1067>
[2014-01-07 13:03:51][2748][INFO]rise service: service <C_Forwd>, exitcode <1067>
[2014-01-07 13:03:56][2748][INFO]rise service: service <C_Forwd>, exitcode <1067>
[2014-01-07 13:04:01][2748][INFO]rise service: service <C_Forwd>, exitcode <1067>
[2014-01-07 13:04:06][2748][INFO]rise service: service <C_Forwd>, exitcode <1067>
[2014-01-07 13:04:11][2748][INFO]rise service: service <C_Forwd>, exitcode <1067>
[2014-01-07 13:04:16][2748][INFO]rise service: service <C_Forwd>, exitcode <1067>
[2014-01-07 13:04:21][2748][INFO]rise service: service <C_Forwd>, exitcode <1067>
[2014-01-07 13:04:26][2748][INFO]rise service: service <C_Forwd>, exitcode <1067>
[2014-01-07 13:04:31][2748][INFO]rise service: service <C_Forwd>, exitcode <1067>
[2014-01-07 13:04:36][2748][INFO]rise service: service <C_Forwd>, exitcode <1067>
[2014-01-07 13:04:41][2748][INFO]rise service: service <C_Forwd>, exitcode <1067>
[2014-01-07 13:04:46][2748][INFO]rise service: service <C_Forwd>, exitcode <1067>
[2014-01-07 13:04:51][2748][INFO]rise service: service <C_Forwd>, exitcode <1067>
[2014-01-07 13:04:56][2748][INFO]rise service: service <C_Forwd>, exitcode <1067>
[2014-01-07 13:05:01][2748][INFO]rise service: service <C_Forwd>, exitcode <1067>
[2014-01-07 13:05:06][2748][INFO]rise service: service <C_Forwd>, exitcode <1067>
[2014-01-07 13:05:11][2748][INFO]rise service: service <C_Forwd>, exitcode <1067>
[2014-01-07 13:05:16][2748][INFO]rise service: service <C_Forwd>, exitcode <1067>
[2014-01-07 13:05:21][2748][INFO]rise service: service <C_Forwd>, exitcode <1067>
[2014-01-07 13:05:26][2748][INFO]rise service: service <C_Forwd>, exitcode <1067>
[2014-01-07 13:05:31][2748][INFO]rise service: service <C_Forwd>, exitcode <1067>
[2014-01-07 13:05:36][2748][INFO]rise service: service <C_Forwd>, exitcode <1067>
[2014-01-07 13:05:41][2748][INFO]rise service: service <C_Forwd>, exitcode <1067>
[2014-01-07 13:05:46][2748][INFO]rise service: service <C_Forwd>, exitcode <1067>
[2014-01-07 13:05:51][2748][INFO]rise service: service <C_Forwd>, exitcode <1067>
[2014-01-07 13:05:56][2748][INFO]rise service: service <C_Forwd>, exitcode <1067>
[2014-01-07 13:06:01][2748][INFO]rise service: service <C_Forwd>, exitcode <1067>
[2014-01-07 13:06:06][2748][INFO]rise service: service <C_Forwd>, exitcode <1067>
[2014-01-07 13:06:11][2748][INFO]rise service: service <C_Forwd>, exitcode <1067>
[2014-01-07 13:06:16][2748][INFO]rise service: service <C_Forwd>, exitcode <1067>
[2014-01-07 13:06:21][2748][INFO]rise service: service <C_Forwd>, exitcode <1067>
[2014-01-07 13:06:26][2748][INFO]rise service: service <C_Forwd>, exitcode <1067>
[2014-01-07 13:06:31][2748][INFO]rise service: service <C_Forwd>, exitcode <1067>
[2014-01-07 13:06:36][2748][INFO]rise service: service <C_Forwd>, exitcode <1067>
[2014-01-07 13:06:41][2748][INFO]rise service: service <C_Forwd>, exitcode <1067>
[2014-01-07 13:06:46][2748][INFO]rise service: service <C_Forwd>, exitcode <1067>
[2014-01-07 13:06:51][2748][INFO]rise service: service <C_Forwd>, exitcode <1067>
[2014-01-07 13:06:56][2748][INFO]rise service: service <C_Forwd>, exitcode <1067>
[2014-01-07 13:07:01][2748][INFO]rise service: service <C_Forwd>, exitcode <1067>
[2014-01-07 13:07:06][2748][INFO]rise service: service <C_Forwd>, exitcode <1067>
[2014-01-07 13:07:11][2748][INFO]rise service: service <C_Forwd>, exitcode <1067>
[2014-01-07 13:07:16][2748][INFO]rise service: service <C_Forwd>, exitcode <1067>
[2014-01-07 13:07:21][2748][INFO]rise service: service <C_Forwd>, exitcode <1067>
[2014-01-07 13:07:26][2748][INFO]rise service: service <C_Forwd>, exitcode <1067>
[2014-01-07 13:07:31][2748][INFO]rise service: service <C_Forwd>, exitcode <1067>
[2014-01-07 13:07:36][2748][INFO]rise service: service <C_Forwd>, exitcode <1067>
[2014-01-07 13:07:41][2748][INFO]rise service: service <C_Forwd>, exitcode <1067>
[2014-01-07 13:07:46][2748][INFO]rise service: service <C_Forwd>, exitcode <1067>
[2014-01-07 13:07:51][2748][INFO]rise service: service <C_Forwd>, exitcode <1067>
[2014-01-07 13:07:56][2748][INFO]rise service: service <C_Forwd>, exitcode <1067>
[2014-01-07 13:08:01][2748][INFO]rise service: service <C_Forwd>, exitcode <1067>
[2014-01-07 13:08:06][2748][INFO]rise service: service <C_Forwd>, exitcode <1067>
[2014-01-07 13:08:11][2748][INFO]rise service: service <C_Forwd>, exitcode <1067>
[2014-01-07 13:08:16][2748][INFO]rise service: service <C_Forwd>, exitcode <1067>
[2014-01-07 13:08:21][2748][INFO]rise service: service <C_Forwd>, exitcode <1067>
[2014-01-07 13:08:26][2748][INFO]rise service: service <C_Forwd>, exitcode <1067>
[2014-01-07 13:08:31][2748][INFO]rise service: service <C_Forwd>, exitcode <1067>
[2014-01-07 13:08:36][2748][INFO]rise service: service <C_Forwd>, exitcode <1067>
[2014-01-07 13:08:41][2748][INFO]rise service: service <C_Forwd>, exitcode <1067>
[2014-01-07 13:08:46][2748][INFO]rise service: service <C_Forwd>, exitcode <1067>
[2014-01-07 13:08:51][2748][INFO]rise service: service <C_Forwd>, exitcode <1067>
[2014-01-07 13:08:56][2748][INFO]rise service: service <C_Forwd>, exitcode <1067>
[2014-01-07 13:09:01][2748][INFO]rise service: service <C_Forwd>, exitcode <1067>
[2014-01-07 13:09:06][2748][INFO]rise service: service <C_Forwd>, exitcode <1067>
[2014-01-07 13:09:11][2748][INFO]rise service: service <C_Forwd>, exitcode <1067>
[2014-01-07 13:09:16][2748][INFO]rise service: service <C_Forwd>, exitcode <1067>
[2014-01-07 13:09:21][2748][INFO]rise service: service <C_Forwd>, exitcode <1067>
[2014-01-07 13:09:26][2748][INFO]rise service: service <C_Forwd>, exitcode <1067>
[2014-01-07 13:09:32][2748][INFO]rise service: service <C_Forwd>, exitcode <1067>
[2014-01-07 13:09:37][2748][INFO]rise service: service <C_Forwd>, exitcode <1067>
[2014-01-07 13:09:42][2748][INFO]rise service: service <C_Forwd>, exitcode <1067>
[2014-01-07 13:09:47][2748][INFO]rise service: service <C_Forwd>, exitcode <1067>
[2014-01-07 13:09:52][2748][INFO]rise service: service <C_Forwd>, exitcode <1067>
[2014-01-07 13:09:57][2748][INFO]rise service: service <C_Forwd>, exitcode <1067>
[2014-01-07 13:10:02][2748][INFO]rise service: service <C_Forwd>, exitcode <1067>
[2014-01-07 13:10:07][2748][INFO]rise service: service <C_Forwd>, exitcode <1067>
[2014-01-07 13:10:12][2748][INFO]rise service: service <C_Forwd>, exitcode <1067>
[2014-01-07 13:10:17][2748][INFO]rise service: service <C_Forwd>, exitcode <1067>
[2014-01-07 13:10:22][2748][INFO]rise service: service <C_Forwd>, exitcode <1067>
[2014-01-07 13:10:27][2748][INFO]rise service: service <C_Forwd>, exitcode <1067>
[2014-01-07 13:10:32][2748][INFO]rise service: service <C_Forwd>, exitcode <1067>
[2014-01-07 13:10:37][2748][INFO]rise service: service <C_Forwd>, exitcode <1067>
[2014-01-07 13:10:42][2748][INFO]rise service: service <C_Forwd>, exitcode <1067>
[2014-01-07 13:10:47][2748][INFO]rise service: service <C_Forwd>, exitcode <1067>
[2014-01-07 13:10:52][2748][INFO]rise service: service <C_Forwd>, exitcode <1067>
[2014-01-07 13:10:57][2748][INFO]rise service: service <C_Forwd>, exitcode <1067>
[2014-01-07 13:11:02][2748][INFO]rise service: service <C_Forwd>, exitcode <1067>
[2014-01-07 13:11:07][2748][INFO]rise service: service <C_Forwd>, exitcode <1067>
[2014-01-07 13:11:12][2748][INFO]rise service: service <C_Forwd>, exitcode <1067>
[2014-01-07 13:11:17][2748][INFO]rise service: service <C_Forwd>, exitcode <1067>
[2014-01-07 13:11:22][2748][INFO]rise service: service <C_Forwd>, exitcode <1067>
[2014-01-07 13:11:27][2748][INFO]rise service: service <C_Forwd>, exitcode <1067>
[2014-01-07 13:11:32][2748][INFO]rise service: service <C_Forwd>, exitcode <1067>
[2014-01-07 13:11:37][2748][INFO]rise service: service <C_Forwd>, exitcode <1067>
[2014-01-07 13:11:42][2748][INFO]rise service: service <C_Forwd>, exitcode <1067>
[2014-01-07 13:11:47][2748][INFO]rise service: service <C_Forwd>, exitcode <1067>
[2014-01-07 13:11:52][2748][INFO]rise service: service <C_Forwd>, exitcode <1067>
[2014-01-07 13:11:57][2748][INFO]rise service: service <C_Forwd>, exitcode <1067>
[2014-01-07 13:12:02][2748][INFO]rise service: service <C_Forwd>, exitcode <1067>
[2014-01-07 13:12:07][2748][INFO]rise service: service <C_Forwd>, exitcode <1067>
[2014-01-07 13:12:12][2748][INFO]rise service: service <C_Forwd>, exitcode <1067>
[2014-01-07 13:12:17][2748][INFO]rise service: service <C_Forwd>, exitcode <1067>
[2014-01-07 13:12:22][2748][INFO]rise service: service <C_Forwd>, exitcode <1067>
[2014-01-07 13:12:27][2748][INFO]rise service: service <C_Forwd>, exitcode <1067>
[2014-01-07 13:12:32][2748][INFO]rise service: service <C_Forwd>, exitcode <1067>
[2014-01-07 13:12:37][2748][INFO]rise service: service <C_Forwd>, exitcode <1067>
[2014-01-07 13:12:42][2748][INFO]rise service: service <C_Forwd>, exitcode <1067>
[2014-01-07 13:12:47][2748][INFO]rise service: service <C_Forwd>, exitcode <1067>
[2014-01-07 13:12:52][2748][INFO]rise service: service <C_Forwd>, exitcode <1067>
[2014-01-07 13:12:57][2748][INFO]rise service: service <C_Forwd>, exitcode <1067>
[2014-01-07 13:13:02][2748][INFO]rise service: service <C_Forwd>, exitcode <1067>
[2014-01-07 13:13:07][2748][INFO]rise service: service <C_Forwd>, exitcode <1067>
[2014-01-07 13:13:12][2748][INFO]rise service: service <C_Forwd>, exitcode <1067>
[2014-01-07 13:13:17][2748][INFO]rise service: service <C_Forwd>, exitcode <1067>
[2014-01-07 13:13:22][2748][INFO]rise service: service <C_Forwd>, exitcode <1067>
[2014-01-07 13:13:27][2748][INFO]rise service: service <C_Forwd>, exitcode <1067>
[2014-01-07 13:13:32][2748][INFO]rise service: service <C_Forwd>, exitcode <1067>
[2014-01-07 13:13:37][2748][INFO]rise service: service <C_Forwd>, exitcode <1067>
[2014-01-07 13:13:42][2748][INFO]rise service: service <C_Forwd>, exitcode <1067>
[2014-01-07 13:13:47][2748][INFO]rise service: service <C_Forwd>, exitcode <1067>
[2014-01-07 13:13:52][2748][INFO]rise service: service <C_Forwd>, exitcode <1067>
[2014-01-07 13:13:57][2748][INFO]rise service: service <C_Forwd>, exitcode <1067>
[2014-01-07 13:14:02][2748][INFO]rise service: service <C_Forwd>, exitcode <1067>
[2014-01-07 13:14:07][2748][INFO]rise service: service <C_Forwd>, exitcode <1067>
[2014-01-07 13:14:12][2748][INFO]rise service: service <C_Forwd>, exitcode <1067>
[2014-01-07 13:14:17][2748][INFO]rise service: service <C_Forwd>, exitcode <1067>
[2014-01-07 13:14:22][2748][INFO]rise service: service <C_Forwd>, exitcode <1067>
[2014-01-07 13:14:27][2748][INFO]rise service: service <C_Forwd>, exitcode <1067>
[2014-01-07 13:14:32][2748][INFO]rise service: service <C_Forwd>, exitcode <1067>
[2014-01-07 13:14:37][2748][INFO]rise service: service <C_Forwd>, exitcode <1067>
[2014-01-07 13:14:42][2748][INFO]rise service: service <C_Forwd>, exitcode <1067>
[2014-01-07 13:14:47][2748][INFO]rise service: service <C_Forwd>, exitcode <1067>
[2014-01-07 13:14:52][2748][INFO]rise service: service <C_Forwd>, exitcode <1067>
[2014-01-07 13:14:57][2748][INFO]rise service: service <C_Forwd>, exitcode <1067>
[2014-01-07 13:15:02][2748][INFO]rise service: service <C_Forwd>, exitcode <1067>
[2014-01-07 13:15:07][2748][INFO]rise service: service <C_Forwd>, exitcode <1067>
[2014-01-07 13:15:12][2748][INFO]rise service: service <C_Forwd>, exitcode <1067>
[2014-01-07 13:15:17][2748][INFO]rise service: service <C_Forwd>, exitcode <1067>
[2014-01-07 13:15:22][2748][INFO]rise service: service <C_Forwd>, exitcode <1067>
[2014-01-07 13:15:27][2748][INFO]rise service: service <C_Forwd>, exitcode <1067>
[2014-01-07 13:15:32][2748][INFO]rise service: service <C_Forwd>, exitcode <1067>
[2014-01-07 13:15:37][2748][INFO]rise service: service <C_Forwd>, exitcode <1067>
[2014-01-07 13:15:42][2748][INFO]rise service: service <C_Forwd>, exitcode <1067>
[2014-01-07 13:15:47][2748][INFO]rise service: service <C_Forwd>, exitcode <1067>
[2014-01-07 13:15:52][2748][INFO]rise service: service <C_Forwd>, exitcode <1067>
[2014-01-07 13:15:57][2748][INFO]rise service: service <C_Forwd>, exitcode <1067>
[2014-01-07 13:16:02][2748][INFO]rise service: service <C_Forwd>, exitcode <1067>
[2014-01-07 13:16:07][2748][INFO]rise service: service <C_Forwd>, exitcode <1067>
[2014-01-07 13:16:12][2748][INFO]rise service: service <C_Forwd>, exitcode <1067>
[2014-01-07 13:16:17][2748][INFO]rise service: service <C_Forwd>, exitcode <1067>
[2014-01-07 13:16:22][2748][INFO]rise service: service <C_Forwd>, exitcode <1067>
[2014-01-07 13:16:27][2748][INFO]rise service: service <C_Forwd>, exitcode <1067>
[2014-01-07 13:16:32][2748][INFO]rise service: service <C_Forwd>, exitcode <1067>
[2014-01-07 13:16:37][2748][INFO]rise service: service <C_Forwd>, exitcode <1067>
[2014-01-07 13:16:42][2748][INFO]rise service: service <C_Forwd>, exitcode <1067>
[2014-01-07 13:16:47][2748][INFO]rise service: service <C_Forwd>, exitcode <1067>
[2014-01-07 13:16:52][2748][INFO]rise service: service <C_Forwd>, exitcode <1067>
[2014-01-07 13:16:57][2748][INFO]rise service: service <C_Forwd>, exitcode <1067>
[2014-01-07 13:17:02][2748][INFO]rise service: service <C_Forwd>, exitcode <1067>
[2014-01-07 13:17:07][2748][INFO]rise service: service <C_Forwd>, exitcode <1067>
[2014-01-07 13:17:12][2748][INFO]rise service: service <C_Forwd>, exitcode <1067>
[2014-01-07 13:17:17][2748][INFO]rise service: service <C_Forwd>, exitcode <1067>
[2014-01-07 13:17:22][2748][INFO]rise service: service <C_Forwd>, exitcode <1067>
[2014-01-07 13:17:27][2748][INFO]rise service: service <C_Forwd>, exitcode <1067>
[2014-01-07 13:17:32][2748][INFO]rise service: service <C_Forwd>, exitcode <1067>
[2014-01-07 13:17:37][2748][INFO]rise service: service <C_Forwd>, exitcode <1067>
[2014-01-07 13:17:42][2748][INFO]rise service: service <C_Forwd>, exitcode <1067>
[2014-01-07 13:17:47][2748][INFO]rise service: service <C_Forwd>, exitcode <1067>
[2014-01-07 13:17:52][2748][INFO]rise service: service <C_Forwd>, exitcode <1067>
[2014-01-07 13:17:57][2748][INFO]rise service: service <C_Forwd>, exitcode <1067>
[2014-01-07 13:18:02][2748][INFO]rise service: service <C_Forwd>, exitcode <1067>
[2014-01-07 13:18:07][2748][INFO]rise service: service <C_Forwd>, exitcode <1067>
[2014-01-07 13:18:12][2748][INFO]rise service: service <C_Forwd>, exitcode <1067>
[2014-01-07 13:18:17][2748][INFO]rise service: service <C_Forwd>, exitcode <1067>
[2014-01-07 13:18:22][2748][INFO]rise service: service <C_Forwd>, exitcode <1067>
[2014-01-07 13:18:27][2748][INFO]rise service: service <C_Forwd>, exitcode <1067>
[2014-01-07 13:18:32][2748][INFO]rise service: service <C_Forwd>, exitcode <1067>
[2014-01-07 13:18:37][2748][INFO]rise service: service <C_Forwd>, exitcode <1067>
[2014-01-07 13:18:42][2748][INFO]rise service: service <C_Forwd>, exitcode <1067>
[2014-01-07 13:18:47][2748][INFO]rise service: service <C_Forwd>, exitcode <1067>
[2014-01-07 13:18:52][2748][INFO]rise service: service <C_Forwd>, exitcode <1067>
[2014-01-07 13:18:57][2748][INFO]rise service: service <C_Forwd>, exitcode <1067>
[2014-01-07 13:19:02][2748][INFO]rise service: service <C_Forwd>, exitcode <1067>
[2014-01-07 13:19:07][2748][INFO]rise service: service <C_Forwd>, exitcode <1067>
[2014-01-07 13:19:12][2748][INFO]rise service: service <C_Forwd>, exitcode <1067>
[2014-01-07 13:19:17][2748][INFO]rise service: service <C_Forwd>, exitcode <1067>
[2014-01-07 13:19:22][2748][INFO]rise service: service <C_Forwd>, exitcode <1067>
[2014-01-07 13:19:27][2748][INFO]rise service: service <C_Forwd>, exitcode <1067>
[2014-01-07 13:19:32][2748][INFO]rise service: service <C_Forwd>, exitcode <1067>
[2014-01-07 13:19:37][2748][INFO]rise service: service <C_Forwd>, exitcode <1067>
[2014-01-07 17:32:43][1524][INFO]service start running: service <C_Media>, exitcode <0>
[2014-01-07 17:32:43][1524][INFO]service start running: service <C_Proxy>, exitcode <0>
[2014-01-07 17:32:43][1524][INFO]service start running: service <C_RTime>, exitcode <0>
[2014-01-07 17:32:48][1524][INFO]service start running: service <C_Task>, exitcode <0>
[2014-01-08 09:46:20][2708][INFO]service start running: service <C_Media>, exitcode <0>
[2014-01-08 09:46:20][2708][INFO]service start running: service <C_Proxy>, exitcode <0>
[2014-01-08 09:46:20][2708][INFO]service start running: service <C_RTime>, exitcode <0>
[2014-01-08 09:46:25][2708][INFO]service start running: service <C_Task>, exitcode <0>
[2014-01-08 12:18:29][2720][INFO]service start running: service <C_Media>, exitcode <0>
[2014-01-08 12:18:29][2720][INFO]service start running: service <C_Proxy>, exitcode <0>
[2014-01-08 12:18:29][2720][INFO]service start running: service <C_RTime>, exitcode <0>
[2014-01-08 12:18:34][2720][INFO]service start running: service <C_Task>, exitcode <0>
[2014-01-09 17:32:32][2708][INFO]service start running: service <C_Media>, exitcode <0>
[2014-01-09 17:32:32][2708][INFO]service start running: service <C_Proxy>, exitcode <0>
[2014-01-09 17:32:32][2708][INFO]service start running: service <C_RTime>, exitcode <0>
[2014-01-09 17:32:37][2708][INFO]service start running: service <C_Task>, exitcode <0>
[2014-01-10 15:49:28][2724][INFO]service start running: service <C_Media>, exitcode <0>
[2014-01-10 15:49:28][2724][INFO]service start running: service <C_Proxy>, exitcode <0>
[2014-01-10 15:49:28][2724][INFO]service start running: service <C_RTime>, exitcode <0>
[2014-01-10 15:49:33][2724][INFO]service start running: service <C_Task>, exitcode <0>
[2014-02-16 09:45:55][2664][INFO]service start running: service <C_Media>, exitcode <0>
[2014-02-16 09:45:55][2664][INFO]service start running: service <C_Proxy>, exitcode <0>
[2014-02-16 09:45:55][2664][INFO]service start running: service <C_RTime>, exitcode <0>
[2014-02-16 09:46:00][2664][INFO]service start running: service <C_Task>, exitcode <0>
[2014-02-17 16:35:59][2664][INFO]service start running: service <C_Media>, exitcode <0>
[2014-02-17 16:35:59][2664][INFO]service start running: service <C_Proxy>, exitcode <0>
[2014-02-17 16:35:59][2664][INFO]service start running: service <C_RTime>, exitcode <0>
[2014-02-17 16:36:04][2664][INFO]service start running: service <C_Task>, exitcode <0>
[2014-02-18 10:05:53][2720][INFO]service start running: service <C_Media>, exitcode <0>
[2014-02-18 10:05:53][2720][INFO]service start running: service <C_Proxy>, exitcode <0>
[2014-02-18 10:05:53][2720][INFO]service start running: service <C_RTime>, exitcode <0>
[2014-02-18 10:05:58][2720][INFO]service start running: service <C_Task>, exitcode <0>
[2014-02-18 17:31:16][2632][INFO]service start running: service <C_Media>, exitcode <0>
[2014-02-18 17:31:16][2632][INFO]service start running: service <C_Proxy>, exitcode <0>
[2014-02-18 17:31:16][2632][INFO]service start running: service <C_RTime>, exitcode <0>
[2014-02-18 17:31:21][2632][INFO]service start running: service <C_Task>, exitcode <0>
[2014-02-18 17:42:46][2632][INFO]service stopped: service <C_RTime>, exitcode <1067>
[2014-02-18 17:42:46][2632][INFO]rise service: service <C_RTime>, exitcode <1067>
[2014-02-18 17:42:51][2632][INFO]service start running: service <C_RTime>, exitcode <0>
[2014-02-19 12:05:35][2616][INFO]service start running: service <C_Media>, exitcode <0>
[2014-02-19 12:05:35][2616][INFO]service start running: service <C_Proxy>, exitcode <0>
[2014-02-19 12:05:35][2616][INFO]service start running: service <C_RTime>, exitcode <0>
[2014-02-19 12:05:40][2616][INFO]service start running: service <C_Task>, exitcode <0>
[2014-02-19 17:31:08][2412][INFO]service start running: service <C_Media>, exitcode <0>
[2014-02-19 17:31:08][2412][INFO]service start running: service <C_Proxy>, exitcode <0>
[2014-02-19 17:31:08][2412][INFO]service start running: service <C_RTime>, exitcode <0>
[2014-02-19 17:31:13][2412][INFO]service start running: service <C_Task>, exitcode <0>
[2014-02-20 16:17:07][2676][INFO]service start running: service <C_Media>, exitcode <0>
[2014-02-20 16:17:07][2676][INFO]service start running: service <C_Proxy>, exitcode <0>
[2014-02-20 16:17:07][2676][INFO]service start running: service <C_RTime>, exitcode <0>
[2014-02-20 16:17:12][2676][INFO]service start running: service <C_Task>, exitcode <0>
[2014-02-20 17:31:39][2636][INFO]service start running: service <C_Media>, exitcode <0>
[2014-02-20 17:31:39][2636][INFO]service start running: service <C_Proxy>, exitcode <0>
[2014-02-20 17:31:39][2636][INFO]service start running: service <C_RTime>, exitcode <0>
[2014-02-20 17:31:44][2636][INFO]service start running: service <C_Task>, exitcode <0>
[2014-02-24 12:04:26][2660][INFO]service start running: service <C_Media>, exitcode <0>
[2014-02-24 12:04:26][2660][INFO]service start running: service <C_Proxy>, exitcode <0>
[2014-02-24 12:04:26][2660][INFO]service start running: service <C_RTime>, exitcode <0>
[2014-02-24 12:04:31][2660][INFO]service start running: service <C_Task>, exitcode <0>
[2014-02-25 12:05:01][2660][INFO]service start running: service <C_Media>, exitcode <0>
[2014-02-25 12:05:01][2660][INFO]service start running: service <C_Proxy>, exitcode <0>
[2014-02-25 12:05:01][2660][INFO]service start running: service <C_RTime>, exitcode <0>
[2014-02-25 12:05:06][2660][INFO]service start running: service <C_Task>, exitcode <0>
[2014-02-25 17:31:51][2628][INFO]service start running: service <C_Media>, exitcode <0>
[2014-02-25 17:31:51][2628][INFO]service start running: service <C_Proxy>, exitcode <0>
[2014-02-25 17:31:51][2628][INFO]service start running: service <C_RTime>, exitcode <0>
[2014-02-25 17:31:56][2628][INFO]service start running: service <C_Task>, exitcode <0>
[2014-02-26 12:03:31][2632][INFO]service start running: service <C_Media>, exitcode <0>
[2014-02-26 12:03:31][2632][INFO]service start running: service <C_Proxy>, exitcode <0>
[2014-02-26 12:03:31][2632][INFO]service start running: service <C_RTime>, exitcode <0>
[2014-02-26 12:03:36][2632][INFO]service start running: service <C_Task>, exitcode <0>
[2014-02-26 17:31:06][2584][INFO]service start running: service <C_Media>, exitcode <0>
[2014-02-26 17:31:06][2584][INFO]service start running: service <C_Proxy>, exitcode <0>
[2014-02-26 17:31:06][2584][INFO]service start running: service <C_RTime>, exitcode <0>
[2014-02-26 17:31:11][2584][INFO]service start running: service <C_Task>, exitcode <0>
[2014-02-27 10:00:40][2596][INFO]service start running: service <C_Media>, exitcode <0>
[2014-02-27 10:00:40][2596][INFO]service start running: service <C_Proxy>, exitcode <0>
[2014-02-27 10:00:40][2596][INFO]service start running: service <C_RTime>, exitcode <0>
[2014-02-27 10:00:45][2596][INFO]service start running: service <C_Task>, exitcode <0>
[2014-02-27 12:26:39][2612][INFO]service start running: service <C_Media>, exitcode <0>
[2014-02-27 12:26:39][2612][INFO]service start running: service <C_Proxy>, exitcode <0>
[2014-02-27 12:26:39][2612][INFO]service start running: service <C_RTime>, exitcode <0>
[2014-02-27 12:26:44][2612][INFO]service start running: service <C_Task>, exitcode <0>
[2014-02-27 17:33:08][2608][INFO]service start running: service <C_Media>, exitcode <0>
[2014-02-27 17:33:08][2608][INFO]service start running: service <C_Proxy>, exitcode <0>
[2014-02-27 17:33:08][2608][INFO]service start running: service <C_RTime>, exitcode <0>
[2014-02-27 17:33:13][2608][INFO]service start running: service <C_Task>, exitcode <0>
[2014-03-03 15:41:50][2604][INFO]service start running: service <C_Media>, exitcode <0>
[2014-03-03 15:41:50][2604][INFO]service start running: service <C_Proxy>, exitcode <0>
[2014-03-03 15:41:50][2604][INFO]service start running: service <C_RTime>, exitcode <0>
[2014-03-03 15:41:55][2604][INFO]service start running: service <C_Task>, exitcode <0>
[2014-03-04 12:02:53][2640][INFO]service start running: service <C_Media>, exitcode <0>
[2014-03-04 12:02:53][2640][INFO]service start running: service <C_Proxy>, exitcode <0>
[2014-03-04 12:02:53][2640][INFO]service start running: service <C_RTime>, exitcode <0>
[2014-03-04 12:02:58][2640][INFO]service start running: service <C_Task>, exitcode <0>
[2014-03-04 15:52:12][2620][INFO]service start running: service <C_Media>, exitcode <0>
[2014-03-04 15:52:12][2620][INFO]service start running: service <C_Proxy>, exitcode <0>
[2014-03-04 15:52:12][2620][INFO]service start running: service <C_RTime>, exitcode <0>
[2014-03-04 15:52:17][2620][INFO]service start running: service <C_Task>, exitcode <0>
[2014-03-04 17:31:38][2640][INFO]service start running: service <C_Media>, exitcode <0>
[2014-03-04 17:31:38][2640][INFO]service start running: service <C_Proxy>, exitcode <0>
[2014-03-04 17:31:38][2640][INFO]service start running: service <C_RTime>, exitcode <0>
[2014-03-04 17:31:43][2640][INFO]service start running: service <C_Task>, exitcode <0>
[2014-03-05 12:27:32][2632][INFO]service start running: service <C_Media>, exitcode <0>
[2014-03-05 12:27:32][2632][INFO]service start running: service <C_Proxy>, exitcode <0>
[2014-03-05 12:27:32][2632][INFO]service start running: service <C_RTime>, exitcode <0>
[2014-03-05 12:27:37][2632][INFO]service start running: service <C_Task>, exitcode <0>
[2014-03-06 15:49:29][2640][INFO]service start running: service <C_Media>, exitcode <0>
[2014-03-06 15:49:29][2640][INFO]service start running: service <C_Proxy>, exitcode <0>
[2014-03-06 15:49:29][2640][INFO]service start running: service <C_RTime>, exitcode <0>
[2014-03-06 15:49:34][2640][INFO]service start running: service <C_Task>, exitcode <0>
[2014-03-10 12:17:40][2616][INFO]service start running: service <C_Media>, exitcode <0>
[2014-03-10 12:17:40][2616][INFO]service start running: service <C_Proxy>, exitcode <0>
[2014-03-10 12:17:40][2616][INFO]service start running: service <C_RTime>, exitcode <0>
[2014-03-10 12:17:45][2616][INFO]service start running: service <C_Task>, exitcode <0>
[2014-03-10 12:56:45][2628][INFO]service start running: service <C_Media>, exitcode <0>
[2014-03-10 12:56:45][2628][INFO]service start running: service <C_Proxy>, exitcode <0>
[2014-03-10 12:56:45][2628][INFO]service start running: service <C_RTime>, exitcode <0>
[2014-03-10 12:56:50][2628][INFO]service start running: service <C_Task>, exitcode <0>
[2014-03-10 13:23:45][2624][INFO]service start running: service <C_Media>, exitcode <0>
[2014-03-10 13:23:45][2624][INFO]service start running: service <C_Proxy>, exitcode <0>
[2014-03-10 13:23:45][2624][INFO]service start running: service <C_RTime>, exitcode <0>
[2014-03-10 13:23:50][2624][INFO]service start running: service <C_Task>, exitcode <0>
[2014-03-11 12:26:55][2640][INFO]service start running: service <C_Media>, exitcode <0>
[2014-03-11 12:26:55][2640][INFO]service start running: service <C_Proxy>, exitcode <0>
[2014-03-11 12:26:55][2640][INFO]service start running: service <C_RTime>, exitcode <0>
[2014-03-11 12:27:00][2640][INFO]service start running: service <C_Task>, exitcode <0>
[2014-03-11 17:33:31][2500][INFO]service start running: service <C_Media>, exitcode <0>
[2014-03-11 17:33:31][2500][INFO]service start running: service <C_Proxy>, exitcode <0>
[2014-03-11 17:33:31][2500][INFO]service start running: service <C_RTime>, exitcode <0>
[2014-03-11 17:33:36][2500][INFO]service start running: service <C_Task>, exitcode <0>
[2014-03-12 12:21:31][2636][INFO]service start running: service <C_Media>, exitcode <0>
[2014-03-12 12:21:31][2636][INFO]service start running: service <C_Proxy>, exitcode <0>
[2014-03-12 12:21:31][2636][INFO]service start running: service <C_RTime>, exitcode <0>
[2014-03-12 12:21:36][2636][INFO]service start running: service <C_Task>, exitcode <0>
[2014-03-12 16:37:53][2624][INFO]service start running: service <C_Media>, exitcode <0>
[2014-03-12 16:37:53][2624][INFO]service start running: service <C_Proxy>, exitcode <0>
[2014-03-12 16:37:53][2624][INFO]service start running: service <C_RTime>, exitcode <0>
[2014-03-12 16:37:58][2624][INFO]service start running: service <C_Task>, exitcode <0>
[2014-03-12 17:58:44][2512][INFO]service start running: service <C_Media>, exitcode <0>
[2014-03-12 17:58:44][2512][INFO]service start running: service <C_Proxy>, exitcode <0>
[2014-03-12 17:58:44][2512][INFO]service start running: service <C_RTime>, exitcode <0>
[2014-03-12 17:58:49][2512][INFO]service start running: service <C_Task>, exitcode <0>
[2014-03-13 16:19:45][2520][INFO]service start running: service <C_Media>, exitcode <0>
[2014-03-13 16:19:45][2520][INFO]service start running: service <C_Proxy>, exitcode <0>
[2014-03-13 16:19:45][2520][INFO]service start running: service <C_RTime>, exitcode <0>
[2014-03-13 16:19:50][2520][INFO]service start running: service <C_Task>, exitcode <0>
[2014-03-15 17:07:29][2540][INFO]service start running: service <C_Media>, exitcode <0>
[2014-03-15 17:07:29][2540][INFO]service start running: service <C_Proxy>, exitcode <0>
[2014-03-15 17:07:29][2540][INFO]service start running: service <C_RTime>, exitcode <0>
[2014-03-15 17:07:34][2540][INFO]service start running: service <C_Task>, exitcode <0>
[2014-03-17 12:40:14][2476][INFO]service start running: service <C_Media>, exitcode <0>
[2014-03-17 12:40:14][2476][INFO]service start running: service <C_Proxy>, exitcode <0>
[2014-03-17 12:40:14][2476][INFO]service start running: service <C_RTime>, exitcode <0>
[2014-03-17 12:40:14][2476][INFO]service start running: service <C_Task>, exitcode <0>
[2014-03-18 12:19:14][2524][INFO]service start running: service <C_Media>, exitcode <0>
[2014-03-18 12:19:14][2524][INFO]service start running: service <C_Proxy>, exitcode <0>
[2014-03-18 12:19:14][2524][INFO]service start running: service <C_RTime>, exitcode <0>
[2014-03-18 12:19:19][2524][INFO]service start running: service <C_Task>, exitcode <0>
[2014-03-19 12:23:23][2640][INFO]service start running: service <C_Media>, exitcode <0>
[2014-03-19 12:23:23][2640][INFO]service start running: service <C_Proxy>, exitcode <0>
[2014-03-19 12:23:23][2640][INFO]service start running: service <C_RTime>, exitcode <0>
[2014-03-19 12:23:28][2640][INFO]service start running: service <C_Task>, exitcode <0>
[2014-03-23 15:42:20][2524][INFO]service start running: service <C_Media>, exitcode <0>
[2014-03-23 15:42:20][2524][INFO]service start running: service <C_Proxy>, exitcode <0>
[2014-03-23 15:42:20][2524][INFO]service start running: service <C_RTime>, exitcode <0>
[2014-03-23 15:42:25][2524][INFO]service start running: service <C_Task>, exitcode <0>
[2014-03-24 12:49:30][2532][INFO]service start running: service <C_Media>, exitcode <0>
[2014-03-24 12:49:30][2532][INFO]service start running: service <C_Proxy>, exitcode <0>
[2014-03-24 12:49:30][2532][INFO]service start running: service <C_RTime>, exitcode <0>
[2014-03-24 12:49:35][2532][INFO]service start running: service <C_Task>, exitcode <0>
[2014-03-25 12:39:38][2524][INFO]service start running: service <C_Media>, exitcode <0>
[2014-03-25 12:39:38][2524][INFO]service start running: service <C_Proxy>, exitcode <0>
[2014-03-25 12:39:38][2524][INFO]service start running: service <C_RTime>, exitcode <0>
[2014-03-25 12:39:44][2524][INFO]service start running: service <C_Task>, exitcode <0>
[2014-03-26 12:36:00][2528][INFO]service start running: service <C_Media>, exitcode <0>
[2014-03-26 12:36:00][2528][INFO]service start running: service <C_Proxy>, exitcode <0>
[2014-03-26 12:36:00][2528][INFO]service start running: service <C_RTime>, exitcode <0>
[2014-03-26 12:36:05][2528][INFO]service start running: service <C_Task>, exitcode <0>
[2014-03-26 17:31:47][2528][INFO]service start running: service <C_Media>, exitcode <0>
[2014-03-26 17:31:47][2528][INFO]service start running: service <C_Proxy>, exitcode <0>
[2014-03-26 17:31:47][2528][INFO]service start running: service <C_RTime>, exitcode <0>
[2014-03-26 17:31:52][2528][INFO]service start running: service <C_Task>, exitcode <0>
[2014-03-28 09:43:25][2552][INFO]service start running: service <C_Media>, exitcode <0>
[2014-03-28 09:43:25][2552][INFO]service start running: service <C_Proxy>, exitcode <0>
[2014-03-28 09:43:25][2552][INFO]service start running: service <C_RTime>, exitcode <0>
[2014-03-28 09:43:30][2552][INFO]service start running: service <C_Task>, exitcode <0>
[2014-03-31 12:35:36][2568][INFO]service start running: service <C_Media>, exitcode <0>
[2014-03-31 12:35:36][2568][INFO]service start running: service <C_Proxy>, exitcode <0>
[2014-03-31 12:35:36][2568][INFO]service start running: service <C_RTime>, exitcode <0>
[2014-03-31 12:35:41][2568][INFO]service start running: service <C_Task>, exitcode <0>
[2014-04-01 12:04:14][2564][INFO]service start running: service <C_Media>, exitcode <0>
[2014-04-01 12:04:14][2564][INFO]service start running: service <C_Proxy>, exitcode <0>
[2014-04-01 12:04:14][2564][INFO]service start running: service <C_RTime>, exitcode <0>
[2014-04-01 12:04:19][2564][INFO]service start running: service <C_Task>, exitcode <0>
[2014-04-02 12:29:03][2556][INFO]service start running: service <C_Media>, exitcode <0>
[2014-04-02 12:29:03][2556][INFO]service start running: service <C_Proxy>, exitcode <0>
[2014-04-02 12:29:03][2556][INFO]service start running: service <C_RTime>, exitcode <0>
[2014-04-02 12:29:08][2556][INFO]service start running: service <C_Task>, exitcode <0>
[2014-04-03 15:44:51][2560][INFO]service start running: service <C_Media>, exitcode <0>
[2014-04-03 15:44:51][2560][INFO]service start running: service <C_Proxy>, exitcode <0>
[2014-04-03 15:44:51][2560][INFO]service start running: service <C_RTime>, exitcode <0>
[2014-04-03 15:44:57][2560][INFO]service start running: service <C_Task>, exitcode <0>
[2014-04-08 12:29:09][2564][INFO]service start running: service <C_Media>, exitcode <0>
[2014-04-08 12:29:09][2564][INFO]service start running: service <C_Proxy>, exitcode <0>
[2014-04-08 12:29:09][2564][INFO]service start running: service <C_RTime>, exitcode <0>
[2014-04-08 12:29:14][2564][INFO]service start running: service <C_Task>, exitcode <0>
[2014-04-09 12:35:25][2604][INFO]service start running: service <C_Media>, exitcode <0>
[2014-04-09 12:35:25][2604][INFO]service start running: service <C_Proxy>, exitcode <0>
[2014-04-09 12:35:25][2604][INFO]service start running: service <C_RTime>, exitcode <0>
[2014-04-09 12:35:30][2604][INFO]service start running: service <C_Task>, exitcode <0>
[2014-04-10 12:43:43][2600][INFO]service start running: service <C_Media>, exitcode <0>
[2014-04-10 12:43:43][2600][INFO]service start running: service <C_Proxy>, exitcode <0>
[2014-04-10 12:43:43][2600][INFO]service start running: service <C_RTime>, exitcode <0>
[2014-04-10 12:43:48][2600][INFO]service start running: service <C_Task>, exitcode <0>
[2014-04-10 12:58:14][2572][INFO]service start running: service <C_Media>, exitcode <0>
[2014-04-10 12:58:14][2572][INFO]service start running: service <C_Proxy>, exitcode <0>
[2014-04-10 12:58:14][2572][INFO]service start running: service <C_RTime>, exitcode <0>
[2014-04-10 12:58:19][2572][INFO]service start running: service <C_Task>, exitcode <0>
[2014-04-14 12:12:22][2556][INFO]service start running: service <C_Media>, exitcode <0>
[2014-04-14 12:12:22][2556][INFO]service start running: service <C_Proxy>, exitcode <0>
[2014-04-14 12:12:22][2556][INFO]service start running: service <C_RTime>, exitcode <0>
[2014-04-14 12:12:27][2556][INFO]service start running: service <C_Task>, exitcode <0>
[2014-04-15 09:58:05][2860][INFO]service start running: service <C_Media>, exitcode <0>
[2014-04-15 09:58:05][2860][INFO]service start running: service <C_Proxy>, exitcode <0>
[2014-04-15 09:58:05][2860][INFO]service start running: service <C_RTime>, exitcode <0>
[2014-04-15 09:58:10][2860][INFO]service start running: service <C_Task>, exitcode <0>
[2014-04-15 12:32:34][2592][INFO]service start running: service <C_Media>, exitcode <0>
[2014-04-15 12:32:34][2592][INFO]service start running: service <C_Proxy>, exitcode <0>
[2014-04-15 12:32:34][2592][INFO]service start running: service <C_RTime>, exitcode <0>
[2014-04-15 12:32:39][2592][INFO]service start running: service <C_Task>, exitcode <0>
[2014-04-16 13:14:52][2612][INFO]service start running: service <C_Media>, exitcode <0>
[2014-04-16 13:14:52][2612][INFO]service start running: service <C_Proxy>, exitcode <0>
[2014-04-16 13:14:52][2612][INFO]service start running: service <C_RTime>, exitcode <0>
[2014-04-16 13:14:57][2612][INFO]service start running: service <C_Task>, exitcode <0>
[2014-04-17 12:49:53][2624][INFO]service start running: service <C_Media>, exitcode <0>
[2014-04-17 12:49:53][2624][INFO]service start running: service <C_Proxy>, exitcode <0>
[2014-04-17 12:49:53][2624][INFO]service start running: service <C_RTime>, exitcode <0>
[2014-04-17 12:49:58][2624][INFO]service start running: service <C_Task>, exitcode <0>
[2014-04-21 09:53:26][2620][INFO]service start running: service <C_Media>, exitcode <0>
[2014-04-21 09:53:26][2620][INFO]service start running: service <C_Proxy>, exitcode <0>
[2014-04-21 09:53:26][2620][INFO]service start running: service <C_RTime>, exitcode <0>
[2014-04-21 09:53:31][2620][INFO]service start running: service <C_Task>, exitcode <0>
[2014-04-22 12:26:36][2612][INFO]service start running: service <C_Media>, exitcode <0>
[2014-04-22 12:26:36][2612][INFO]service start running: service <C_Proxy>, exitcode <0>
[2014-04-22 12:26:36][2612][INFO]service start running: service <C_RTime>, exitcode <0>
[2014-04-22 12:26:41][2612][INFO]service start running: service <C_Task>, exitcode <0>
[2014-04-22 17:31:33][2656][INFO]service start running: service <C_Media>, exitcode <0>
[2014-04-22 17:31:33][2656][INFO]service start running: service <C_Proxy>, exitcode <0>
[2014-04-22 17:31:33][2656][INFO]service start running: service <C_RTime>, exitcode <0>
[2014-04-22 17:31:38][2656][INFO]service start running: service <C_Task>, exitcode <0>
[2014-04-23 12:20:07][2612][INFO]service start running: service <C_Media>, exitcode <0>
[2014-04-23 12:20:07][2612][INFO]service start running: service <C_Proxy>, exitcode <0>
[2014-04-23 12:20:07][2612][INFO]service start running: service <C_RTime>, exitcode <0>
[2014-04-23 12:20:12][2612][INFO]service start running: service <C_Task>, exitcode <0>
[2014-04-24 12:38:08][2560][INFO]service start running: service <C_Media>, exitcode <0>
[2014-04-24 12:38:08][2560][INFO]service start running: service <C_Proxy>, exitcode <0>
[2014-04-24 12:38:08][2560][INFO]service start running: service <C_RTime>, exitcode <0>
[2014-04-24 12:38:13][2560][INFO]service start running: service <C_Task>, exitcode <0>
[2014-04-28 17:42:07][2544][INFO]service start running: service <C_Media>, exitcode <0>
[2014-04-28 17:42:07][2544][INFO]service start running: service <C_Proxy>, exitcode <0>
[2014-04-28 17:42:07][2544][INFO]service start running: service <C_RTime>, exitcode <0>
[2014-04-28 17:42:12][2544][INFO]service start running: service <C_Task>, exitcode <0>
[2014-04-29 17:31:09][2564][INFO]service start running: service <C_Media>, exitcode <0>
[2014-04-29 17:31:09][2564][INFO]service start running: service <C_Proxy>, exitcode <0>
[2014-04-29 17:31:09][2564][INFO]service start running: service <C_RTime>, exitcode <0>
[2014-04-29 17:31:14][2564][INFO]service start running: service <C_Task>, exitcode <0>
[2014-05-04 12:04:39][2536][INFO]service start running: service <C_Media>, exitcode <0>
[2014-05-04 12:04:39][2536][INFO]service start running: service <C_Proxy>, exitcode <0>
[2014-05-04 12:04:39][2536][INFO]service start running: service <C_RTime>, exitcode <0>
[2014-05-04 12:04:44][2536][INFO]service start running: service <C_Task>, exitcode <0>
[2014-05-04 12:11:40][2532][INFO]service start running: service <C_Media>, exitcode <0>
[2014-05-04 12:11:40][2532][INFO]service start running: service <C_Proxy>, exitcode <0>
[2014-05-04 12:11:40][2532][INFO]service start running: service <C_RTime>, exitcode <0>
[2014-05-04 12:11:45][2532][INFO]service start running: service <C_Task>, exitcode <0>
[2014-05-05 12:01:30][2560][INFO]service start running: service <C_Media>, exitcode <0>
[2014-05-05 12:01:30][2560][INFO]service start running: service <C_Proxy>, exitcode <0>
[2014-05-05 12:01:30][2560][INFO]service start running: service <C_RTime>, exitcode <0>
[2014-05-05 12:01:35][2560][INFO]service start running: service <C_Task>, exitcode <0>
[2014-05-06 16:17:23][2364][INFO]service start running: service <C_Media>, exitcode <0>
[2014-05-06 16:17:23][2364][INFO]service start running: service <C_Proxy>, exitcode <0>
[2014-05-06 16:17:23][2364][INFO]service start running: service <C_RTime>, exitcode <0>
[2014-05-06 16:17:28][2364][INFO]service start running: service <C_Task>, exitcode <0>
[2014-05-07 12:04:31][2072][INFO]service start running: service <C_Media>, exitcode <0>
[2014-05-07 12:04:31][2072][INFO]service start running: service <C_Proxy>, exitcode <0>
[2014-05-07 12:04:31][2072][INFO]service start running: service <C_RTime>, exitcode <0>
[2014-05-07 12:04:36][2072][INFO]service start running: service <C_Task>, exitcode <0>
[2014-05-08 12:01:19][1596][INFO]service start running: service <C_Media>, exitcode <0>
[2014-05-08 12:01:19][1596][INFO]service start running: service <C_Proxy>, exitcode <0>
[2014-05-08 12:01:19][1596][INFO]service start running: service <C_RTime>, exitcode <0>
[2014-05-08 12:01:24][1596][INFO]service start running: service <C_Task>, exitcode <0>
[2014-05-11 11:40:39][2404][INFO]service start running: service <C_Media>, exitcode <0>
[2014-05-11 11:40:39][2404][INFO]service start running: service <C_Proxy>, exitcode <0>
[2014-05-11 11:40:39][2404][INFO]service start running: service <C_RTime>, exitcode <0>
[2014-05-11 11:40:44][2404][INFO]service start running: service <C_Task>, exitcode <0>
[2014-05-11 13:04:59][2580][INFO]service start running: service <C_Media>, exitcode <0>
[2014-05-11 13:04:59][2580][INFO]service start running: service <C_Proxy>, exitcode <0>
[2014-05-11 13:04:59][2580][INFO]service start running: service <C_RTime>, exitcode <0>
[2014-05-11 13:05:04][2580][INFO]service start running: service <C_Task>, exitcode <0>
[2014-05-11 15:02:33][2832][INFO]service start running: service <C_Media>, exitcode <0>
[2014-05-11 15:02:33][2832][INFO]service start running: service <C_Proxy>, exitcode <0>
[2014-05-11 15:02:33][2832][INFO]service start running: service <C_RTime>, exitcode <0>
[2014-05-11 15:02:38][2832][INFO]service start running: service <C_Task>, exitcode <0>
[2014-05-12 17:06:09][2888][INFO]service start running: service <C_Media>, exitcode <0>
[2014-05-12 17:06:09][2888][INFO]service start running: service <C_Proxy>, exitcode <0>
[2014-05-12 17:06:09][2888][INFO]service start running: service <C_RTime>, exitcode <0>
[2014-05-12 17:06:14][2888][INFO]service start running: service <C_Task>, exitcode <0>
[2014-05-13 16:21:24][2912][INFO]service start running: service <C_Media>, exitcode <0>
[2014-05-13 16:21:24][2912][INFO]service start running: service <C_Proxy>, exitcode <0>
[2014-05-13 16:21:24][2912][INFO]service start running: service <C_RTime>, exitcode <0>
[2014-05-13 16:21:24][2912][INFO]service start running: service <C_Task>, exitcode <0>
[2014-05-14 12:00:41][2860][INFO]service start running: service <C_Media>, exitcode <0>
[2014-05-14 12:00:41][2860][INFO]service start running: service <C_Proxy>, exitcode <0>
[2014-05-14 12:00:41][2860][INFO]service start running: service <C_RTime>, exitcode <0>
[2014-05-14 12:00:46][2860][INFO]service start running: service <C_Task>, exitcode <0>
[2014-05-19 17:59:48][2888][INFO]service start running: service <C_Media>, exitcode <0>
[2014-05-19 17:59:48][2888][INFO]service start running: service <C_Proxy>, exitcode <0>
[2014-05-19 17:59:48][2888][INFO]service start running: service <C_RTime>, exitcode <0>
[2014-05-19 17:59:53][2888][INFO]service start running: service <C_Task>, exitcode <0>
[2014-05-20 16:15:43][2796][INFO]service start running: service <C_Media>, exitcode <0>
[2014-05-20 16:15:43][2796][INFO]service start running: service <C_Proxy>, exitcode <0>
[2014-05-20 16:15:43][2796][INFO]service start running: service <C_RTime>, exitcode <0>
[2014-05-20 16:15:48][2796][INFO]service start running: service <C_Task>, exitcode <0>
[2014-05-21 12:02:05][2872][INFO]service start running: service <C_Media>, exitcode <0>
[2014-05-21 12:02:05][2872][INFO]service start running: service <C_Proxy>, exitcode <0>
[2014-05-21 12:02:05][2872][INFO]service start running: service <C_RTime>, exitcode <0>
[2014-05-21 12:02:10][2872][INFO]service start running: service <C_Task>, exitcode <0>
[2014-05-22 16:16:18][2892][INFO]service start running: service <C_Media>, exitcode <0>
[2014-05-22 16:16:18][2892][INFO]service start running: service <C_Proxy>, exitcode <0>
[2014-05-22 16:16:18][2892][INFO]service start running: service <C_RTime>, exitcode <0>
[2014-05-22 16:16:23][2892][INFO]service start running: service <C_Task>, exitcode <0>
[2014-05-23 16:15:49][348][INFO]service start running: service <C_Media>, exitcode <0>
[2014-05-23 16:15:49][348][INFO]service start running: service <C_Proxy>, exitcode <0>
[2014-05-23 16:15:49][348][INFO]service start running: service <C_RTime>, exitcode <0>
[2014-05-23 16:15:54][348][INFO]service start running: service <C_Task>, exitcode <0>
[2014-05-26 17:08:32][3200][INFO]service start running: service <C_Media>, exitcode <0>
[2014-05-26 17:08:32][3200][INFO]service start running: service <C_Proxy>, exitcode <0>
[2014-05-26 17:08:32][3200][INFO]service start running: service <C_RTime>, exitcode <0>
[2014-05-26 17:08:37][3200][INFO]service start running: service <C_Task>, exitcode <0>
[2014-05-27 16:14:58][1796][INFO]service start running: service <C_Media>, exitcode <0>
[2014-05-27 16:14:58][1796][INFO]service start running: service <C_Proxy>, exitcode <0>
[2014-05-27 16:14:58][1796][INFO]service start running: service <C_RTime>, exitcode <0>
[2014-05-27 16:15:03][1796][INFO]service start running: service <C_Task>, exitcode <0>
[2014-05-27 17:02:42][1924][INFO]service start running: service <C_Media>, exitcode <0>
[2014-05-27 17:02:42][1924][INFO]service start running: service <C_Proxy>, exitcode <0>
[2014-05-27 17:02:42][1924][INFO]service start running: service <C_RTime>, exitcode <0>
[2014-05-27 17:02:47][1924][INFO]service start running: service <C_Task>, exitcode <0>
[2014-05-28 18:00:57][1904][INFO]service start running: service <C_Media>, exitcode <0>
[2014-05-28 18:00:57][1904][INFO]service start running: service <C_Proxy>, exitcode <0>
[2014-05-28 18:00:57][1904][INFO]service start running: service <C_RTime>, exitcode <0>
[2014-05-28 18:01:02][1904][INFO]service start running: service <C_Task>, exitcode <0>
[2014-05-28 18:08:57][1904][INFO]service stopped: service <C_RTime>, exitcode <0>
[2014-05-28 18:09:07][1904][INFO]service start running: service <C_RTime>, exitcode <0>
[2014-05-29 11:59:22][1904][INFO]service start running: service <C_Media>, exitcode <0>
[2014-05-29 11:59:22][1904][INFO]service start running: service <C_Proxy>, exitcode <0>
[2014-05-29 11:59:22][1904][INFO]service start running: service <C_RTime>, exitcode <0>
[2014-05-29 11:59:27][1904][INFO]service start running: service <C_Task>, exitcode <0>
[2014-05-29 18:00:15][1928][INFO]service start running: service <C_Media>, exitcode <0>
[2014-05-29 18:00:15][1928][INFO]service start running: service <C_Proxy>, exitcode <0>
[2014-05-29 18:00:15][1928][INFO]service start running: service <C_RTime>, exitcode <0>
[2014-05-29 18:00:35][1928][INFO]service stopped: service <C_Task>, exitcode <1>
[2014-05-29 18:00:35][1928][INFO]rise service: service <C_Task>, exitcode <1>
[2014-05-29 18:00:40][1928][INFO]service start running: service <C_Task>, exitcode <0>
[2014-06-03 17:53:36][1968][INFO]service start running: service <C_Media>, exitcode <0>
[2014-06-03 17:53:36][1968][INFO]service start running: service <C_Proxy>, exitcode <0>
[2014-06-03 17:53:36][1968][INFO]service start running: service <C_RTime>, exitcode <0>
[2014-06-03 17:53:41][1968][INFO]service start running: service <C_Task>, exitcode <0>
[2014-06-04 12:03:39][2004][INFO]service start running: service <C_Media>, exitcode <0>
[2014-06-04 12:03:39][2004][INFO]service start running: service <C_Proxy>, exitcode <0>
[2014-06-04 12:03:39][2004][INFO]service start running: service <C_RTime>, exitcode <0>
[2014-06-04 12:03:44][2004][INFO]service start running: service <C_Task>, exitcode <0>
[2014-06-09 16:10:46][1984][INFO]service start running: service <C_Media>, exitcode <0>
[2014-06-09 16:10:46][1984][INFO]service start running: service <C_Proxy>, exitcode <0>
[2014-06-09 16:10:46][1984][INFO]service start running: service <C_RTime>, exitcode <0>
[2014-06-09 16:10:51][1984][INFO]service start running: service <C_Task>, exitcode <0>
[2014-06-10 13:50:14][2000][INFO]service start running: service <C_Media>, exitcode <0>
[2014-06-10 13:50:14][2000][INFO]service start running: service <C_Proxy>, exitcode <0>
[2014-06-10 13:50:14][2000][INFO]service start running: service <C_RTime>, exitcode <0>
[2014-06-10 13:50:19][2000][INFO]service start running: service <C_Task>, exitcode <0>
[2014-06-11 17:58:16][1980][INFO]service start running: service <C_Media>, exitcode <0>
[2014-06-11 17:58:16][1980][INFO]service start running: service <C_Proxy>, exitcode <0>
[2014-06-11 17:58:16][1980][INFO]service start running: service <C_RTime>, exitcode <0>
[2014-06-11 17:58:21][1980][INFO]service start running: service <C_Task>, exitcode <0>
[2014-06-12 11:59:30][1976][INFO]service start running: service <C_Media>, exitcode <0>
[2014-06-12 11:59:30][1976][INFO]service start running: service <C_Proxy>, exitcode <0>
[2014-06-12 11:59:30][1976][INFO]service start running: service <C_RTime>, exitcode <0>
[2014-06-12 11:59:35][1976][INFO]service start running: service <C_Task>, exitcode <0>
[2014-06-14 14:39:14][2000][INFO]service start running: service <C_Media>, exitcode <0>
[2014-06-14 14:39:14][2000][INFO]service start running: service <C_Proxy>, exitcode <0>
[2014-06-14 14:39:14][2000][INFO]service start running: service <C_RTime>, exitcode <0>
[2014-06-14 14:39:19][2000][INFO]service start running: service <C_Task>, exitcode <0>
[2014-06-14 21:05:08][1940][INFO]service start running: service <C_Media>, exitcode <0>
[2014-06-14 21:05:08][1940][INFO]service start running: service <C_Proxy>, exitcode <0>
[2014-06-14 21:05:08][1940][INFO]service start running: service <C_RTime>, exitcode <0>
[2014-06-14 21:05:13][1940][INFO]service start running: service <C_Task>, exitcode <0>
[2014-06-15 12:03:32][1952][INFO]service start running: service <C_Media>, exitcode <0>
[2014-06-15 12:03:32][1952][INFO]service start running: service <C_Proxy>, exitcode <0>
[2014-06-15 12:03:32][1952][INFO]service start running: service <C_RTime>, exitcode <0>
[2014-06-15 12:03:37][1952][INFO]service start running: service <C_Task>, exitcode <0>
[2014-06-16 12:06:39][1956][INFO]service start running: service <C_Media>, exitcode <0>
[2014-06-16 12:06:39][1956][INFO]service start running: service <C_Proxy>, exitcode <0>
[2014-06-16 12:06:39][1956][INFO]service start running: service <C_RTime>, exitcode <0>
[2014-06-16 12:06:44][1956][INFO]service start running: service <C_Task>, exitcode <0>
[2014-06-17 08:51:40][1948][INFO]service start running: service <C_Media>, exitcode <0>
[2014-06-17 08:51:40][1948][INFO]service start running: service <C_Proxy>, exitcode <0>
[2014-06-17 08:51:40][1948][INFO]service start running: service <C_RTime>, exitcode <0>
[2014-06-17 08:51:45][1948][INFO]service start running: service <C_Task>, exitcode <0>
[2014-06-17 09:40:53][1952][INFO]service start running: service <C_Media>, exitcode <0>
[2014-06-17 09:40:53][1952][INFO]service start running: service <C_Proxy>, exitcode <0>
[2014-06-17 09:40:53][1952][INFO]service start running: service <C_RTime>, exitcode <0>
[2014-06-17 09:40:58][1952][INFO]service start running: service <C_Task>, exitcode <0>
[2014-06-17 12:09:23][1976][INFO]service start running: service <C_Media>, exitcode <0>
[2014-06-17 12:09:23][1976][INFO]service start running: service <C_Proxy>, exitcode <0>
[2014-06-17 12:09:23][1976][INFO]service start running: service <C_RTime>, exitcode <0>
[2014-06-17 12:09:28][1976][INFO]service start running: service <C_Task>, exitcode <0>
[2014-06-18 12:06:10][1964][INFO]service start running: service <C_Media>, exitcode <0>
[2014-06-18 12:06:10][1964][INFO]service start running: service <C_Proxy>, exitcode <0>
[2014-06-18 12:06:10][1964][INFO]service start running: service <C_RTime>, exitcode <0>
[2014-06-18 12:06:15][1964][INFO]service start running: service <C_Task>, exitcode <0>
[2014-06-19 12:03:22][1976][INFO]service start running: service <C_Media>, exitcode <0>
[2014-06-19 12:03:22][1976][INFO]service start running: service <C_Proxy>, exitcode <0>
[2014-06-19 12:03:22][1976][INFO]service start running: service <C_RTime>, exitcode <0>
[2014-06-19 12:03:27][1976][INFO]service start running: service <C_Task>, exitcode <0>
[2014-06-23 12:02:39][320][INFO]service start running: service <C_Media>, exitcode <0>
[2014-06-23 12:02:39][320][INFO]service start running: service <C_Proxy>, exitcode <0>
[2014-06-23 12:02:39][320][INFO]service start running: service <C_RTime>, exitcode <0>
[2014-06-23 12:02:44][320][INFO]service start running: service <C_Task>, exitcode <0>
[2014-06-24 16:23:05][328][INFO]service start running: service <C_Media>, exitcode <0>
[2014-06-24 16:23:05][328][INFO]service start running: service <C_Proxy>, exitcode <0>
[2014-06-24 16:23:05][328][INFO]service start running: service <C_RTime>, exitcode <0>
[2014-06-24 16:23:10][328][INFO]service start running: service <C_Task>, exitcode <0>
[2014-06-24 18:10:53][272][INFO]service start running: service <C_Media>, exitcode <0>
[2014-06-24 18:10:53][272][INFO]service start running: service <C_Proxy>, exitcode <0>
[2014-06-24 18:10:53][272][INFO]service start running: service <C_RTime>, exitcode <0>
[2014-06-24 18:10:58][272][INFO]service start running: service <C_Task>, exitcode <0>
[2014-06-24 18:16:34][272][INFO]service stopped: service <C_RTime>, exitcode <0>
[2014-06-24 18:16:39][272][INFO]service start running: service <C_RTime>, exitcode <0>
[2014-06-24 18:18:25][340][INFO]service start running: service <C_Media>, exitcode <0>
[2014-06-24 18:18:25][340][INFO]service start running: service <C_Proxy>, exitcode <0>
[2014-06-24 18:18:25][340][INFO]service start running: service <C_RTime>, exitcode <0>
[2014-06-24 18:18:30][340][INFO]service start running: service <C_Task>, exitcode <0>
[2014-06-25 12:06:02][324][INFO]service start running: service <C_Media>, exitcode <0>
[2014-06-25 12:06:02][324][INFO]service start running: service <C_Proxy>, exitcode <0>
[2014-06-25 12:06:02][324][INFO]service start running: service <C_RTime>, exitcode <0>
[2014-06-25 12:06:07][324][INFO]service start running: service <C_Task>, exitcode <0>
[2014-06-26 12:03:02][316][INFO]service start running: service <C_Media>, exitcode <0>
[2014-06-26 12:03:02][316][INFO]service start running: service <C_Proxy>, exitcode <0>
[2014-06-26 12:03:02][316][INFO]service start running: service <C_RTime>, exitcode <0>
[2014-06-26 12:03:07][316][INFO]service start running: service <C_Task>, exitcode <0>
[2014-06-30 16:12:53][320][INFO]service start running: service <C_Media>, exitcode <0>
[2014-06-30 16:12:53][320][INFO]service start running: service <C_Proxy>, exitcode <0>
[2014-06-30 16:12:53][320][INFO]service start running: service <C_RTime>, exitcode <0>
[2014-06-30 16:12:58][320][INFO]service start running: service <C_Task>, exitcode <0>
[2014-07-01 16:23:28][272][INFO]service start running: service <C_Media>, exitcode <0>
[2014-07-01 16:23:28][272][INFO]service start running: service <C_Proxy>, exitcode <0>
[2014-07-01 16:23:28][272][INFO]service start running: service <C_RTime>, exitcode <0>
[2014-07-01 16:23:33][272][INFO]service start running: service <C_Task>, exitcode <0>
[2014-07-02 12:04:54][312][INFO]service start running: service <C_Media>, exitcode <0>
[2014-07-02 12:04:54][312][INFO]service start running: service <C_Proxy>, exitcode <0>
[2014-07-02 12:04:54][312][INFO]service start running: service <C_RTime>, exitcode <0>
[2014-07-02 12:04:59][312][INFO]service start running: service <C_Task>, exitcode <0>
[2014-07-03 08:55:33][120][INFO]service start running: service <C_Media>, exitcode <0>
[2014-07-03 08:55:33][120][INFO]service start running: service <C_Proxy>, exitcode <0>
[2014-07-03 08:55:33][120][INFO]service start running: service <C_RTime>, exitcode <0>
[2014-07-03 08:55:38][120][INFO]service start running: service <C_Task>, exitcode <0>
[2014-07-03 18:29:26][312][INFO]service start running: service <C_Media>, exitcode <0>
[2014-07-03 18:29:26][312][INFO]service start running: service <C_Proxy>, exitcode <0>
[2014-07-03 18:29:26][312][INFO]service start running: service <C_RTime>, exitcode <0>
[2014-07-03 18:29:31][312][INFO]service start running: service <C_Task>, exitcode <0>
[2014-07-04 12:03:06][312][INFO]service start running: service <C_Media>, exitcode <0>
[2014-07-04 12:03:06][312][INFO]service start running: service <C_Proxy>, exitcode <0>
[2014-07-04 12:03:06][312][INFO]service start running: service <C_RTime>, exitcode <0>
[2014-07-04 12:03:11][312][INFO]service start running: service <C_Task>, exitcode <0>
[2014-07-05 13:51:52][324][INFO]service start running: service <C_Media>, exitcode <0>
[2014-07-05 13:51:52][324][INFO]service start running: service <C_Proxy>, exitcode <0>
[2014-07-05 13:51:52][324][INFO]service start running: service <C_RTime>, exitcode <0>
[2014-07-05 13:51:57][324][INFO]service start running: service <C_Task>, exitcode <0>
[2014-07-07 12:31:49][304][INFO]service start running: service <C_Media>, exitcode <0>
[2014-07-07 12:31:49][304][INFO]service start running: service <C_Proxy>, exitcode <0>
[2014-07-07 12:31:49][304][INFO]service start running: service <C_RTime>, exitcode <0>
[2014-07-07 12:31:54][304][INFO]service start running: service <C_Task>, exitcode <0>
[2014-08-07 15:56:14][336][INFO]service start running: service <C_Media>, exitcode <0>
[2014-08-07 15:56:14][336][INFO]service start running: service <C_Proxy>, exitcode <0>
[2014-08-07 15:56:14][336][INFO]service start running: service <C_RTime>, exitcode <0>
[2014-08-07 15:56:19][336][INFO]service start running: service <C_Task>, exitcode <0>
[2014-09-02 12:32:44][328][INFO]service start running: service <C_Media>, exitcode <0>
[2014-09-02 12:32:44][328][INFO]service start running: service <C_Proxy>, exitcode <0>
[2014-09-02 12:32:44][328][INFO]service start running: service <C_RTime>, exitcode <0>
[2014-09-02 12:32:49][328][INFO]service start running: service <C_Task>, exitcode <0>
[2014-09-02 16:22:51][308][INFO]service start running: service <C_Media>, exitcode <0>
[2014-09-02 16:22:51][308][INFO]service start running: service <C_Proxy>, exitcode <0>
[2014-09-02 16:22:51][308][INFO]service start running: service <C_RTime>, exitcode <0>
[2014-09-02 16:22:56][308][INFO]service start running: service <C_Task>, exitcode <0>
[2014-09-03 12:32:38][312][INFO]service start running: service <C_Media>, exitcode <0>
[2014-09-03 12:32:38][312][INFO]service start running: service <C_Proxy>, exitcode <0>
[2014-09-03 12:32:38][312][INFO]service start running: service <C_RTime>, exitcode <0>
[2014-09-03 12:32:43][312][INFO]service start running: service <C_Task>, exitcode <0>
[2014-09-04 16:21:15][1168][INFO]service start running: service <C_Media>, exitcode <0>
[2014-09-04 16:21:15][1168][INFO]service start running: service <C_Proxy>, exitcode <0>
[2014-09-04 16:21:15][1168][INFO]service start running: service <C_RTime>, exitcode <0>
[2014-09-04 16:21:20][1168][INFO]service start running: service <C_Task>, exitcode <0>
[2014-09-05 12:42:24][2060][INFO]service start running: service <C_Media>, exitcode <0>
[2014-09-05 12:42:24][2060][INFO]service start running: service <C_Proxy>, exitcode <0>
[2014-09-05 12:42:24][2060][INFO]service start running: service <C_RTime>, exitcode <0>
[2014-09-05 12:42:29][2060][INFO]service start running: service <C_Task>, exitcode <0>
[2014-09-09 06:08:21][2128][INFO]service start running: service <C_Media>, exitcode <0>
[2014-09-09 06:08:21][2128][INFO]service start running: service <C_Proxy>, exitcode <0>
[2014-09-09 06:08:21][2128][INFO]service start running: service <C_RTime>, exitcode <0>
[2014-09-09 06:08:26][2128][INFO]service start running: service <C_Task>, exitcode <0>
[2014-09-09 08:49:42][2108][INFO]service start running: service <C_Media>, exitcode <0>
[2014-09-09 08:49:42][2108][INFO]service start running: service <C_Proxy>, exitcode <0>
[2014-09-09 08:49:42][2108][INFO]service start running: service <C_RTime>, exitcode <0>
[2014-09-09 08:49:47][2108][INFO]service start running: service <C_Task>, exitcode <0>
[2014-09-09 16:14:58][2108][INFO]service start running: service <C_Media>, exitcode <0>
[2014-09-09 16:14:58][2108][INFO]service start running: service <C_Proxy>, exitcode <0>
[2014-09-09 16:14:58][2108][INFO]service start running: service <C_RTime>, exitcode <0>
[2014-09-09 16:15:03][2108][INFO]service start running: service <C_Task>, exitcode <0>
[2014-09-10 12:04:30][2120][INFO]service start running: service <C_Media>, exitcode <0>
[2014-09-10 12:04:30][2120][INFO]service start running: service <C_Proxy>, exitcode <0>
[2014-09-10 12:04:30][2120][INFO]service start running: service <C_RTime>, exitcode <0>
[2014-09-10 12:04:35][2120][INFO]service start running: service <C_Task>, exitcode <0>
[2014-09-10 18:01:18][2100][INFO]service start running: service <C_Media>, exitcode <0>
[2014-09-10 18:01:18][2100][INFO]service start running: service <C_Proxy>, exitcode <0>
[2014-09-10 18:01:18][2100][INFO]service start running: service <C_RTime>, exitcode <0>
[2014-09-10 18:01:23][2100][INFO]service start running: service <C_Task>, exitcode <0>
[2014-09-11 12:32:02][2156][INFO]service start running: service <C_Media>, exitcode <0>
[2014-09-11 12:32:02][2156][INFO]service start running: service <C_Proxy>, exitcode <0>
[2014-09-11 12:32:02][2156][INFO]service start running: service <C_RTime>, exitcode <0>
[2014-09-11 12:32:07][2156][INFO]service start running: service <C_Task>, exitcode <0>
[2014-09-11 16:43:30][2108][INFO]service start running: service <C_Media>, exitcode <0>
[2014-09-11 16:43:30][2108][INFO]service start running: service <C_Proxy>, exitcode <0>
[2014-09-11 16:43:30][2108][INFO]service start running: service <C_RTime>, exitcode <0>
[2014-09-11 16:43:35][2108][INFO]service start running: service <C_Task>, exitcode <0>
[2014-09-12 08:50:53][2108][INFO]service start running: service <C_Media>, exitcode <0>
[2014-09-12 08:50:53][2108][INFO]service start running: service <C_Proxy>, exitcode <0>
[2014-09-12 08:50:53][2108][INFO]service start running: service <C_RTime>, exitcode <0>
[2014-09-12 08:50:58][2108][INFO]service start running: service <C_Task>, exitcode <0>
[2014-09-15 15:14:45][2104][INFO]service start running: service <C_Media>, exitcode <0>
[2014-09-15 15:14:45][2104][INFO]service start running: service <C_Proxy>, exitcode <0>
[2014-09-15 15:14:45][2104][INFO]service start running: service <C_RTime>, exitcode <0>
[2014-09-15 15:14:50][2104][INFO]service start running: service <C_Task>, exitcode <0>
[2014-09-16 12:46:13][2116][INFO]service start running: service <C_Media>, exitcode <0>
[2014-09-16 12:46:13][2116][INFO]service start running: service <C_Proxy>, exitcode <0>
[2014-09-16 12:46:13][2116][INFO]service start running: service <C_RTime>, exitcode <0>
[2014-09-16 12:46:18][2116][INFO]service start running: service <C_Task>, exitcode <0>
[2014-09-16 16:14:55][2112][INFO]service start running: service <C_Media>, exitcode <0>
[2014-09-16 16:14:55][2112][INFO]service start running: service <C_Proxy>, exitcode <0>
[2014-09-16 16:14:55][2112][INFO]service start running: service <C_RTime>, exitcode <0>
[2014-09-16 16:15:00][2112][INFO]service start running: service <C_Task>, exitcode <0>
[2014-09-17 12:16:02][2120][INFO]service start running: service <C_Media>, exitcode <0>
[2014-09-17 12:16:02][2120][INFO]service start running: service <C_Proxy>, exitcode <0>
[2014-09-17 12:16:02][2120][INFO]service start running: service <C_RTime>, exitcode <0>
[2014-09-17 12:16:07][2120][INFO]service start running: service <C_Task>, exitcode <0>
[2014-09-18 12:02:55][2108][INFO]service start running: service <C_Media>, exitcode <0>
[2014-09-18 12:02:55][2108][INFO]service start running: service <C_Proxy>, exitcode <0>
[2014-09-18 12:02:55][2108][INFO]service start running: service <C_RTime>, exitcode <0>
[2014-09-18 12:03:00][2108][INFO]service start running: service <C_Task>, exitcode <0>
[2014-09-19 09:04:46][2120][INFO]service start running: service <C_Media>, exitcode <0>
[2014-09-19 09:04:46][2120][INFO]service start running: service <C_Proxy>, exitcode <0>
[2014-09-19 09:04:46][2120][INFO]service start running: service <C_RTime>, exitcode <0>
[2014-09-19 09:04:51][2120][INFO]service start running: service <C_Task>, exitcode <0>
[2014-09-19 12:32:55][2096][INFO]service start running: service <C_Media>, exitcode <0>
[2014-09-19 12:32:55][2096][INFO]service start running: service <C_Proxy>, exitcode <0>
[2014-09-19 12:32:55][2096][INFO]service start running: service <C_RTime>, exitcode <0>
[2014-09-19 12:33:00][2096][INFO]service start running: service <C_Task>, exitcode <0>
[2014-09-22 15:17:35][2108][INFO]service start running: service <C_Media>, exitcode <0>
[2014-09-22 15:17:35][2108][INFO]service start running: service <C_Proxy>, exitcode <0>
[2014-09-22 15:17:35][2108][INFO]service start running: service <C_RTime>, exitcode <0>
[2014-09-22 15:17:40][2108][INFO]service start running: service <C_Task>, exitcode <0>
[2014-09-22 15:18:00][2108][INFO]service stopped: service <C_Proxy>, exitcode <1>
[2014-09-22 15:18:00][2108][INFO]rise service: service <C_Proxy>, exitcode <1>
[2014-09-22 15:18:05][2108][INFO]service start running: service <C_Proxy>, exitcode <0>
[2014-09-23 16:12:49][2112][INFO]service start running: service <C_Media>, exitcode <0>
[2014-09-23 16:12:49][2112][INFO]service start running: service <C_Proxy>, exitcode <0>
[2014-09-23 16:12:49][2112][INFO]service start running: service <C_RTime>, exitcode <0>
[2014-09-23 16:12:54][2112][INFO]service start running: service <C_Task>, exitcode <0>
[2014-09-24 12:00:51][2100][INFO]service start running: service <C_Media>, exitcode <0>
[2014-09-24 12:00:51][2100][INFO]service start running: service <C_Proxy>, exitcode <0>
[2014-09-24 12:00:51][2100][INFO]service start running: service <C_RTime>, exitcode <0>
[2014-09-24 12:00:56][2100][INFO]service start running: service <C_Task>, exitcode <0>
[2014-09-25 12:04:32][2100][INFO]service start running: service <C_Media>, exitcode <0>
[2014-09-25 12:04:32][2100][INFO]service start running: service <C_Proxy>, exitcode <0>
[2014-09-25 12:04:32][2100][INFO]service start running: service <C_RTime>, exitcode <0>
[2014-09-25 12:04:37][2100][INFO]service start running: service <C_Task>, exitcode <0>
[2014-09-26 12:23:34][2108][INFO]service start running: service <C_Media>, exitcode <0>
[2014-09-26 12:23:34][2108][INFO]service start running: service <C_Proxy>, exitcode <0>
[2014-09-26 12:23:34][2108][INFO]service start running: service <C_RTime>, exitcode <0>
[2014-09-26 12:23:39][2108][INFO]service start running: service <C_Task>, exitcode <0>
[2014-09-28 08:51:48][2104][INFO]service start running: service <C_Media>, exitcode <0>
[2014-09-28 08:51:48][2104][INFO]service start running: service <C_Proxy>, exitcode <0>
[2014-09-28 08:51:48][2104][INFO]service start running: service <C_RTime>, exitcode <0>
[2014-09-28 08:51:53][2104][INFO]service start running: service <C_Task>, exitcode <0>
[2014-09-28 12:19:43][2112][INFO]service start running: service <C_Media>, exitcode <0>
[2014-09-28 12:19:43][2112][INFO]service start running: service <C_Proxy>, exitcode <0>
[2014-09-28 12:19:43][2112][INFO]service start running: service <C_RTime>, exitcode <0>
[2014-09-28 12:19:48][2112][INFO]service start running: service <C_Task>, exitcode <0>
[2014-09-29 12:09:04][2120][INFO]service start running: service <C_Media>, exitcode <0>
[2014-09-29 12:09:04][2120][INFO]service start running: service <C_Proxy>, exitcode <0>
[2014-09-29 12:09:04][2120][INFO]service start running: service <C_RTime>, exitcode <0>
[2014-09-29 12:09:09][2120][INFO]service start running: service <C_Task>, exitcode <0>
[2014-09-29 12:37:48][2116][INFO]service start running: service <C_Media>, exitcode <0>
[2014-09-29 12:37:48][2116][INFO]service start running: service <C_Proxy>, exitcode <0>
[2014-09-29 12:37:48][2116][INFO]service start running: service <C_RTime>, exitcode <0>
[2014-09-29 12:37:53][2116][INFO]service start running: service <C_Task>, exitcode <0>
[2014-09-30 15:35:22][2116][INFO]service start running: service <C_Media>, exitcode <0>
[2014-09-30 15:35:22][2116][INFO]service start running: service <C_Proxy>, exitcode <0>
[2014-09-30 15:35:22][2116][INFO]service start running: service <C_RTime>, exitcode <0>
[2014-09-30 15:35:27][2116][INFO]service start running: service <C_Task>, exitcode <0>
[2014-10-08 12:26:19][2104][INFO]service start running: service <C_Media>, exitcode <0>
[2014-10-08 12:26:19][2104][INFO]service start running: service <C_Proxy>, exitcode <0>
[2014-10-08 12:26:19][2104][INFO]service start running: service <C_RTime>, exitcode <0>
[2014-10-08 12:26:24][2104][INFO]service start running: service <C_Task>, exitcode <0>
[2014-10-09 12:39:59][2104][INFO]service start running: service <C_Media>, exitcode <0>
[2014-10-09 12:39:59][2104][INFO]service start running: service <C_Proxy>, exitcode <0>
[2014-10-09 12:39:59][2104][INFO]service start running: service <C_RTime>, exitcode <0>
[2014-10-09 12:40:04][2104][INFO]service start running: service <C_Task>, exitcode <0>
[2014-10-10 12:04:18][2112][INFO]service start running: service <C_Media>, exitcode <0>
[2014-10-10 12:04:18][2112][INFO]service start running: service <C_Proxy>, exitcode <0>
[2014-10-10 12:04:18][2112][INFO]service start running: service <C_RTime>, exitcode <0>
[2014-10-10 12:04:23][2112][INFO]service start running: service <C_Task>, exitcode <0>
[2014-10-13 14:44:51][2100][INFO]service start running: service <C_Media>, exitcode <0>
[2014-10-13 14:44:51][2100][INFO]service start running: service <C_Proxy>, exitcode <0>
[2014-10-13 14:44:51][2100][INFO]service start running: service <C_RTime>, exitcode <0>
[2014-10-13 14:44:56][2100][INFO]service start running: service <C_Task>, exitcode <0>
[2014-10-14 12:03:13][2108][INFO]service start running: service <C_Media>, exitcode <0>
[2014-10-14 12:03:13][2108][INFO]service start running: service <C_Proxy>, exitcode <0>
[2014-10-14 12:03:13][2108][INFO]service start running: service <C_RTime>, exitcode <0>
[2014-10-14 12:03:18][2108][INFO]service start running: service <C_Task>, exitcode <0>
[2014-10-15 09:50:40][2104][INFO]service start running: service <C_Media>, exitcode <0>
[2014-10-15 09:50:40][2104][INFO]service start running: service <C_Proxy>, exitcode <0>
[2014-10-15 09:50:40][2104][INFO]service start running: service <C_RTime>, exitcode <0>
[2014-10-15 09:50:45][2104][INFO]service start running: service <C_Task>, exitcode <0>
[2014-10-16 15:55:35][2108][INFO]service start running: service <C_Media>, exitcode <0>
[2014-10-16 15:55:35][2108][INFO]service start running: service <C_Proxy>, exitcode <0>
[2014-10-16 15:55:35][2108][INFO]service start running: service <C_RTime>, exitcode <0>
[2014-10-16 15:55:40][2108][INFO]service start running: service <C_Task>, exitcode <0>
[2014-10-17 12:44:17][2192][INFO]service start running: service <C_Media>, exitcode <0>
[2014-10-17 12:44:17][2192][INFO]service start running: service <C_Proxy>, exitcode <0>
[2014-10-17 12:44:17][2192][INFO]service start running: service <C_RTime>, exitcode <0>
[2014-10-17 12:44:22][2192][INFO]service start running: service <C_Task>, exitcode <0>
[2014-10-20 12:32:21][2152][INFO]service start running: service <C_Media>, exitcode <0>
[2014-10-20 12:32:21][2152][INFO]service start running: service <C_Proxy>, exitcode <0>
[2014-10-20 12:32:21][2152][INFO]service start running: service <C_RTime>, exitcode <0>
[2014-10-20 12:32:26][2152][INFO]service start running: service <C_Task>, exitcode <0>
[2014-10-20 12:57:35][2116][INFO]service start running: service <C_Media>, exitcode <0>
[2014-10-20 12:57:35][2116][INFO]service start running: service <C_Proxy>, exitcode <0>
[2014-10-20 12:57:35][2116][INFO]service start running: service <C_RTime>, exitcode <0>
[2014-10-20 12:57:40][2116][INFO]service start running: service <C_Task>, exitcode <0>
[2014-10-21 15:45:38][2120][INFO]service start running: service <C_Media>, exitcode <0>
[2014-10-21 15:45:38][2120][INFO]service start running: service <C_Proxy>, exitcode <0>
[2014-10-21 15:45:38][2120][INFO]service start running: service <C_RTime>, exitcode <0>
[2014-10-21 15:45:43][2120][INFO]service start running: service <C_Task>, exitcode <0>
[2014-10-22 12:04:32][2116][INFO]service start running: service <C_Media>, exitcode <0>
[2014-10-22 12:04:32][2116][INFO]service start running: service <C_Proxy>, exitcode <0>
[2014-10-22 12:04:32][2116][INFO]service start running: service <C_RTime>, exitcode <0>
[2014-10-22 12:04:37][2116][INFO]service start running: service <C_Task>, exitcode <0>
[2014-10-23 12:32:22][2100][INFO]service start running: service <C_Media>, exitcode <0>
[2014-10-23 12:32:22][2100][INFO]service start running: service <C_Proxy>, exitcode <0>
[2014-10-23 12:32:22][2100][INFO]service start running: service <C_RTime>, exitcode <0>
[2014-10-23 12:32:27][2100][INFO]service start running: service <C_Task>, exitcode <0>
[2014-10-24 12:32:03][2112][INFO]service start running: service <C_Media>, exitcode <0>
[2014-10-24 12:32:03][2112][INFO]service start running: service <C_Proxy>, exitcode <0>
[2014-10-24 12:32:03][2112][INFO]service start running: service <C_RTime>, exitcode <0>
[2014-10-24 12:32:08][2112][INFO]service start running: service <C_Task>, exitcode <0>
[2014-10-26 07:06:30][2104][INFO]service start running: service <C_Media>, exitcode <0>
[2014-10-26 07:06:30][2104][INFO]service start running: service <C_Proxy>, exitcode <0>
[2014-10-26 07:06:30][2104][INFO]service start running: service <C_RTime>, exitcode <0>
[2014-10-26 07:06:35][2104][INFO]service start running: service <C_Task>, exitcode <0>
[2014-10-27 12:35:52][308][INFO]service start running: service <C_Media>, exitcode <0>
[2014-10-27 12:35:52][308][INFO]service start running: service <C_Proxy>, exitcode <0>
[2014-10-27 12:35:52][308][INFO]service start running: service <C_RTime>, exitcode <0>
[2014-10-27 12:35:57][308][INFO]service start running: service <C_Task>, exitcode <0>
[2014-10-27 17:33:06][2112][INFO]service start running: service <C_Media>, exitcode <0>
[2014-10-27 17:33:06][2112][INFO]service start running: service <C_Proxy>, exitcode <0>
[2014-10-27 17:33:06][2112][INFO]service start running: service <C_RTime>, exitcode <0>
[2014-10-27 17:33:11][2112][INFO]service start running: service <C_Task>, exitcode <0>
[2014-10-28 13:35:49][2064][INFO]service start running: service <C_Media>, exitcode <0>
[2014-10-28 13:35:49][2064][INFO]service start running: service <C_Proxy>, exitcode <0>
[2014-10-28 13:35:49][2064][INFO]service start running: service <C_RTime>, exitcode <0>
[2014-10-28 13:35:54][2064][INFO]service start running: service <C_Task>, exitcode <0>
[2014-10-29 12:13:10][2124][INFO]service start running: service <C_Media>, exitcode <0>
[2014-10-29 12:13:10][2124][INFO]service start running: service <C_Proxy>, exitcode <0>
[2014-10-29 12:13:10][2124][INFO]service start running: service <C_RTime>, exitcode <0>
[2014-10-29 12:13:15][2124][INFO]service start running: service <C_Task>, exitcode <0>
[2014-10-29 12:19:09][2100][INFO]service start running: service <C_Media>, exitcode <0>
[2014-10-29 12:19:09][2100][INFO]service start running: service <C_Proxy>, exitcode <0>
[2014-10-29 12:19:09][2100][INFO]service start running: service <C_RTime>, exitcode <0>
[2014-10-29 12:19:14][2100][INFO]service start running: service <C_Task>, exitcode <0>
[2014-10-30 12:31:57][2120][INFO]service start running: service <C_Media>, exitcode <0>
[2014-10-30 12:31:57][2120][INFO]service start running: service <C_Proxy>, exitcode <0>
[2014-10-30 12:31:57][2120][INFO]service start running: service <C_RTime>, exitcode <0>
[2014-10-30 12:32:02][2120][INFO]service start running: service <C_Task>, exitcode <0>
[2014-10-31 12:29:02][2128][INFO]service start running: service <C_Media>, exitcode <0>
[2014-10-31 12:29:02][2128][INFO]service start running: service <C_Proxy>, exitcode <0>
[2014-10-31 12:29:02][2128][INFO]service start running: service <C_RTime>, exitcode <0>
[2014-10-31 12:29:07][2128][INFO]service start running: service <C_Task>, exitcode <0>
[2014-11-03 10:03:46][2128][INFO]service start running: service <C_Media>, exitcode <0>
[2014-11-03 10:03:46][2128][INFO]service start running: service <C_Proxy>, exitcode <0>
[2014-11-03 10:03:46][2128][INFO]service start running: service <C_RTime>, exitcode <0>
[2014-11-03 10:03:51][2128][INFO]service start running: service <C_Task>, exitcode <0>
[2014-11-04 12:33:37][2096][INFO]service start running: service <C_Media>, exitcode <0>
[2014-11-04 12:33:37][2096][INFO]service start running: service <C_Proxy>, exitcode <0>
[2014-11-04 12:33:37][2096][INFO]service start running: service <C_RTime>, exitcode <0>
[2014-11-04 12:33:43][2096][INFO]service start running: service <C_Task>, exitcode <0>
[2014-11-05 12:16:06][2112][INFO]service start running: service <C_Media>, exitcode <0>
[2014-11-05 12:16:06][2112][INFO]service start running: service <C_Proxy>, exitcode <0>
[2014-11-05 12:16:06][2112][INFO]service start running: service <C_RTime>, exitcode <0>
[2014-11-05 12:16:11][2112][INFO]service start running: service <C_Task>, exitcode <0>
[2014-11-06 09:59:21][2132][INFO]service start running: service <C_Media>, exitcode <0>
[2014-11-06 09:59:21][2132][INFO]service start running: service <C_Proxy>, exitcode <0>
[2014-11-06 09:59:21][2132][INFO]service start running: service <C_RTime>, exitcode <0>
[2014-11-06 09:59:26][2132][INFO]service start running: service <C_Task>, exitcode <0>
[2014-11-06 12:35:11][2128][INFO]service start running: service <C_Media>, exitcode <0>
[2014-11-06 12:35:11][2128][INFO]service start running: service <C_Proxy>, exitcode <0>
[2014-11-06 12:35:11][2128][INFO]service start running: service <C_RTime>, exitcode <0>
[2014-11-06 12:35:16][2128][INFO]service start running: service <C_Task>, exitcode <0>
[2014-11-07 12:31:48][2124][INFO]service start running: service <C_Media>, exitcode <0>
[2014-11-07 12:31:48][2124][INFO]service start running: service <C_Proxy>, exitcode <0>
[2014-11-07 12:31:48][2124][INFO]service start running: service <C_RTime>, exitcode <0>
[2014-11-07 12:31:53][2124][INFO]service start running: service <C_Task>, exitcode <0>
[2014-11-08 12:52:27][2116][INFO]service start running: service <C_Media>, exitcode <0>
[2014-11-08 12:52:27][2116][INFO]service start running: service <C_Proxy>, exitcode <0>
[2014-11-08 12:52:27][2116][INFO]service start running: service <C_RTime>, exitcode <0>
[2014-11-08 12:52:32][2116][INFO]service start running: service <C_Task>, exitcode <0>
[2014-11-10 12:49:34][2108][INFO]service start running: service <C_Media>, exitcode <0>
[2014-11-10 12:49:34][2108][INFO]service start running: service <C_Proxy>, exitcode <0>
[2014-11-10 12:49:34][2108][INFO]service start running: service <C_RTime>, exitcode <0>
[2014-11-10 12:49:39][2108][INFO]service start running: service <C_Task>, exitcode <0>
[2014-11-12 12:14:11][2116][INFO]service start running: service <C_Media>, exitcode <0>
[2014-11-12 12:14:11][2116][INFO]service start running: service <C_Proxy>, exitcode <0>
[2014-11-12 12:14:11][2116][INFO]service start running: service <C_RTime>, exitcode <0>
[2014-11-12 12:14:16][2116][INFO]service start running: service <C_Task>, exitcode <0>
[2014-11-13 12:30:52][2116][INFO]service start running: service <C_Media>, exitcode <0>
[2014-11-13 12:30:52][2116][INFO]service start running: service <C_Proxy>, exitcode <0>
[2014-11-13 12:30:52][2116][INFO]service start running: service <C_RTime>, exitcode <0>
[2014-11-13 12:30:57][2116][INFO]service start running: service <C_Task>, exitcode <0>
[2014-11-14 15:52:06][2132][INFO]service start running: service <C_Media>, exitcode <0>
[2014-11-14 15:52:06][2132][INFO]service start running: service <C_Proxy>, exitcode <0>
[2014-11-14 15:52:06][2132][INFO]service start running: service <C_RTime>, exitcode <0>
[2014-11-14 15:52:11][2132][INFO]service start running: service <C_Task>, exitcode <0>
[2014-11-17 12:44:35][2108][INFO]service start running: service <C_Media>, exitcode <0>
[2014-11-17 12:44:35][2108][INFO]service start running: service <C_Proxy>, exitcode <0>
[2014-11-17 12:44:35][2108][INFO]service start running: service <C_RTime>, exitcode <0>
[2014-11-17 12:44:40][2108][INFO]service start running: service <C_Task>, exitcode <0>
[2014-11-18 13:56:23][2104][INFO]service start running: service <C_Media>, exitcode <0>
[2014-11-18 13:56:23][2104][INFO]service start running: service <C_Proxy>, exitcode <0>
[2014-11-18 13:56:23][2104][INFO]service start running: service <C_RTime>, exitcode <0>
[2014-11-18 13:56:28][2104][INFO]service start running: service <C_Task>, exitcode <0>
[2014-11-19 12:18:14][2112][INFO]service start running: service <C_Media>, exitcode <0>
[2014-11-19 12:18:14][2112][INFO]service start running: service <C_Proxy>, exitcode <0>
[2014-11-19 12:18:14][2112][INFO]service start running: service <C_RTime>, exitcode <0>
[2014-11-19 12:18:19][2112][INFO]service start running: service <C_Task>, exitcode <0>
[2014-11-20 15:46:34][2128][INFO]service start running: service <C_Media>, exitcode <0>
[2014-11-20 15:46:34][2128][INFO]service start running: service <C_Proxy>, exitcode <0>
[2014-11-20 15:46:34][2128][INFO]service start running: service <C_RTime>, exitcode <0>
[2014-11-20 15:46:39][2128][INFO]service start running: service <C_Task>, exitcode <0>
[2014-11-24 12:33:10][2100][INFO]service start running: service <C_Media>, exitcode <0>
[2014-11-24 12:33:10][2100][INFO]service start running: service <C_Proxy>, exitcode <0>
[2014-11-24 12:33:10][2100][INFO]service start running: service <C_RTime>, exitcode <0>
[2014-11-24 12:33:15][2100][INFO]service start running: service <C_Task>, exitcode <0>
[2014-11-25 12:38:19][2116][INFO]service start running: service <C_Media>, exitcode <0>
[2014-11-25 12:38:19][2116][INFO]service start running: service <C_Proxy>, exitcode <0>
[2014-11-25 12:38:19][2116][INFO]service start running: service <C_RTime>, exitcode <0>
[2014-11-25 12:38:24][2116][INFO]service start running: service <C_Task>, exitcode <0>
[2014-11-26 14:49:57][2116][INFO]service start running: service <C_Media>, exitcode <0>
[2014-11-26 14:49:57][2116][INFO]service start running: service <C_Proxy>, exitcode <0>
[2014-11-26 14:49:57][2116][INFO]service start running: service <C_RTime>, exitcode <0>
[2014-11-26 14:50:02][2116][INFO]service start running: service <C_Task>, exitcode <0>
[2014-11-27 15:44:54][2128][INFO]service start running: service <C_Media>, exitcode <0>
[2014-11-27 15:44:54][2128][INFO]service start running: service <C_Proxy>, exitcode <0>
[2014-11-27 15:44:54][2128][INFO]service start running: service <C_RTime>, exitcode <0>
[2014-11-27 15:44:59][2128][INFO]service start running: service <C_Task>, exitcode <0>
[2014-11-28 12:50:59][2116][INFO]service start running: service <C_Media>, exitcode <0>
[2014-11-28 12:50:59][2116][INFO]service start running: service <C_Proxy>, exitcode <0>
[2014-11-28 12:50:59][2116][INFO]service start running: service <C_RTime>, exitcode <0>
[2014-11-28 12:51:04][2116][INFO]service start running: service <C_Task>, exitcode <0>
[2014-12-01 12:29:00][2128][INFO]service start running: service <C_Media>, exitcode <0>
[2014-12-01 12:29:00][2128][INFO]service start running: service <C_Proxy>, exitcode <0>
[2014-12-01 12:29:00][2128][INFO]service start running: service <C_RTime>, exitcode <0>
[2014-12-01 12:29:05][2128][INFO]service start running: service <C_Task>, exitcode <0>
[2014-12-02 17:32:07][2124][INFO]service start running: service <C_Media>, exitcode <0>
[2014-12-02 17:32:07][2124][INFO]service start running: service <C_Proxy>, exitcode <0>
[2014-12-02 17:32:07][2124][INFO]service start running: service <C_RTime>, exitcode <0>
[2014-12-02 17:32:12][2124][INFO]service start running: service <C_Task>, exitcode <0>
[2014-12-03 17:21:59][2128][INFO]service start running: service <C_Media>, exitcode <0>
[2014-12-03 17:21:59][2128][INFO]service start running: service <C_Proxy>, exitcode <0>
[2014-12-03 17:21:59][2128][INFO]service start running: service <C_RTime>, exitcode <0>
[2014-12-03 17:22:04][2128][INFO]service start running: service <C_Task>, exitcode <0>
[2014-12-04 12:34:44][2124][INFO]service start running: service <C_Media>, exitcode <0>
[2014-12-04 12:34:44][2124][INFO]service start running: service <C_Proxy>, exitcode <0>
[2014-12-04 12:34:44][2124][INFO]service start running: service <C_RTime>, exitcode <0>
[2014-12-04 12:34:49][2124][INFO]service start running: service <C_Task>, exitcode <0>
[2014-12-05 12:29:44][2160][INFO]service start running: service <C_Media>, exitcode <0>
[2014-12-05 12:29:44][2160][INFO]service start running: service <C_Proxy>, exitcode <0>
[2014-12-05 12:29:44][2160][INFO]service start running: service <C_RTime>, exitcode <0>
[2014-12-05 12:29:49][2160][INFO]service start running: service <C_Task>, exitcode <0>
[2014-12-08 12:10:37][2128][INFO]service start running: service <C_Media>, exitcode <0>
[2014-12-08 12:10:37][2128][INFO]service start running: service <C_Proxy>, exitcode <0>
[2014-12-08 12:10:37][2128][INFO]service start running: service <C_RTime>, exitcode <0>
[2014-12-08 12:10:42][2128][INFO]service start running: service <C_Task>, exitcode <0>
[2014-12-09 13:03:29][2140][INFO]service start running: service <C_Media>, exitcode <0>
[2014-12-09 13:03:29][2140][INFO]service start running: service <C_Proxy>, exitcode <0>
[2014-12-09 13:03:29][2140][INFO]service start running: service <C_RTime>, exitcode <0>
[2014-12-09 13:03:34][2140][INFO]service start running: service <C_Task>, exitcode <0>
[2014-12-10 17:31:55][2128][INFO]service start running: service <C_Media>, exitcode <0>
[2014-12-10 17:31:55][2128][INFO]service start running: service <C_Proxy>, exitcode <0>
[2014-12-10 17:31:55][2128][INFO]service start running: service <C_RTime>, exitcode <0>
[2014-12-10 17:32:00][2128][INFO]service start running: service <C_Task>, exitcode <0>
[2014-12-11 09:48:38][2080][INFO]service start running: service <C_Media>, exitcode <0>
[2014-12-11 09:48:38][2080][INFO]service start running: service <C_Proxy>, exitcode <0>
[2014-12-11 09:48:38][2080][INFO]service start running: service <C_RTime>, exitcode <0>
[2014-12-11 09:48:43][2080][INFO]service start running: service <C_Task>, exitcode <0>
[2014-12-12 14:43:35][2080][INFO]service start running: service <C_Media>, exitcode <0>
[2014-12-12 14:43:35][2080][INFO]service start running: service <C_Proxy>, exitcode <0>
[2014-12-12 14:43:35][2080][INFO]service start running: service <C_RTime>, exitcode <0>
[2014-12-12 14:43:40][2080][INFO]service start running: service <C_Task>, exitcode <0>
[2014-12-15 17:32:20][2132][INFO]service start running: service <C_Media>, exitcode <0>
[2014-12-15 17:32:20][2132][INFO]service start running: service <C_Proxy>, exitcode <0>
[2014-12-15 17:32:20][2132][INFO]service start running: service <C_RTime>, exitcode <0>
[2014-12-15 17:32:25][2132][INFO]service start running: service <C_Task>, exitcode <0>
[2014-12-16 17:35:32][2184][INFO]service start running: service <C_Media>, exitcode <0>
[2014-12-16 17:35:32][2184][INFO]service start running: service <C_Proxy>, exitcode <0>
[2014-12-16 17:35:32][2184][INFO]service start running: service <C_RTime>, exitcode <0>
[2014-12-16 17:35:37][2184][INFO]service start running: service <C_Task>, exitcode <0>
[2014-12-17 17:32:04][2212][INFO]service start running: service <C_Media>, exitcode <0>
[2014-12-17 17:32:04][2212][INFO]service start running: service <C_Proxy>, exitcode <0>
[2014-12-17 17:32:04][2212][INFO]service start running: service <C_RTime>, exitcode <0>
[2014-12-17 17:32:09][2212][INFO]service start running: service <C_Task>, exitcode <0>
[2014-12-18 15:42:38][2124][INFO]service start running: service <C_Media>, exitcode <0>
[2014-12-18 15:42:38][2124][INFO]service start running: service <C_Proxy>, exitcode <0>
[2014-12-18 15:42:38][2124][INFO]service start running: service <C_RTime>, exitcode <0>
[2014-12-18 15:42:43][2124][INFO]service start running: service <C_Task>, exitcode <0>
[2014-12-18 15:52:41][2128][INFO]service start running: service <C_Media>, exitcode <0>
[2014-12-18 15:52:41][2128][INFO]service start running: service <C_Proxy>, exitcode <0>
[2014-12-18 15:52:41][2128][INFO]service start running: service <C_RTime>, exitcode <0>
[2014-12-18 15:52:46][2128][INFO]service start running: service <C_Task>, exitcode <0>
[2014-12-18 15:53:32][2128][INFO]service stopped: service <C_RTime>, exitcode <0>
[2014-12-18 15:55:07][2128][INFO]service start running: service <C_RTime>, exitcode <0>
[2014-12-18 16:02:06][2124][INFO]service start running: service <C_Media>, exitcode <0>
[2014-12-18 16:02:06][2124][INFO]service start running: service <C_Proxy>, exitcode <0>
[2014-12-18 16:02:06][2124][INFO]service start running: service <C_RTime>, exitcode <0>
[2014-12-18 16:02:11][2124][INFO]service start running: service <C_Task>, exitcode <0>
[2014-12-18 16:03:11][2124][INFO]service start running: service <C_RTime>, exitcode <0>
[2014-12-18 16:04:06][2124][INFO]service stopped: service <C_RTime>, exitcode <0>
[2014-12-18 16:04:11][2124][INFO]service start running: service <C_RTime>, exitcode <0>
[2014-12-18 16:14:04][2156][INFO]service start running: service <C_Media>, exitcode <0>
[2014-12-18 16:14:04][2156][INFO]service start running: service <C_Proxy>, exitcode <0>
[2014-12-18 16:14:04][2156][INFO]service start running: service <C_RTime>, exitcode <0>
[2014-12-18 16:14:09][2156][INFO]service start running: service <C_Task>, exitcode <0>
[2014-12-18 16:14:49][2156][INFO]service stopped: service <C_RTime>, exitcode <0>
[2014-12-18 16:14:54][2156][INFO]service start running: service <C_RTime>, exitcode <0>
[2014-12-18 16:23:13][2156][INFO]Monitor Control: service <C_Media>, monitor <1>
[2014-12-18 16:23:13][2156][INFO]Monitor Control: service <C_Proxy>, monitor <1>
[2014-12-18 16:23:13][2156][INFO]Monitor Control: service <C_Forwd>, monitor <1>
[2014-12-18 16:23:13][2156][INFO]Monitor Control: service <C_RTime>, monitor <1>
[2014-12-18 16:23:13][2156][INFO]Monitor Control: service <C_Task>, monitor <1>
[2014-12-18 16:23:13][2156][INFO]Monitor Control: service <C_SMerger>, monitor <1>
[2014-12-18 16:23:13][2156][INFO]Monitor Control: service <sndrec>, monitor <1>
[2014-12-18 16:23:13][2156][INFO]Monitor Control: service <SIPService>, monitor <1>
[2014-12-18 16:23:13][2156][INFO]Monitor Control: service <C_ChannelSvr>, monitor <1>
[2014-12-18 16:23:13][2156][INFO]Monitor Control: service <C_RadioSvr>, monitor <1>
[2014-12-18 16:47:49][2156][INFO]Monitor Control: service <C_Media>, monitor <1>
[2014-12-18 16:47:49][2156][INFO]Monitor Control: service <C_Proxy>, monitor <1>
[2014-12-18 16:47:49][2156][INFO]Monitor Control: service <C_Forwd>, monitor <1>
[2014-12-18 16:47:49][2156][INFO]Monitor Control: service <C_RTime>, monitor <1>
[2014-12-18 16:47:49][2156][INFO]Monitor Control: service <C_Task>, monitor <1>
[2014-12-18 16:47:49][2156][INFO]Monitor Control: service <C_SMerger>, monitor <1>
[2014-12-18 16:47:49][2156][INFO]Monitor Control: service <sndrec>, monitor <1>
[2014-12-18 16:47:49][2156][INFO]Monitor Control: service <SIPService>, monitor <1>
[2014-12-18 16:47:49][2156][INFO]Monitor Control: service <C_ChannelSvr>, monitor <1>
[2014-12-18 16:47:49][2156][INFO]Monitor Control: service <C_RadioSvr>, monitor <1>
[2014-12-18 16:47:50][2156][INFO]Monitor Control: service <C_Media>, monitor <1>
[2014-12-18 16:47:50][2156][INFO]Monitor Control: service <C_Proxy>, monitor <1>
[2014-12-18 16:47:50][2156][INFO]Monitor Control: service <C_Forwd>, monitor <1>
[2014-12-18 16:47:50][2156][INFO]Monitor Control: service <C_RTime>, monitor <1>
[2014-12-18 16:47:50][2156][INFO]Monitor Control: service <C_Task>, monitor <1>
[2014-12-18 16:47:50][2156][INFO]Monitor Control: service <C_SMerger>, monitor <1>
[2014-12-18 16:47:50][2156][INFO]Monitor Control: service <sndrec>, monitor <1>
[2014-12-18 16:47:50][2156][INFO]Monitor Control: service <SIPService>, monitor <1>
[2014-12-18 16:47:50][2156][INFO]Monitor Control: service <C_ChannelSvr>, monitor <1>
[2014-12-18 16:47:50][2156][INFO]Monitor Control: service <C_RadioSvr>, monitor <1>
[2014-12-18 16:47:51][2156][INFO]Monitor Control: service <C_Media>, monitor <1>
[2014-12-18 16:47:51][2156][INFO]Monitor Control: service <C_Proxy>, monitor <1>
[2014-12-18 16:47:51][2156][INFO]Monitor Control: service <C_Forwd>, monitor <1>
[2014-12-18 16:47:51][2156][INFO]Monitor Control: service <C_RTime>, monitor <1>
[2014-12-18 16:47:51][2156][INFO]Monitor Control: service <C_Task>, monitor <1>
[2014-12-18 16:47:51][2156][INFO]Monitor Control: service <C_SMerger>, monitor <1>
[2014-12-18 16:47:51][2156][INFO]Monitor Control: service <sndrec>, monitor <1>
[2014-12-18 16:47:51][2156][INFO]Monitor Control: service <SIPService>, monitor <1>
[2014-12-18 16:47:51][2156][INFO]Monitor Control: service <C_ChannelSvr>, monitor <1>
[2014-12-18 16:47:51][2156][INFO]Monitor Control: service <C_RadioSvr>, monitor <1>
[2014-12-18 16:53:52][2156][INFO]service start running: service <C_RTime>, exitcode <0>
[2014-12-18 16:59:27][2156][INFO]service start running: service <C_RTime>, exitcode <0>
[2014-12-19 12:06:52][2144][INFO]service start running: service <C_Media>, exitcode <0>
[2014-12-19 12:06:52][2144][INFO]service start running: service <C_Proxy>, exitcode <0>
[2014-12-19 12:06:52][2144][INFO]service start running: service <C_RTime>, exitcode <0>
[2014-12-19 12:06:57][2144][INFO]service start running: service <C_Task>, exitcode <0>
[2014-12-22 12:32:54][2120][INFO]service start running: service <C_Media>, exitcode <0>
[2014-12-22 12:32:54][2120][INFO]service start running: service <C_Proxy>, exitcode <0>
[2014-12-22 12:32:54][2120][INFO]service start running: service <C_RTime>, exitcode <0>
[2014-12-22 12:32:59][2120][INFO]service start running: service <C_Task>, exitcode <0>
[2014-12-22 12:34:59][2120][INFO]service stopped: service <C_RTime>, exitcode <0>
[2014-12-22 12:35:04][2120][INFO]service start running: service <C_RTime>, exitcode <0>
[2014-12-22 12:36:05][2128][INFO]service start running: service <C_Media>, exitcode <0>
[2014-12-22 12:36:05][2128][INFO]service start running: service <C_Proxy>, exitcode <0>
[2014-12-22 12:36:05][2128][INFO]service start running: service <C_RTime>, exitcode <0>
[2014-12-22 12:36:10][2128][INFO]service start running: service <C_Task>, exitcode <0>
[2014-12-22 16:51:25][2128][INFO]service start running: service <C_Media>, exitcode <0>
[2014-12-22 16:51:25][2128][INFO]service start running: service <C_Proxy>, exitcode <0>
[2014-12-22 16:51:25][2128][INFO]service start running: service <C_RTime>, exitcode <0>
[2014-12-22 16:51:30][2128][INFO]service start running: service <C_Task>, exitcode <0>
[2014-12-22 16:55:49][2128][INFO]Monitor Control: service <C_Media>, monitor <1>
[2014-12-22 16:55:49][2128][INFO]Monitor Control: service <C_Proxy>, monitor <1>
[2014-12-22 16:55:49][2128][INFO]Monitor Control: service <C_Forwd>, monitor <1>
[2014-12-22 16:55:49][2128][INFO]Monitor Control: service <C_RTime>, monitor <1>
[2014-12-22 16:55:49][2128][INFO]Monitor Control: service <C_Task>, monitor <1>
[2014-12-22 16:55:49][2128][INFO]Monitor Control: service <C_SMerger>, monitor <1>
[2014-12-22 16:55:49][2128][INFO]Monitor Control: service <sndrec>, monitor <1>
[2014-12-22 16:55:49][2128][INFO]Monitor Control: service <SIPService>, monitor <1>
[2014-12-22 16:55:49][2128][INFO]Monitor Control: service <C_ChannelSvr>, monitor <1>
[2014-12-22 16:55:49][2128][INFO]Monitor Control: service <C_RadioSvr>, monitor <1>
[2014-12-22 17:13:04][2104][INFO]service start running: service <C_Media>, exitcode <0>
[2014-12-22 17:13:04][2104][INFO]service start running: service <C_Proxy>, exitcode <0>
[2014-12-22 17:13:04][2104][INFO]service start running: service <C_RTime>, exitcode <0>
[2014-12-22 17:13:09][2104][INFO]service start running: service <C_Task>, exitcode <0>
[2014-12-22 17:13:19][2104][INFO]Monitor Control: service <C_Media>, monitor <1>
[2014-12-22 17:13:19][2104][INFO]Monitor Control: service <C_Proxy>, monitor <1>
[2014-12-22 17:13:19][2104][INFO]Monitor Control: service <C_Forwd>, monitor <1>
[2014-12-22 17:13:19][2104][INFO]Monitor Control: service <C_RTime>, monitor <1>
[2014-12-22 17:13:19][2104][INFO]Monitor Control: service <C_Task>, monitor <1>
[2014-12-22 17:13:19][2104][INFO]Monitor Control: service <C_SMerger>, monitor <1>
[2014-12-22 17:13:19][2104][INFO]Monitor Control: service <sndrec>, monitor <1>
[2014-12-22 17:13:19][2104][INFO]Monitor Control: service <SIPService>, monitor <1>
[2014-12-22 17:13:19][2104][INFO]Monitor Control: service <C_ChannelSvr>, monitor <1>
[2014-12-22 17:13:19][2104][INFO]Monitor Control: service <C_RadioSvr>, monitor <1>
[2014-12-22 17:13:22][2104][INFO]Monitor Control: service <C_Media>, monitor <1>
[2014-12-22 17:13:22][2104][INFO]Monitor Control: service <C_Proxy>, monitor <1>
[2014-12-22 17:13:22][2104][INFO]Monitor Control: service <C_Forwd>, monitor <1>
[2014-12-22 17:13:22][2104][INFO]Monitor Control: service <C_RTime>, monitor <1>
[2014-12-22 17:13:22][2104][INFO]Monitor Control: service <C_Task>, monitor <1>
[2014-12-22 17:13:22][2104][INFO]Monitor Control: service <C_SMerger>, monitor <1>
[2014-12-22 17:13:22][2104][INFO]Monitor Control: service <sndrec>, monitor <1>
[2014-12-22 17:13:22][2104][INFO]Monitor Control: service <SIPService>, monitor <1>
[2014-12-22 17:13:22][2104][INFO]Monitor Control: service <C_ChannelSvr>, monitor <1>
[2014-12-22 17:13:22][2104][INFO]Monitor Control: service <C_RadioSvr>, monitor <1>
[2014-12-22 17:13:22][2104][INFO]Monitor Control: service <C_Media>, monitor <1>
[2014-12-22 17:13:22][2104][INFO]Monitor Control: service <C_Proxy>, monitor <1>
[2014-12-22 17:13:22][2104][INFO]Monitor Control: service <C_Forwd>, monitor <1>
[2014-12-22 17:13:22][2104][INFO]Monitor Control: service <C_RTime>, monitor <1>
[2014-12-22 17:13:22][2104][INFO]Monitor Control: service <C_Task>, monitor <1>
[2014-12-22 17:13:22][2104][INFO]Monitor Control: service <C_SMerger>, monitor <1>
[2014-12-22 17:13:22][2104][INFO]Monitor Control: service <sndrec>, monitor <1>
[2014-12-22 17:13:22][2104][INFO]Monitor Control: service <SIPService>, monitor <1>
[2014-12-22 17:13:22][2104][INFO]Monitor Control: service <C_ChannelSvr>, monitor <1>
[2014-12-22 17:13:22][2104][INFO]Monitor Control: service <C_RadioSvr>, monitor <1>
[2014-12-22 17:13:23][2104][INFO]Monitor Control: service <C_Media>, monitor <1>
[2014-12-22 17:13:23][2104][INFO]Monitor Control: service <C_Proxy>, monitor <1>
[2014-12-22 17:13:23][2104][INFO]Monitor Control: service <C_Forwd>, monitor <1>
[2014-12-22 17:13:23][2104][INFO]Monitor Control: service <C_RTime>, monitor <1>
[2014-12-22 17:13:23][2104][INFO]Monitor Control: service <C_Task>, monitor <1>
[2014-12-22 17:13:23][2104][INFO]Monitor Control: service <C_SMerger>, monitor <1>
[2014-12-22 17:13:23][2104][INFO]Monitor Control: service <sndrec>, monitor <1>
[2014-12-22 17:13:23][2104][INFO]Monitor Control: service <SIPService>, monitor <1>
[2014-12-22 17:13:23][2104][INFO]Monitor Control: service <C_ChannelSvr>, monitor <1>
[2014-12-22 17:13:23][2104][INFO]Monitor Control: service <C_RadioSvr>, monitor <1>
[2014-12-23 12:10:43][2120][INFO]service start running: service <C_Media>, exitcode <0>
[2014-12-23 12:10:43][2120][INFO]service start running: service <C_Proxy>, exitcode <0>
[2014-12-23 12:10:43][2120][INFO]service start running: service <C_RTime>, exitcode <0>
[2014-12-23 12:10:48][2120][INFO]service start running: service <C_Task>, exitcode <0>
[2014-12-24 17:22:19][2160][INFO]service start running: service <C_Media>, exitcode <0>
[2014-12-24 17:22:19][2160][INFO]service start running: service <C_Proxy>, exitcode <0>
[2014-12-24 17:22:19][2160][INFO]service start running: service <C_RTime>, exitcode <0>
[2014-12-24 17:22:24][2160][INFO]service start running: service <C_Task>, exitcode <0>
[2014-12-25 09:44:30][2092][INFO]service start running: service <C_Media>, exitcode <0>
[2014-12-25 09:44:30][2092][INFO]service start running: service <C_Proxy>, exitcode <0>
[2014-12-25 09:44:30][2092][INFO]service start running: service <C_RTime>, exitcode <0>
[2014-12-25 09:44:35][2092][INFO]service start running: service <C_Task>, exitcode <0>
[2014-12-26 12:27:33][2108][INFO]service start running: service <C_Media>, exitcode <0>
[2014-12-26 12:27:33][2108][INFO]service start running: service <C_Proxy>, exitcode <0>
[2014-12-26 12:27:33][2108][INFO]service start running: service <C_RTime>, exitcode <0>
[2014-12-26 12:27:38][2108][INFO]service start running: service <C_Task>, exitcode <0>
[2014-12-28 09:44:25][2152][INFO]service start running: service <C_Media>, exitcode <0>
[2014-12-28 09:44:25][2152][INFO]service start running: service <C_Proxy>, exitcode <0>
[2014-12-28 09:44:25][2152][INFO]service start running: service <C_RTime>, exitcode <0>
[2014-12-28 09:44:30][2152][INFO]service start running: service <C_Task>, exitcode <0>
[2014-12-29 12:41:37][2104][INFO]service start running: service <C_Media>, exitcode <0>
[2014-12-29 12:41:37][2104][INFO]service start running: service <C_Proxy>, exitcode <0>
[2014-12-29 12:41:37][2104][INFO]service start running: service <C_RTime>, exitcode <0>
[2014-12-29 12:41:42][2104][INFO]service start running: service <C_Task>, exitcode <0>
[2014-12-30 12:27:45][2156][INFO]service start running: service <C_Media>, exitcode <0>
[2014-12-30 12:27:45][2156][INFO]service start running: service <C_Proxy>, exitcode <0>
[2014-12-30 12:27:45][2156][INFO]service start running: service <C_RTime>, exitcode <0>
[2014-12-30 12:27:50][2156][INFO]service start running: service <C_Task>, exitcode <0>
[2015-01-04 12:05:14][2184][INFO]service start running: service <C_Media>, exitcode <0>
[2015-01-04 12:05:14][2184][INFO]service start running: service <C_Proxy>, exitcode <0>
[2015-01-04 12:05:14][2184][INFO]service start running: service <C_RTime>, exitcode <0>
[2015-01-04 12:05:19][2184][INFO]service start running: service <C_Task>, exitcode <0>
[2015-01-05 15:46:40][2176][INFO]service start running: service <C_Media>, exitcode <0>
[2015-01-05 15:46:40][2176][INFO]service start running: service <C_Proxy>, exitcode <0>
[2015-01-05 15:46:40][2176][INFO]service start running: service <C_RTime>, exitcode <0>
[2015-01-05 15:46:45][2176][INFO]service start running: service <C_Task>, exitcode <0>
[2015-01-06 15:49:15][2164][INFO]service start running: service <C_Media>, exitcode <0>
[2015-01-06 15:49:15][2164][INFO]service start running: service <C_Proxy>, exitcode <0>
[2015-01-06 15:49:15][2164][INFO]service start running: service <C_RTime>, exitcode <0>
[2015-01-06 15:49:20][2164][INFO]service start running: service <C_Task>, exitcode <0>
[2015-01-07 14:51:43][2108][INFO]service start running: service <C_Media>, exitcode <0>
[2015-01-07 14:51:43][2108][INFO]service start running: service <C_Proxy>, exitcode <0>
[2015-01-07 14:51:43][2108][INFO]service start running: service <C_RTime>, exitcode <0>
[2015-01-07 14:51:48][2108][INFO]service start running: service <C_Task>, exitcode <0>
[2015-01-08 15:50:55][2112][INFO]service start running: service <C_Media>, exitcode <0>
[2015-01-08 15:50:55][2112][INFO]service start running: service <C_Proxy>, exitcode <0>
[2015-01-08 15:50:55][2112][INFO]service start running: service <C_RTime>, exitcode <0>
[2015-01-08 15:51:00][2112][INFO]service start running: service <C_Task>, exitcode <0>
[2015-01-09 16:00:00][2148][INFO]service start running: service <C_Media>, exitcode <0>
[2015-01-09 16:00:00][2148][INFO]service start running: service <C_Proxy>, exitcode <0>
[2015-01-09 16:00:00][2148][INFO]service start running: service <C_RTime>, exitcode <0>
[2015-01-09 16:00:05][2148][INFO]service start running: service <C_Task>, exitcode <0>
[2015-01-12 12:04:12][2156][INFO]service start running: service <C_Media>, exitcode <0>
[2015-01-12 12:04:12][2156][INFO]service start running: service <C_Proxy>, exitcode <0>
[2015-01-12 12:04:12][2156][INFO]service start running: service <C_RTime>, exitcode <0>
[2015-01-12 12:04:17][2156][INFO]service start running: service <C_Task>, exitcode <0>
[2015-01-13 12:52:16][2328][INFO]service start running: service <C_Media>, exitcode <0>
[2015-01-13 12:52:16][2328][INFO]service start running: service <C_Proxy>, exitcode <0>
[2015-01-13 12:52:16][2328][INFO]service start running: service <C_RTime>, exitcode <0>
[2015-01-13 12:52:21][2328][INFO]service start running: service <C_Task>, exitcode <0>
[2015-01-14 09:51:43][2300][INFO]service start running: service <C_Media>, exitcode <0>
[2015-01-14 09:51:43][2300][INFO]service start running: service <C_Proxy>, exitcode <0>
[2015-01-14 09:51:43][2300][INFO]service start running: service <C_RTime>, exitcode <0>
[2015-01-14 09:51:48][2300][INFO]service start running: service <C_Task>, exitcode <0>
[2015-01-15 15:45:36][2300][INFO]service start running: service <C_Media>, exitcode <0>
[2015-01-15 15:45:36][2300][INFO]service start running: service <C_Proxy>, exitcode <0>
[2015-01-15 15:45:36][2300][INFO]service start running: service <C_RTime>, exitcode <0>
[2015-01-15 15:45:41][2300][INFO]service start running: service <C_Task>, exitcode <0>
[2015-01-23 12:31:44][2280][INFO]service start running: service <C_Media>, exitcode <0>
[2015-01-23 12:31:44][2280][INFO]service start running: service <C_Proxy>, exitcode <0>
[2015-01-23 12:31:44][2280][INFO]service start running: service <C_RTime>, exitcode <0>
[2015-01-23 12:31:49][2280][INFO]service start running: service <C_Task>, exitcode <0>
[2015-01-24 09:53:23][2284][INFO]service start running: service <C_Media>, exitcode <0>
[2015-01-24 09:53:23][2284][INFO]service start running: service <C_Proxy>, exitcode <0>
[2015-01-24 09:53:23][2284][INFO]service start running: service <C_RTime>, exitcode <0>
[2015-01-24 09:53:28][2284][INFO]service start running: service <C_Task>, exitcode <0>
[2015-01-25 09:47:03][2268][INFO]service start running: service <C_Media>, exitcode <0>
[2015-01-25 09:47:03][2268][INFO]service start running: service <C_Proxy>, exitcode <0>
[2015-01-25 09:47:03][2268][INFO]service start running: service <C_RTime>, exitcode <0>
[2015-01-25 09:47:08][2268][INFO]service start running: service <C_Task>, exitcode <0>
[2015-01-28 12:05:23][2320][INFO]service start running: service <C_Media>, exitcode <0>
[2015-01-28 12:05:23][2320][INFO]service start running: service <C_Proxy>, exitcode <0>
[2015-01-28 12:05:23][2320][INFO]service start running: service <C_RTime>, exitcode <0>
[2015-01-28 12:05:28][2320][INFO]service start running: service <C_Task>, exitcode <0>
[2015-01-28 15:48:21][2296][INFO]service start running: service <C_Media>, exitcode <0>
[2015-01-28 15:48:21][2296][INFO]service start running: service <C_Proxy>, exitcode <0>
[2015-01-28 15:48:21][2296][INFO]service start running: service <C_RTime>, exitcode <0>
[2015-01-28 15:48:26][2296][INFO]service start running: service <C_Task>, exitcode <0>
[2015-02-06 09:45:03][2332][INFO]service start running: service <C_Media>, exitcode <0>
[2015-02-06 09:45:03][2332][INFO]service start running: service <C_Proxy>, exitcode <0>
[2015-02-06 09:45:03][2332][INFO]service start running: service <C_RTime>, exitcode <0>
[2015-02-06 09:45:08][2332][INFO]service start running: service <C_Task>, exitcode <0>
[2015-03-02 12:31:35][2372][INFO]service start running: service <C_Media>, exitcode <0>
[2015-03-02 12:31:35][2372][INFO]service start running: service <C_Proxy>, exitcode <0>
[2015-03-02 12:31:35][2372][INFO]service start running: service <C_RTime>, exitcode <0>
[2015-03-02 12:31:40][2372][INFO]service start running: service <C_Task>, exitcode <0>
[2015-03-03 11:08:50][2404][INFO]service start running: service <C_Media>, exitcode <0>
[2015-03-03 11:08:50][2404][INFO]service start running: service <C_Proxy>, exitcode <0>
[2015-03-03 11:08:50][2404][INFO]service start running: service <C_RTime>, exitcode <0>
[2015-03-03 11:08:55][2404][INFO]service start running: service <C_Task>, exitcode <0>
[2015-03-04 17:30:50][2416][INFO]service start running: service <C_Media>, exitcode <0>
[2015-03-04 17:30:50][2416][INFO]service start running: service <C_Proxy>, exitcode <0>
[2015-03-04 17:30:50][2416][INFO]service start running: service <C_RTime>, exitcode <0>
[2015-03-04 17:30:55][2416][INFO]service start running: service <C_Task>, exitcode <0>
[2015-03-05 12:15:39][2356][INFO]service start running: service <C_Media>, exitcode <0>
[2015-03-05 12:15:39][2356][INFO]service start running: service <C_Proxy>, exitcode <0>
[2015-03-05 12:15:39][2356][INFO]service start running: service <C_RTime>, exitcode <0>
[2015-03-05 12:15:44][2356][INFO]service start running: service <C_Task>, exitcode <0>
[2015-03-09 12:31:01][2492][INFO]service start running: service <C_Media>, exitcode <0>
[2015-03-09 12:31:01][2492][INFO]service start running: service <C_Proxy>, exitcode <0>
[2015-03-09 12:31:01][2492][INFO]service start running: service <C_RTime>, exitcode <0>
[2015-03-09 12:31:06][2492][INFO]service start running: service <C_Task>, exitcode <0>
[2015-03-10 15:54:47][2516][INFO]service start running: service <C_Media>, exitcode <0>
[2015-03-10 15:54:47][2516][INFO]service start running: service <C_Proxy>, exitcode <0>
[2015-03-10 15:54:47][2516][INFO]service start running: service <C_RTime>, exitcode <0>
[2015-03-10 15:54:52][2516][INFO]service start running: service <C_Task>, exitcode <0>
[2015-03-11 12:22:04][2524][INFO]service start running: service <C_Media>, exitcode <0>
[2015-03-11 12:22:04][2524][INFO]service start running: service <C_Proxy>, exitcode <0>
[2015-03-11 12:22:04][2524][INFO]service start running: service <C_RTime>, exitcode <0>
[2015-03-11 12:22:09][2524][INFO]service start running: service <C_Task>, exitcode <0>
[2015-03-12 12:33:02][2308][INFO]service start running: service <C_Media>, exitcode <0>
[2015-03-12 12:33:02][2308][INFO]service start running: service <C_Proxy>, exitcode <0>
[2015-03-12 12:33:02][2308][INFO]service start running: service <C_RTime>, exitcode <0>
[2015-03-12 12:33:07][2308][INFO]service start running: service <C_Task>, exitcode <0>
[2015-03-13 17:52:09][2232][INFO]service start running: service <C_Media>, exitcode <0>
[2015-03-13 17:52:09][2232][INFO]service start running: service <C_Proxy>, exitcode <0>
[2015-03-13 17:52:09][2232][INFO]service start running: service <C_RTime>, exitcode <0>
[2015-03-13 17:52:14][2232][INFO]service start running: service <C_Task>, exitcode <0>
[2015-03-14 09:46:06][2584][INFO]service start running: service <C_Media>, exitcode <0>
[2015-03-14 09:46:06][2584][INFO]service start running: service <C_Proxy>, exitcode <0>
[2015-03-14 09:46:06][2584][INFO]service start running: service <C_RTime>, exitcode <0>
[2015-03-14 09:46:11][2584][INFO]service start running: service <C_Task>, exitcode <0>
[2015-03-15 09:47:52][2412][INFO]service start running: service <C_Media>, exitcode <0>
[2015-03-15 09:47:52][2412][INFO]service start running: service <C_Proxy>, exitcode <0>
[2015-03-15 09:47:52][2412][INFO]service start running: service <C_RTime>, exitcode <0>
[2015-03-15 09:47:57][2412][INFO]service start running: service <C_Task>, exitcode <0>
[2015-03-15 12:21:14][2708][INFO]service start running: service <C_Media>, exitcode <0>
[2015-03-15 12:21:14][2708][INFO]service start running: service <C_Proxy>, exitcode <0>
[2015-03-15 12:21:14][2708][INFO]service start running: service <C_RTime>, exitcode <0>
[2015-03-15 12:21:19][2708][INFO]service start running: service <C_Task>, exitcode <0>
[2015-03-16 12:22:48][2580][INFO]service start running: service <C_Media>, exitcode <0>
[2015-03-16 12:22:48][2580][INFO]service start running: service <C_Proxy>, exitcode <0>
[2015-03-16 12:22:48][2580][INFO]service start running: service <C_RTime>, exitcode <0>
[2015-03-16 12:22:53][2580][INFO]service start running: service <C_Task>, exitcode <0>
[2015-03-17 13:59:13][2404][INFO]service start running: service <C_Media>, exitcode <0>
[2015-03-17 13:59:13][2404][INFO]service start running: service <C_Proxy>, exitcode <0>
[2015-03-17 13:59:13][2404][INFO]service start running: service <C_RTime>, exitcode <0>
[2015-03-17 13:59:18][2404][INFO]service start running: service <C_Task>, exitcode <0>
[2015-03-18 12:20:35][2416][INFO]service start running: service <C_Media>, exitcode <0>
[2015-03-18 12:20:35][2416][INFO]service start running: service <C_Proxy>, exitcode <0>
[2015-03-18 12:20:35][2416][INFO]service start running: service <C_RTime>, exitcode <0>
[2015-03-18 12:20:40][2416][INFO]service start running: service <C_Task>, exitcode <0>
[2015-03-22 14:54:13][2448][INFO]service start running: service <C_Media>, exitcode <0>
[2015-03-22 14:54:13][2448][INFO]service start running: service <C_Proxy>, exitcode <0>
[2015-03-22 14:54:13][2448][INFO]service start running: service <C_RTime>, exitcode <0>
[2015-03-22 14:54:18][2448][INFO]service start running: service <C_Task>, exitcode <0>
[2015-03-23 12:20:24][2364][INFO]service start running: service <C_Media>, exitcode <0>
[2015-03-23 12:20:24][2364][INFO]service start running: service <C_Proxy>, exitcode <0>
[2015-03-23 12:20:24][2364][INFO]service start running: service <C_RTime>, exitcode <0>
[2015-03-23 12:20:29][2364][INFO]service start running: service <C_Task>, exitcode <0>
[2015-03-24 14:49:04][2404][INFO]service start running: service <C_Media>, exitcode <0>
[2015-03-24 14:49:04][2404][INFO]service start running: service <C_Proxy>, exitcode <0>
[2015-03-24 14:49:04][2404][INFO]service start running: service <C_RTime>, exitcode <0>
[2015-03-24 14:49:09][2404][INFO]service start running: service <C_Task>, exitcode <0>
[2015-03-25 12:15:24][2052][INFO]service start running: service <C_Media>, exitcode <0>
[2015-03-25 12:15:24][2052][INFO]service start running: service <C_Proxy>, exitcode <0>
[2015-03-25 12:15:24][2052][INFO]service start running: service <C_RTime>, exitcode <0>
[2015-03-25 12:15:29][2052][INFO]service start running: service <C_Task>, exitcode <0>
[2015-03-26 15:45:21][2096][INFO]service start running: service <C_Media>, exitcode <0>
[2015-03-26 15:45:21][2096][INFO]service start running: service <C_Proxy>, exitcode <0>
[2015-03-26 15:45:21][2096][INFO]service start running: service <C_RTime>, exitcode <0>
[2015-03-26 15:45:26][2096][INFO]service start running: service <C_Task>, exitcode <0>
[2015-04-01 12:31:41][2144][INFO]service start running: service <C_Media>, exitcode <0>
[2015-04-01 12:31:41][2144][INFO]service start running: service <C_Proxy>, exitcode <0>
[2015-04-01 12:31:41][2144][INFO]service start running: service <C_RTime>, exitcode <0>
[2015-04-01 12:31:46][2144][INFO]service start running: service <C_Task>, exitcode <0>
[2015-04-02 12:28:15][2188][INFO]service start running: service <C_Media>, exitcode <0>
[2015-04-02 12:28:15][2188][INFO]service start running: service <C_Proxy>, exitcode <0>
[2015-04-02 12:28:15][2188][INFO]service start running: service <C_RTime>, exitcode <0>
[2015-04-02 12:28:20][2188][INFO]service start running: service <C_Task>, exitcode <0>
[2015-04-02 15:45:57][2136][INFO]service start running: service <C_Media>, exitcode <0>
[2015-04-02 15:45:57][2136][INFO]service start running: service <C_Proxy>, exitcode <0>
[2015-04-02 15:45:57][2136][INFO]service start running: service <C_RTime>, exitcode <0>
[2015-04-02 15:46:02][2136][INFO]service start running: service <C_Task>, exitcode <0>
[2015-04-07 12:23:24][2172][INFO]service start running: service <C_Media>, exitcode <0>
[2015-04-07 12:23:24][2172][INFO]service start running: service <C_Proxy>, exitcode <0>
[2015-04-07 12:23:24][2172][INFO]service start running: service <C_RTime>, exitcode <0>
[2015-04-07 12:23:29][2172][INFO]service start running: service <C_Task>, exitcode <0>
[2015-04-08 12:17:07][2116][INFO]service start running: service <C_Media>, exitcode <0>
[2015-04-08 12:17:07][2116][INFO]service start running: service <C_Proxy>, exitcode <0>
[2015-04-08 12:17:07][2116][INFO]service start running: service <C_RTime>, exitcode <0>
[2015-04-08 12:17:12][2116][INFO]service start running: service <C_Task>, exitcode <0>
[2015-04-09 15:56:20][2108][INFO]service start running: service <C_Media>, exitcode <0>
[2015-04-09 15:56:20][2108][INFO]service start running: service <C_Proxy>, exitcode <0>
[2015-04-09 15:56:20][2108][INFO]service start running: service <C_RTime>, exitcode <0>
[2015-04-09 15:56:25][2108][INFO]service start running: service <C_Task>, exitcode <0>
[2015-04-11 17:53:12][2096][INFO]service start running: service <C_Media>, exitcode <0>
[2015-04-11 17:53:12][2096][INFO]service start running: service <C_Proxy>, exitcode <0>
[2015-04-11 17:53:12][2096][INFO]service start running: service <C_RTime>, exitcode <0>
[2015-04-11 17:53:17][2096][INFO]service start running: service <C_Task>, exitcode <0>
[2015-04-12 09:45:39][2108][INFO]service start running: service <C_Media>, exitcode <0>
[2015-04-12 09:45:39][2108][INFO]service start running: service <C_Proxy>, exitcode <0>
[2015-04-12 09:45:39][2108][INFO]service start running: service <C_RTime>, exitcode <0>
[2015-04-12 09:45:44][2108][INFO]service start running: service <C_Task>, exitcode <0>
[2015-04-12 12:30:50][2104][INFO]service start running: service <C_Media>, exitcode <0>
[2015-04-12 12:30:50][2104][INFO]service start running: service <C_Proxy>, exitcode <0>
[2015-04-12 12:30:50][2104][INFO]service start running: service <C_RTime>, exitcode <0>
[2015-04-12 12:30:55][2104][INFO]service start running: service <C_Task>, exitcode <0>
[2015-04-13 12:26:13][2112][INFO]service start running: service <C_Media>, exitcode <0>
[2015-04-13 12:26:13][2112][INFO]service start running: service <C_Proxy>, exitcode <0>
[2015-04-13 12:26:13][2112][INFO]service start running: service <C_RTime>, exitcode <0>
[2015-04-13 12:26:18][2112][INFO]service start running: service <C_Task>, exitcode <0>
[2015-04-14 12:07:50][2108][INFO]service start running: service <C_Media>, exitcode <0>
[2015-04-14 12:07:50][2108][INFO]service start running: service <C_Proxy>, exitcode <0>
[2015-04-14 12:07:50][2108][INFO]service start running: service <C_RTime>, exitcode <0>
[2015-04-14 12:07:55][2108][INFO]service start running: service <C_Task>, exitcode <0>
[2015-04-15 12:22:28][2132][INFO]service start running: service <C_Media>, exitcode <0>
[2015-04-15 12:22:28][2132][INFO]service start running: service <C_Proxy>, exitcode <0>
[2015-04-15 12:22:28][2132][INFO]service start running: service <C_RTime>, exitcode <0>
[2015-04-15 12:22:33][2132][INFO]service start running: service <C_Task>, exitcode <0>
[2015-04-16 12:07:27][2056][INFO]service start running: service <C_Media>, exitcode <0>
[2015-04-16 12:07:27][2056][INFO]service start running: service <C_Proxy>, exitcode <0>
[2015-04-16 12:07:27][2056][INFO]service start running: service <C_RTime>, exitcode <0>
[2015-04-16 12:07:32][2056][INFO]service start running: service <C_Task>, exitcode <0>
[2015-04-20 12:06:46][2252][INFO]service start running: service <C_Media>, exitcode <0>
[2015-04-20 12:06:46][2252][INFO]service start running: service <C_Proxy>, exitcode <0>
[2015-04-20 12:06:46][2252][INFO]service start running: service <C_RTime>, exitcode <0>
[2015-04-20 12:06:51][2252][INFO]service start running: service <C_Task>, exitcode <0>
[2015-04-21 12:36:16][2108][INFO]service start running: service <C_Media>, exitcode <0>
[2015-04-21 12:36:16][2108][INFO]service start running: service <C_Proxy>, exitcode <0>
[2015-04-21 12:36:16][2108][INFO]service start running: service <C_RTime>, exitcode <0>
[2015-04-21 12:36:21][2108][INFO]service start running: service <C_Task>, exitcode <0>
[2015-04-22 12:34:39][2136][INFO]service start running: service <C_Media>, exitcode <0>
[2015-04-22 12:34:39][2136][INFO]service start running: service <C_Proxy>, exitcode <0>
[2015-04-22 12:34:39][2136][INFO]service start running: service <C_RTime>, exitcode <0>
[2015-04-22 12:34:44][2136][INFO]service start running: service <C_Task>, exitcode <0>
[2015-04-23 12:06:53][2124][INFO]service start running: service <C_Media>, exitcode <0>
[2015-04-23 12:06:53][2124][INFO]service start running: service <C_Proxy>, exitcode <0>
[2015-04-23 12:06:53][2124][INFO]service start running: service <C_RTime>, exitcode <0>
[2015-04-23 12:06:58][2124][INFO]service start running: service <C_Task>, exitcode <0>
[2015-04-23 15:53:00][2116][INFO]service start running: service <C_Media>, exitcode <0>
[2015-04-23 15:53:00][2116][INFO]service start running: service <C_Proxy>, exitcode <0>
[2015-04-23 15:53:00][2116][INFO]service start running: service <C_RTime>, exitcode <0>
[2015-04-23 15:53:05][2116][INFO]service start running: service <C_Task>, exitcode <0>
[2015-04-23 17:32:45][2128][INFO]service start running: service <C_Media>, exitcode <0>
[2015-04-23 17:32:45][2128][INFO]service start running: service <C_Proxy>, exitcode <0>
[2015-04-23 17:32:45][2128][INFO]service start running: service <C_RTime>, exitcode <0>
[2015-04-23 17:32:50][2128][INFO]service start running: service <C_Task>, exitcode <0>
[2015-04-25 09:45:50][2160][INFO]service start running: service <C_Media>, exitcode <0>
[2015-04-25 09:45:50][2160][INFO]service start running: service <C_Proxy>, exitcode <0>
[2015-04-25 09:45:50][2160][INFO]service start running: service <C_RTime>, exitcode <0>
[2015-04-25 09:45:55][2160][INFO]service start running: service <C_Task>, exitcode <0>
[2015-04-27 12:25:37][2160][INFO]service start running: service <C_Media>, exitcode <0>
[2015-04-27 12:25:37][2160][INFO]service start running: service <C_Proxy>, exitcode <0>
[2015-04-27 12:25:37][2160][INFO]service start running: service <C_RTime>, exitcode <0>
[2015-04-27 12:25:42][2160][INFO]service start running: service <C_Task>, exitcode <0>
[2015-04-28 12:38:23][2136][INFO]service start running: service <C_Media>, exitcode <0>
[2015-04-28 12:38:23][2136][INFO]service start running: service <C_Proxy>, exitcode <0>
[2015-04-28 12:38:23][2136][INFO]service start running: service <C_RTime>, exitcode <0>
[2015-04-28 12:38:28][2136][INFO]service start running: service <C_Task>, exitcode <0>
[2015-04-29 12:25:50][2156][INFO]service start running: service <C_Media>, exitcode <0>
[2015-04-29 12:25:50][2156][INFO]service start running: service <C_Proxy>, exitcode <0>
[2015-04-29 12:25:50][2156][INFO]service start running: service <C_RTime>, exitcode <0>
[2015-04-29 12:25:55][2156][INFO]service start running: service <C_Task>, exitcode <0>
[2015-05-04 12:34:07][2128][INFO]service start running: service <C_Media>, exitcode <0>
[2015-05-04 12:34:07][2128][INFO]service start running: service <C_Proxy>, exitcode <0>
[2015-05-04 12:34:07][2128][INFO]service start running: service <C_RTime>, exitcode <0>
[2015-05-04 12:34:12][2128][INFO]service start running: service <C_Task>, exitcode <0>
[2015-05-05 12:04:12][2160][INFO]service start running: service <C_Media>, exitcode <0>
[2015-05-05 12:04:12][2160][INFO]service start running: service <C_Proxy>, exitcode <0>
[2015-05-05 12:04:12][2160][INFO]service start running: service <C_RTime>, exitcode <0>
[2015-05-05 12:04:17][2160][INFO]service start running: service <C_Task>, exitcode <0>
[2015-05-06 12:30:19][2164][INFO]service start running: service <C_Media>, exitcode <0>
[2015-05-06 12:30:19][2164][INFO]service start running: service <C_Proxy>, exitcode <0>
[2015-05-06 12:30:19][2164][INFO]service start running: service <C_RTime>, exitcode <0>
[2015-05-06 12:30:24][2164][INFO]service start running: service <C_Task>, exitcode <0>
[2015-05-10 18:04:11][2140][INFO]service start running: service <C_Media>, exitcode <0>
[2015-05-10 18:04:11][2140][INFO]service start running: service <C_Proxy>, exitcode <0>
[2015-05-10 18:04:11][2140][INFO]service start running: service <C_RTime>, exitcode <0>
[2015-05-10 18:04:16][2140][INFO]service start running: service <C_Task>, exitcode <0>
[2015-05-10 21:36:42][2664][INFO]service start running: service <C_Media>, exitcode <0>
[2015-05-10 21:36:42][2664][INFO]service start running: service <C_Proxy>, exitcode <0>
[2015-05-10 21:36:42][2664][INFO]service start running: service <C_RTime>, exitcode <0>
[2015-05-10 21:36:47][2664][INFO]service start running: service <C_Task>, exitcode <0>
[2015-05-11 12:21:23][3288][INFO]service start running: service <C_Media>, exitcode <0>
[2015-05-11 12:21:23][3288][INFO]service start running: service <C_Proxy>, exitcode <0>
[2015-05-11 12:21:23][3288][INFO]service start running: service <C_RTime>, exitcode <0>
[2015-05-11 12:21:28][3288][INFO]service start running: service <C_Task>, exitcode <0>
[2015-05-12 12:02:44][2144][INFO]service start running: service <C_Media>, exitcode <0>
[2015-05-12 12:02:44][2144][INFO]service start running: service <C_Proxy>, exitcode <0>
[2015-05-12 12:02:44][2144][INFO]service start running: service <C_RTime>, exitcode <0>
[2015-05-12 12:02:49][2144][INFO]service start running: service <C_Task>, exitcode <0>
[2015-05-13 12:33:40][2444][INFO]service start running: service <C_Media>, exitcode <0>
[2015-05-13 12:33:40][2444][INFO]service start running: service <C_Proxy>, exitcode <0>
[2015-05-13 12:33:40][2444][INFO]service start running: service <C_RTime>, exitcode <0>
[2015-05-13 12:33:45][2444][INFO]service start running: service <C_Task>, exitcode <0>
[2015-05-14 12:05:25][3164][INFO]service start running: service <C_Media>, exitcode <0>
[2015-05-14 12:05:25][3164][INFO]service start running: service <C_Proxy>, exitcode <0>
[2015-05-14 12:05:25][3164][INFO]service start running: service <C_RTime>, exitcode <0>
[2015-05-14 12:05:30][3164][INFO]service start running: service <C_Task>, exitcode <0>
[2015-05-17 21:39:41][1712][INFO]service start running: service <C_Media>, exitcode <0>
[2015-05-17 21:39:41][1712][INFO]service start running: service <C_Proxy>, exitcode <0>
[2015-05-17 21:39:41][1712][INFO]service start running: service <C_RTime>, exitcode <0>
[2015-05-17 21:39:46][1712][INFO]service start running: service <C_Task>, exitcode <0>
[2015-05-17 21:40:59][2108][INFO]service start running: service <C_Media>, exitcode <0>
[2015-05-17 21:40:59][2108][INFO]service start running: service <C_Proxy>, exitcode <0>
[2015-05-17 21:40:59][2108][INFO]service start running: service <C_RTime>, exitcode <0>
[2015-05-17 21:41:04][2108][INFO]service start running: service <C_Task>, exitcode <0>
[2015-05-18 12:03:36][2692][INFO]service start running: service <C_Media>, exitcode <0>
[2015-05-18 12:03:36][2692][INFO]service start running: service <C_Proxy>, exitcode <0>
[2015-05-18 12:03:36][2692][INFO]service start running: service <C_RTime>, exitcode <0>
[2015-05-18 12:03:41][2692][INFO]service start running: service <C_Task>, exitcode <0>
[2015-05-18 21:34:48][4192][INFO]service start running: service <C_Media>, exitcode <0>
[2015-05-18 21:34:48][4192][INFO]service start running: service <C_Proxy>, exitcode <0>
[2015-05-18 21:34:48][4192][INFO]service start running: service <C_RTime>, exitcode <0>
[2015-05-18 21:34:53][4192][INFO]service start running: service <C_Task>, exitcode <0>
[2015-05-19 12:06:59][1652][INFO]service start running: service <C_Media>, exitcode <0>
[2015-05-19 12:06:59][1652][INFO]service start running: service <C_Proxy>, exitcode <0>
[2015-05-19 12:06:59][1652][INFO]service start running: service <C_RTime>, exitcode <0>
[2015-05-19 12:07:04][1652][INFO]service start running: service <C_Task>, exitcode <0>
[2015-05-20 12:27:44][2532][INFO]service start running: service <C_Media>, exitcode <0>
[2015-05-20 12:27:44][2532][INFO]service start running: service <C_Proxy>, exitcode <0>
[2015-05-20 12:27:44][2532][INFO]service start running: service <C_RTime>, exitcode <0>
[2015-05-20 12:27:49][2532][INFO]service start running: service <C_Task>, exitcode <0>
[2015-05-21 12:35:54][3636][INFO]service start running: service <C_Media>, exitcode <0>
[2015-05-21 12:35:54][3636][INFO]service start running: service <C_Proxy>, exitcode <0>
[2015-05-21 12:35:54][3636][INFO]service start running: service <C_RTime>, exitcode <0>
[2015-05-21 12:35:59][3636][INFO]service start running: service <C_Task>, exitcode <0>
[2015-05-22 19:05:33][2980][INFO]service start running: service <C_Media>, exitcode <0>
[2015-05-22 19:05:33][2980][INFO]service start running: service <C_Proxy>, exitcode <0>
[2015-05-22 19:05:33][2980][INFO]service start running: service <C_RTime>, exitcode <0>
[2015-05-22 19:05:38][2980][INFO]service start running: service <C_Task>, exitcode <0>
[2015-05-23 08:51:32][2556][INFO]service start running: service <C_Media>, exitcode <0>
[2015-05-23 08:51:32][2556][INFO]service start running: service <C_Proxy>, exitcode <0>
[2015-05-23 08:51:32][2556][INFO]service start running: service <C_RTime>, exitcode <0>
[2015-05-23 08:51:37][2556][INFO]service start running: service <C_Task>, exitcode <0>
[2015-05-23 12:28:12][3456][INFO]service start running: service <C_Media>, exitcode <0>
[2015-05-23 12:28:12][3456][INFO]service start running: service <C_Proxy>, exitcode <0>
[2015-05-23 12:28:12][3456][INFO]service start running: service <C_RTime>, exitcode <0>
[2015-05-23 12:28:12][3456][INFO]service start running: service <C_Task>, exitcode <0>
[2015-05-24 16:18:21][2604][INFO]service start running: service <C_Media>, exitcode <0>
[2015-05-24 16:18:21][2604][INFO]service start running: service <C_Proxy>, exitcode <0>
[2015-05-24 16:18:21][2604][INFO]service start running: service <C_RTime>, exitcode <0>
[2015-05-24 16:18:26][2604][INFO]service start running: service <C_Task>, exitcode <0>
[2015-05-25 12:07:55][2460][INFO]service start running: service <C_Media>, exitcode <0>
[2015-05-25 12:07:55][2460][INFO]service start running: service <C_Proxy>, exitcode <0>
[2015-05-25 12:07:55][2460][INFO]service start running: service <C_RTime>, exitcode <0>
[2015-05-25 12:08:00][2460][INFO]service start running: service <C_Task>, exitcode <0>
[2015-05-26 12:07:45][2340][INFO]service start running: service <C_Media>, exitcode <0>
[2015-05-26 12:07:45][2340][INFO]service start running: service <C_Proxy>, exitcode <0>
[2015-05-26 12:07:45][2340][INFO]service start running: service <C_RTime>, exitcode <0>
[2015-05-26 12:07:50][2340][INFO]service start running: service <C_Task>, exitcode <0>
[2015-05-27 12:24:24][2464][INFO]service start running: service <C_Media>, exitcode <0>
[2015-05-27 12:24:24][2464][INFO]service start running: service <C_Proxy>, exitcode <0>
[2015-05-27 12:24:24][2464][INFO]service start running: service <C_RTime>, exitcode <0>
[2015-05-27 12:24:29][2464][INFO]service start running: service <C_Task>, exitcode <0>
[2015-05-28 12:11:37][4028][INFO]service start running: service <C_Media>, exitcode <0>
[2015-05-28 12:11:37][4028][INFO]service start running: service <C_Proxy>, exitcode <0>
[2015-05-28 12:11:37][4028][INFO]service start running: service <C_RTime>, exitcode <0>
[2015-05-28 12:11:42][4028][INFO]service start running: service <C_Task>, exitcode <0>
[2015-06-03 12:15:15][2180][INFO]service start running: service <C_Media>, exitcode <0>
[2015-06-03 12:15:15][2180][INFO]service start running: service <C_Proxy>, exitcode <0>
[2015-06-03 12:15:15][2180][INFO]service start running: service <C_RTime>, exitcode <0>
[2015-06-03 12:15:20][2180][INFO]service start running: service <C_Task>, exitcode <0>
[2015-06-04 12:07:21][3212][INFO]service start running: service <C_Media>, exitcode <0>
[2015-06-04 12:07:21][3212][INFO]service start running: service <C_Proxy>, exitcode <0>
[2015-06-04 12:07:21][3212][INFO]service start running: service <C_RTime>, exitcode <0>
[2015-06-04 12:07:26][3212][INFO]service start running: service <C_Task>, exitcode <0>
[2015-06-09 12:06:44][3208][INFO]service start running: service <C_Media>, exitcode <0>
[2015-06-09 12:06:44][3208][INFO]service start running: service <C_Proxy>, exitcode <0>
[2015-06-09 12:06:44][3208][INFO]service start running: service <C_RTime>, exitcode <0>
[2015-06-09 12:06:49][3208][INFO]service start running: service <C_Task>, exitcode <0>
[2015-06-10 12:21:23][1968][INFO]service start running: service <C_Media>, exitcode <0>
[2015-06-10 12:21:23][1968][INFO]service start running: service <C_Proxy>, exitcode <0>
[2015-06-10 12:21:23][1968][INFO]service start running: service <C_RTime>, exitcode <0>
[2015-06-10 12:21:28][1968][INFO]service start running: service <C_Task>, exitcode <0>
[2015-06-11 12:07:24][3000][INFO]service start running: service <C_Media>, exitcode <0>
[2015-06-11 12:07:24][3000][INFO]service start running: service <C_Proxy>, exitcode <0>
[2015-06-11 12:07:24][3000][INFO]service start running: service <C_RTime>, exitcode <0>
[2015-06-11 12:07:24][3000][INFO]service start running: service <C_Task>, exitcode <0>
[2015-06-12 12:08:07][2464][INFO]service start running: service <C_Media>, exitcode <0>
[2015-06-12 12:08:07][2464][INFO]service start running: service <C_Proxy>, exitcode <0>
[2015-06-12 12:08:07][2464][INFO]service start running: service <C_RTime>, exitcode <0>
[2015-06-12 12:08:12][2464][INFO]service start running: service <C_Task>, exitcode <0>
[2015-06-13 11:49:38][2788][INFO]service start running: service <C_Media>, exitcode <0>
[2015-06-13 11:49:38][2788][INFO]service start running: service <C_Proxy>, exitcode <0>
[2015-06-13 11:49:38][2788][INFO]service start running: service <C_RTime>, exitcode <0>
[2015-06-13 11:49:43][2788][INFO]service start running: service <C_Task>, exitcode <0>
[2015-06-14 08:55:00][3840][INFO]service start running: service <C_Media>, exitcode <0>
[2015-06-14 08:55:00][3840][INFO]service start running: service <C_Proxy>, exitcode <0>
[2015-06-14 08:55:00][3840][INFO]service start running: service <C_RTime>, exitcode <0>
[2015-06-14 08:55:05][3840][INFO]service start running: service <C_Task>, exitcode <0>
[2015-06-15 12:03:05][2400][INFO]service start running: service <C_Media>, exitcode <0>
[2015-06-15 12:03:05][2400][INFO]service start running: service <C_Proxy>, exitcode <0>
[2015-06-15 12:03:05][2400][INFO]service start running: service <C_RTime>, exitcode <0>
[2015-06-15 12:03:10][2400][INFO]service start running: service <C_Task>, exitcode <0>
[2015-06-16 15:58:34][2604][INFO]service start running: service <C_Media>, exitcode <0>
[2015-06-16 15:58:34][2604][INFO]service start running: service <C_Proxy>, exitcode <0>
[2015-06-16 15:58:34][2604][INFO]service start running: service <C_RTime>, exitcode <0>
[2015-06-16 15:58:39][2604][INFO]service start running: service <C_Task>, exitcode <0>
[2015-06-21 12:03:49][3920][INFO]service start running: service <C_Media>, exitcode <0>
[2015-06-21 12:03:49][3920][INFO]service start running: service <C_Proxy>, exitcode <0>
[2015-06-21 12:03:49][3920][INFO]service start running: service <C_RTime>, exitcode <0>
[2015-06-21 12:03:54][3920][INFO]service start running: service <C_Task>, exitcode <0>
[2015-06-22 12:01:49][2708][INFO]service start running: service <C_Media>, exitcode <0>
[2015-06-22 12:01:49][2708][INFO]service start running: service <C_Proxy>, exitcode <0>
[2015-06-22 12:01:49][2708][INFO]service start running: service <C_RTime>, exitcode <0>
[2015-06-22 12:01:54][2708][INFO]service start running: service <C_Task>, exitcode <0>
[2015-06-23 12:06:38][2716][INFO]service start running: service <C_Media>, exitcode <0>
[2015-06-23 12:06:38][2716][INFO]service start running: service <C_Proxy>, exitcode <0>
[2015-06-23 12:06:38][2716][INFO]service start running: service <C_RTime>, exitcode <0>
[2015-06-23 12:06:43][2716][INFO]service start running: service <C_Task>, exitcode <0>
[2015-06-24 12:08:29][2344][INFO]service start running: service <C_Media>, exitcode <0>
[2015-06-24 12:08:29][2344][INFO]service start running: service <C_Proxy>, exitcode <0>
[2015-06-24 12:08:29][2344][INFO]service start running: service <C_RTime>, exitcode <0>
[2015-06-24 12:08:34][2344][INFO]service start running: service <C_Task>, exitcode <0>
[2015-06-25 12:07:04][2504][INFO]service start running: service <C_Media>, exitcode <0>
[2015-06-25 12:07:04][2504][INFO]service start running: service <C_Proxy>, exitcode <0>
[2015-06-25 12:07:04][2504][INFO]service start running: service <C_RTime>, exitcode <0>
[2015-06-25 12:07:09][2504][INFO]service start running: service <C_Task>, exitcode <0>
[2015-06-29 12:03:18][4024][INFO]service start running: service <C_Media>, exitcode <0>
[2015-06-29 12:03:18][4024][INFO]service start running: service <C_Proxy>, exitcode <0>
[2015-06-29 12:03:18][4024][INFO]service start running: service <C_RTime>, exitcode <0>
[2015-06-29 12:03:23][4024][INFO]service start running: service <C_Task>, exitcode <0>
[2015-06-30 12:06:08][2596][INFO]service start running: service <C_Media>, exitcode <0>
[2015-06-30 12:06:08][2596][INFO]service start running: service <C_Proxy>, exitcode <0>
[2015-06-30 12:06:08][2596][INFO]service start running: service <C_RTime>, exitcode <0>
[2015-06-30 12:06:13][2596][INFO]service start running: service <C_Task>, exitcode <0>
[2015-07-01 12:26:44][2632][INFO]service start running: service <C_Media>, exitcode <0>
[2015-07-01 12:26:44][2632][INFO]service start running: service <C_Proxy>, exitcode <0>
[2015-07-01 12:26:44][2632][INFO]service start running: service <C_RTime>, exitcode <0>
[2015-07-01 12:26:49][2632][INFO]service start running: service <C_Task>, exitcode <0>
[2015-07-02 12:06:02][2604][INFO]service start running: service <C_Media>, exitcode <0>
[2015-07-02 12:06:02][2604][INFO]service start running: service <C_Proxy>, exitcode <0>
[2015-07-02 12:06:02][2604][INFO]service start running: service <C_RTime>, exitcode <0>
[2015-07-02 12:06:07][2604][INFO]service start running: service <C_Task>, exitcode <0>
[2015-07-04 11:33:39][2768][INFO]service start running: service <C_Media>, exitcode <0>
[2015-07-04 11:33:39][2768][INFO]service start running: service <C_Proxy>, exitcode <0>
[2015-07-04 11:33:39][2768][INFO]service start running: service <C_RTime>, exitcode <0>
[2015-07-04 11:33:44][2768][INFO]service start running: service <C_Task>, exitcode <0>
[2015-07-04 11:52:11][2736][INFO]service start running: service <C_Media>, exitcode <0>
[2015-07-04 11:52:11][2736][INFO]service start running: service <C_Proxy>, exitcode <0>
[2015-07-04 11:52:11][2736][INFO]service start running: service <C_RTime>, exitcode <0>
[2015-07-04 11:52:16][2736][INFO]service start running: service <C_Task>, exitcode <0>
[2015-07-06 12:06:16][2756][INFO]service start running: service <C_Media>, exitcode <0>
[2015-07-06 12:06:16][2756][INFO]service start running: service <C_Proxy>, exitcode <0>
[2015-07-06 12:06:16][2756][INFO]service start running: service <C_RTime>, exitcode <0>
[2015-07-06 12:06:21][2756][INFO]service start running: service <C_Task>, exitcode <0>
[2015-07-07 12:06:58][2472][INFO]service start running: service <C_Media>, exitcode <0>
[2015-07-07 12:06:58][2472][INFO]service start running: service <C_Proxy>, exitcode <0>
[2015-07-07 12:06:58][2472][INFO]service start running: service <C_RTime>, exitcode <0>
[2015-07-07 12:07:03][2472][INFO]service start running: service <C_Task>, exitcode <0>
[2015-09-06 12:02:46][4308][INFO]service start running: service <C_Media>, exitcode <0>
[2015-09-06 12:02:46][4308][INFO]service start running: service <C_Proxy>, exitcode <0>
[2015-09-06 12:02:46][4308][INFO]service start running: service <C_RTime>, exitcode <0>
[2015-09-06 12:02:51][4308][INFO]service start running: service <C_Task>, exitcode <0>
[2015-09-07 12:02:04][2424][INFO]service start running: service <C_Media>, exitcode <0>
[2015-09-07 12:02:04][2424][INFO]service start running: service <C_Proxy>, exitcode <0>
[2015-09-07 12:02:04][2424][INFO]service start running: service <C_RTime>, exitcode <0>
[2015-09-07 12:02:09][2424][INFO]service start running: service <C_Task>, exitcode <0>
[2015-09-08 12:11:22][2460][INFO]service start running: service <C_Media>, exitcode <0>
[2015-09-08 12:11:22][2460][INFO]service start running: service <C_Proxy>, exitcode <0>
[2015-09-08 12:11:22][2460][INFO]service start running: service <C_RTime>, exitcode <0>
[2015-09-08 12:11:28][2460][INFO]service start running: service <C_Task>, exitcode <0>
[2015-09-09 12:38:45][3016][INFO]service start running: service <C_Media>, exitcode <0>
[2015-09-09 12:38:45][3016][INFO]service start running: service <C_Proxy>, exitcode <0>
[2015-09-09 12:38:45][3016][INFO]service start running: service <C_RTime>, exitcode <0>
[2015-09-09 12:38:51][3016][INFO]service start running: service <C_Task>, exitcode <0>
[2015-09-10 12:09:03][2440][INFO]service start running: service <C_Media>, exitcode <0>
[2015-09-10 12:09:03][2440][INFO]service start running: service <C_Proxy>, exitcode <0>
[2015-09-10 12:09:03][2440][INFO]service start running: service <C_RTime>, exitcode <0>
[2015-09-10 12:09:08][2440][INFO]service start running: service <C_Task>, exitcode <0>
[2015-09-11 18:32:16][2112][INFO]service start running: service <C_Media>, exitcode <0>
[2015-09-11 18:32:16][2112][INFO]service start running: service <C_Proxy>, exitcode <0>
[2015-09-11 18:32:16][2112][INFO]service start running: service <C_RTime>, exitcode <0>
[2015-09-11 18:32:21][2112][INFO]service start running: service <C_Task>, exitcode <0>
[2015-09-12 08:58:11][2948][INFO]service start running: service <C_Media>, exitcode <0>
[2015-09-12 08:58:11][2948][INFO]service start running: service <C_Proxy>, exitcode <0>
[2015-09-12 08:58:11][2948][INFO]service start running: service <C_RTime>, exitcode <0>
[2015-09-12 08:58:16][2948][INFO]service start running: service <C_Task>, exitcode <0>
[2015-09-14 12:04:56][3236][INFO]service start running: service <C_Media>, exitcode <0>
[2015-09-14 12:04:56][3236][INFO]service start running: service <C_Proxy>, exitcode <0>
[2015-09-14 12:04:56][3236][INFO]service start running: service <C_RTime>, exitcode <0>
[2015-09-14 12:05:01][3236][INFO]service start running: service <C_Task>, exitcode <0>
[2015-09-15 12:05:08][2836][INFO]service start running: service <C_Media>, exitcode <0>
[2015-09-15 12:05:08][2836][INFO]service start running: service <C_Proxy>, exitcode <0>
[2015-09-15 12:05:08][2836][INFO]service start running: service <C_RTime>, exitcode <0>
[2015-09-15 12:05:13][2836][INFO]service start running: service <C_Task>, exitcode <0>
[2015-09-16 12:31:05][2352][INFO]service start running: service <C_Media>, exitcode <0>
[2015-09-16 12:31:05][2352][INFO]service start running: service <C_Proxy>, exitcode <0>
[2015-09-16 12:31:05][2352][INFO]service start running: service <C_RTime>, exitcode <0>
[2015-09-16 12:31:10][2352][INFO]service start running: service <C_Task>, exitcode <0>
[2015-09-17 16:15:29][2404][INFO]service start running: service <C_Media>, exitcode <0>
[2015-09-17 16:15:29][2404][INFO]service start running: service <C_Proxy>, exitcode <0>
[2015-09-17 16:15:29][2404][INFO]service start running: service <C_RTime>, exitcode <0>
[2015-09-17 16:15:34][2404][INFO]service start running: service <C_Task>, exitcode <0>
[2015-09-18 18:00:16][3884][INFO]service start running: service <C_Media>, exitcode <0>
[2015-09-18 18:00:16][3884][INFO]service start running: service <C_Proxy>, exitcode <0>
[2015-09-18 18:00:16][3884][INFO]service start running: service <C_RTime>, exitcode <0>
[2015-09-18 18:00:21][3884][INFO]service start running: service <C_Task>, exitcode <0>
[2015-09-19 16:17:36][2992][INFO]service start running: service <C_Media>, exitcode <0>
[2015-09-19 16:17:36][2992][INFO]service start running: service <C_Proxy>, exitcode <0>
[2015-09-19 16:17:36][2992][INFO]service start running: service <C_RTime>, exitcode <0>
[2015-09-19 16:17:41][2992][INFO]service start running: service <C_Task>, exitcode <0>
[2015-09-20 08:53:17][2980][INFO]service start running: service <C_Media>, exitcode <0>
[2015-09-20 08:53:17][2980][INFO]service start running: service <C_Proxy>, exitcode <0>
[2015-09-20 08:53:17][2980][INFO]service start running: service <C_RTime>, exitcode <0>
[2015-09-20 08:53:22][2980][INFO]service start running: service <C_Task>, exitcode <0>
[2015-09-21 12:06:50][3920][INFO]service start running: service <C_Media>, exitcode <0>
[2015-09-21 12:06:50][3920][INFO]service start running: service <C_Proxy>, exitcode <0>
[2015-09-21 12:06:50][3920][INFO]service start running: service <C_RTime>, exitcode <0>
[2015-09-21 12:06:55][3920][INFO]service start running: service <C_Task>, exitcode <0>
[2015-09-22 12:11:26][2652][INFO]service start running: service <C_Media>, exitcode <0>
[2015-09-22 12:11:26][2652][INFO]service start running: service <C_Proxy>, exitcode <0>
[2015-09-22 12:11:26][2652][INFO]service start running: service <C_RTime>, exitcode <0>
[2015-09-22 12:11:31][2652][INFO]service start running: service <C_Task>, exitcode <0>
[2015-09-22 12:26:28][3064][INFO]service start running: service <C_Media>, exitcode <0>
[2015-09-22 12:26:28][3064][INFO]service start running: service <C_Proxy>, exitcode <0>
[2015-09-22 12:26:28][3064][INFO]service start running: service <C_RTime>, exitcode <0>
[2015-09-22 12:26:33][3064][INFO]service start running: service <C_Task>, exitcode <0>
[2015-09-23 12:26:00][2716][INFO]service start running: service <C_Media>, exitcode <0>
[2015-09-23 12:26:00][2716][INFO]service start running: service <C_Proxy>, exitcode <0>
[2015-09-23 12:26:00][2716][INFO]service start running: service <C_RTime>, exitcode <0>
[2015-09-23 12:26:05][2716][INFO]service start running: service <C_Task>, exitcode <0>
[2015-09-24 12:09:51][2748][INFO]service start running: service <C_Media>, exitcode <0>
[2015-09-24 12:09:51][2748][INFO]service start running: service <C_Proxy>, exitcode <0>
[2015-09-24 12:09:51][2748][INFO]service start running: service <C_RTime>, exitcode <0>
[2015-09-24 12:09:56][2748][INFO]service start running: service <C_Task>, exitcode <0>
[2015-09-28 12:05:25][3000][INFO]service start running: service <C_Media>, exitcode <0>
[2015-09-28 12:05:25][3000][INFO]service start running: service <C_Proxy>, exitcode <0>
[2015-09-28 12:05:25][3000][INFO]service start running: service <C_RTime>, exitcode <0>
[2015-09-28 12:05:30][3000][INFO]service start running: service <C_Task>, exitcode <0>
[2015-09-29 12:08:26][1920][INFO]service start running: service <C_Media>, exitcode <0>
[2015-09-29 12:08:26][1920][INFO]service start running: service <C_Proxy>, exitcode <0>
[2015-09-29 12:08:26][1920][INFO]service start running: service <C_RTime>, exitcode <0>
[2015-09-29 12:08:31][1920][INFO]service start running: service <C_Task>, exitcode <0>
[2015-10-07 21:35:20][4996][INFO]service start running: service <C_Media>, exitcode <0>
[2015-10-07 21:35:20][4996][INFO]service start running: service <C_Proxy>, exitcode <0>
[2015-10-07 21:35:20][4996][INFO]service start running: service <C_RTime>, exitcode <0>
[2015-10-07 21:35:25][4996][INFO]service start running: service <C_Task>, exitcode <0>
[2015-10-12 12:13:24][2716][INFO]service start running: service <C_Media>, exitcode <0>
[2015-10-12 12:13:24][2716][INFO]service start running: service <C_Proxy>, exitcode <0>
[2015-10-12 12:13:24][2716][INFO]service start running: service <C_RTime>, exitcode <0>
[2015-10-12 12:13:29][2716][INFO]service start running: service <C_Task>, exitcode <0>
[2015-10-13 12:06:00][2568][INFO]service start running: service <C_Media>, exitcode <0>
[2015-10-13 12:06:00][2568][INFO]service start running: service <C_Proxy>, exitcode <0>
[2015-10-13 12:06:00][2568][INFO]service start running: service <C_RTime>, exitcode <0>
[2015-10-13 12:06:05][2568][INFO]service start running: service <C_Task>, exitcode <0>
[2015-10-14 12:11:30][2648][INFO]service start running: service <C_Media>, exitcode <0>
[2015-10-14 12:11:30][2648][INFO]service start running: service <C_Proxy>, exitcode <0>
[2015-10-14 12:11:30][2648][INFO]service start running: service <C_RTime>, exitcode <0>
[2015-10-14 12:11:35][2648][INFO]service start running: service <C_Task>, exitcode <0>
[2015-10-15 12:05:06][3980][INFO]service start running: service <C_Media>, exitcode <0>
[2015-10-15 12:05:06][3980][INFO]service start running: service <C_Proxy>, exitcode <0>
[2015-10-15 12:05:06][3980][INFO]service start running: service <C_RTime>, exitcode <0>
[2015-10-15 12:05:11][3980][INFO]service start running: service <C_Task>, exitcode <0>
[2015-10-16 12:08:19][2888][INFO]service start running: service <C_Media>, exitcode <0>
[2015-10-16 12:08:19][2888][INFO]service start running: service <C_Proxy>, exitcode <0>
[2015-10-16 12:08:19][2888][INFO]service start running: service <C_RTime>, exitcode <0>
[2015-10-16 12:08:24][2888][INFO]service start running: service <C_Task>, exitcode <0>
[2015-10-19 12:07:08][2504][INFO]service start running: service <C_Media>, exitcode <0>
[2015-10-19 12:07:08][2504][INFO]service start running: service <C_Proxy>, exitcode <0>
[2015-10-19 12:07:08][2504][INFO]service start running: service <C_RTime>, exitcode <0>
[2015-10-19 12:07:13][2504][INFO]service start running: service <C_Task>, exitcode <0>
[2015-10-20 12:31:52][2740][INFO]service start running: service <C_Media>, exitcode <0>
[2015-10-20 12:31:52][2740][INFO]service start running: service <C_Proxy>, exitcode <0>
[2015-10-20 12:31:52][2740][INFO]service start running: service <C_RTime>, exitcode <0>
[2015-10-20 12:31:57][2740][INFO]service start running: service <C_Task>, exitcode <0>
[2015-10-21 12:08:08][2876][INFO]service start running: service <C_Media>, exitcode <0>
[2015-10-21 12:08:08][2876][INFO]service start running: service <C_Proxy>, exitcode <0>
[2015-10-21 12:08:08][2876][INFO]service start running: service <C_RTime>, exitcode <0>
[2015-10-21 12:08:13][2876][INFO]service start running: service <C_Task>, exitcode <0>
[2015-10-22 12:05:45][2808][INFO]service start running: service <C_Media>, exitcode <0>
[2015-10-22 12:05:45][2808][INFO]service start running: service <C_Proxy>, exitcode <0>
[2015-10-22 12:05:45][2808][INFO]service start running: service <C_RTime>, exitcode <0>
[2015-10-22 12:05:50][2808][INFO]service start running: service <C_Task>, exitcode <0>
[2015-10-22 16:29:29][2928][INFO]service start running: service <C_Media>, exitcode <0>
[2015-10-22 16:29:29][2928][INFO]service start running: service <C_Proxy>, exitcode <0>
[2015-10-22 16:29:29][2928][INFO]service start running: service <C_RTime>, exitcode <0>
[2015-10-22 16:29:34][2928][INFO]service start running: service <C_Task>, exitcode <0>
[2015-10-23 12:29:14][2792][INFO]service start running: service <C_Media>, exitcode <0>
[2015-10-23 12:29:14][2792][INFO]service start running: service <C_Proxy>, exitcode <0>
[2015-10-23 12:29:14][2792][INFO]service start running: service <C_RTime>, exitcode <0>
[2015-10-23 12:29:19][2792][INFO]service start running: service <C_Task>, exitcode <0>
[2015-10-24 16:43:20][2768][INFO]service start running: service <C_Media>, exitcode <0>
[2015-10-24 16:43:20][2768][INFO]service start running: service <C_Proxy>, exitcode <0>
[2015-10-24 16:43:20][2768][INFO]service start running: service <C_RTime>, exitcode <0>
[2015-10-24 16:43:25][2768][INFO]service start running: service <C_Task>, exitcode <0>
[2015-10-26 12:05:53][2872][INFO]service start running: service <C_Media>, exitcode <0>
[2015-10-26 12:05:53][2872][INFO]service start running: service <C_Proxy>, exitcode <0>
[2015-10-26 12:05:53][2872][INFO]service start running: service <C_RTime>, exitcode <0>
[2015-10-26 12:05:58][2872][INFO]service start running: service <C_Task>, exitcode <0>
[2015-10-27 12:10:28][2736][INFO]service start running: service <C_Media>, exitcode <0>
[2015-10-27 12:10:28][2736][INFO]service start running: service <C_Proxy>, exitcode <0>
[2015-10-27 12:10:28][2736][INFO]service start running: service <C_RTime>, exitcode <0>
[2015-10-27 12:10:33][2736][INFO]service start running: service <C_Task>, exitcode <0>
[2015-10-28 12:41:36][2752][INFO]service start running: service <C_Media>, exitcode <0>
[2015-10-28 12:41:36][2752][INFO]service start running: service <C_Proxy>, exitcode <0>
[2015-10-28 12:41:36][2752][INFO]service start running: service <C_RTime>, exitcode <0>
[2015-10-28 12:41:41][2752][INFO]service start running: service <C_Task>, exitcode <0>
[2015-10-29 12:12:10][3988][INFO]service start running: service <C_Media>, exitcode <0>
[2015-10-29 12:12:10][3988][INFO]service start running: service <C_Proxy>, exitcode <0>
[2015-10-29 12:12:10][3988][INFO]service start running: service <C_RTime>, exitcode <0>
[2015-10-29 12:12:10][3988][INFO]service start running: service <C_Task>, exitcode <0>
[2015-11-02 12:42:36][2752][INFO]service start running: service <C_Media>, exitcode <0>
[2015-11-02 12:42:36][2752][INFO]service start running: service <C_Proxy>, exitcode <0>
[2015-11-02 12:42:36][2752][INFO]service start running: service <C_RTime>, exitcode <0>
[2015-11-02 12:42:41][2752][INFO]service start running: service <C_Task>, exitcode <0>
[2015-11-03 12:08:33][2808][INFO]service start running: service <C_Media>, exitcode <0>
[2015-11-03 12:08:33][2808][INFO]service start running: service <C_Proxy>, exitcode <0>
[2015-11-03 12:08:33][2808][INFO]service start running: service <C_RTime>, exitcode <0>
[2015-11-03 12:08:38][2808][INFO]service start running: service <C_Task>, exitcode <0>
[2015-11-04 12:10:09][2672][INFO]service start running: service <C_Media>, exitcode <0>
[2015-11-04 12:10:09][2672][INFO]service start running: service <C_Proxy>, exitcode <0>
[2015-11-04 12:10:09][2672][INFO]service start running: service <C_RTime>, exitcode <0>
[2015-11-04 12:10:14][2672][INFO]service start running: service <C_Task>, exitcode <0>
[2015-11-05 12:09:43][2728][INFO]service start running: service <C_Media>, exitcode <0>
[2015-11-05 12:09:43][2728][INFO]service start running: service <C_Proxy>, exitcode <0>
[2015-11-05 12:09:43][2728][INFO]service start running: service <C_RTime>, exitcode <0>
[2015-11-05 12:09:48][2728][INFO]service start running: service <C_Task>, exitcode <0>
[2015-11-06 12:54:34][2824][INFO]service start running: service <C_Media>, exitcode <0>
[2015-11-06 12:54:34][2824][INFO]service start running: service <C_Proxy>, exitcode <0>
[2015-11-06 12:54:34][2824][INFO]service start running: service <C_RTime>, exitcode <0>
[2015-11-06 12:54:39][2824][INFO]service start running: service <C_Task>, exitcode <0>
[2015-11-07 17:00:18][2804][INFO]service start running: service <C_Media>, exitcode <0>
[2015-11-07 17:00:18][2804][INFO]service start running: service <C_Proxy>, exitcode <0>
[2015-11-07 17:00:18][2804][INFO]service start running: service <C_RTime>, exitcode <0>
[2015-11-07 17:00:23][2804][INFO]service start running: service <C_Task>, exitcode <0>
[2015-11-09 12:07:39][2632][INFO]service start running: service <C_Media>, exitcode <0>
[2015-11-09 12:07:39][2632][INFO]service start running: service <C_Proxy>, exitcode <0>
[2015-11-09 12:07:39][2632][INFO]service start running: service <C_RTime>, exitcode <0>
[2015-11-09 12:07:44][2632][INFO]service start running: service <C_Task>, exitcode <0>
[2015-11-12 12:08:11][3008][INFO]service start running: service <C_Media>, exitcode <0>
[2015-11-12 12:08:11][3008][INFO]service start running: service <C_Proxy>, exitcode <0>
[2015-11-12 12:08:11][3008][INFO]service start running: service <C_RTime>, exitcode <0>
[2015-11-12 12:08:16][3008][INFO]service start running: service <C_Task>, exitcode <0>
[2015-11-16 12:07:45][3016][INFO]service start running: service <C_Media>, exitcode <0>
[2015-11-16 12:07:45][3016][INFO]service start running: service <C_Proxy>, exitcode <0>
[2015-11-16 12:07:45][3016][INFO]service start running: service <C_RTime>, exitcode <0>
[2015-11-16 12:07:50][3016][INFO]service start running: service <C_Task>, exitcode <0>
[2015-11-17 15:58:10][3120][INFO]service start running: service <C_Media>, exitcode <0>
[2015-11-17 15:58:10][3120][INFO]service start running: service <C_Proxy>, exitcode <0>
[2015-11-17 15:58:10][3120][INFO]service start running: service <C_RTime>, exitcode <0>
[2015-11-17 15:58:15][3120][INFO]service start running: service <C_Task>, exitcode <0>
[2015-11-18 12:02:12][2932][INFO]service start running: service <C_Media>, exitcode <0>
[2015-11-18 12:02:12][2932][INFO]service start running: service <C_Proxy>, exitcode <0>
[2015-11-18 12:02:12][2932][INFO]service start running: service <C_RTime>, exitcode <0>
[2015-11-18 12:02:17][2932][INFO]service start running: service <C_Task>, exitcode <0>
[2015-11-18 21:39:09][2964][INFO]service start running: service <C_Media>, exitcode <0>
[2015-11-18 21:39:09][2964][INFO]service start running: service <C_Proxy>, exitcode <0>
[2015-11-18 21:39:09][2964][INFO]service start running: service <C_RTime>, exitcode <0>
[2015-11-18 21:39:14][2964][INFO]service start running: service <C_Task>, exitcode <0>
[2015-11-19 12:05:54][2928][INFO]service start running: service <C_Media>, exitcode <0>
[2015-11-19 12:05:54][2928][INFO]service start running: service <C_Proxy>, exitcode <0>
[2015-11-19 12:05:54][2928][INFO]service start running: service <C_RTime>, exitcode <0>
[2015-11-19 12:05:59][2928][INFO]service start running: service <C_Task>, exitcode <0>
[2015-11-19 21:51:11][3412][INFO]service start running: service <C_Media>, exitcode <0>
[2015-11-19 21:51:11][3412][INFO]service start running: service <C_Proxy>, exitcode <0>
[2015-11-19 21:51:11][3412][INFO]service start running: service <C_RTime>, exitcode <0>
[2015-11-19 21:51:16][3412][INFO]service start running: service <C_Task>, exitcode <0>
[2015-11-20 12:07:43][3020][INFO]service start running: service <C_Media>, exitcode <0>
[2015-11-20 12:07:43][3020][INFO]service start running: service <C_Proxy>, exitcode <0>
[2015-11-20 12:07:43][3020][INFO]service start running: service <C_RTime>, exitcode <0>
[2015-11-20 12:07:48][3020][INFO]service start running: service <C_Task>, exitcode <0>
[2015-11-21 09:14:04][3012][INFO]service start running: service <C_Media>, exitcode <0>
[2015-11-21 09:14:04][3012][INFO]service start running: service <C_Proxy>, exitcode <0>
[2015-11-21 09:14:04][3012][INFO]service start running: service <C_RTime>, exitcode <0>
[2015-11-21 09:14:09][3012][INFO]service start running: service <C_Task>, exitcode <0>
[2015-11-21 12:39:29][2980][INFO]service start running: service <C_Media>, exitcode <0>
[2015-11-21 12:39:29][2980][INFO]service start running: service <C_Proxy>, exitcode <0>
[2015-11-21 12:39:29][2980][INFO]service start running: service <C_RTime>, exitcode <0>
[2015-11-21 12:39:34][2980][INFO]service start running: service <C_Task>, exitcode <0>
[2015-11-22 12:48:12][2928][INFO]service start running: service <C_Media>, exitcode <0>
[2015-11-22 12:48:12][2928][INFO]service start running: service <C_Proxy>, exitcode <0>
[2015-11-22 12:48:12][2928][INFO]service start running: service <C_RTime>, exitcode <0>
[2015-11-22 12:48:17][2928][INFO]service start running: service <C_Task>, exitcode <0>
[2015-11-23 12:16:46][2900][INFO]service start running: service <C_Media>, exitcode <0>
[2015-11-23 12:16:46][2900][INFO]service start running: service <C_Proxy>, exitcode <0>
[2015-11-23 12:16:46][2900][INFO]service start running: service <C_RTime>, exitcode <0>
[2015-11-23 12:16:51][2900][INFO]service start running: service <C_Task>, exitcode <0>
[2015-11-24 12:06:13][2968][INFO]service start running: service <C_Media>, exitcode <0>
[2015-11-24 12:06:13][2968][INFO]service start running: service <C_Proxy>, exitcode <0>
[2015-11-24 12:06:13][2968][INFO]service start running: service <C_RTime>, exitcode <0>
[2015-11-24 12:06:53][2968][INFO]service stopped: service <C_Proxy>, exitcode <1>
[2015-11-24 12:06:53][2968][INFO]rise service: service <C_Proxy>, exitcode <1>
[2015-11-24 12:06:53][2968][INFO]service stopped: service <C_Task>, exitcode <1>
[2015-11-24 12:06:53][2968][INFO]rise service: service <C_Task>, exitcode <1>
[2015-11-24 12:07:00][2968][INFO]service start running: service <C_Proxy>, exitcode <0>
[2015-11-24 12:07:00][2968][INFO]service start running: service <C_Task>, exitcode <0>
[2015-11-25 12:02:17][2948][INFO]service start running: service <C_Media>, exitcode <0>
[2015-11-25 12:02:17][2948][INFO]service start running: service <C_Proxy>, exitcode <0>
[2015-11-25 12:02:17][2948][INFO]service start running: service <C_RTime>, exitcode <0>
[2015-11-25 12:02:22][2948][INFO]service start running: service <C_Task>, exitcode <0>
[2015-11-26 12:06:41][3084][INFO]service start running: service <C_Media>, exitcode <0>
[2015-11-26 12:06:41][3084][INFO]service start running: service <C_Proxy>, exitcode <0>
[2015-11-26 12:06:41][3084][INFO]service start running: service <C_RTime>, exitcode <0>
[2015-11-26 12:06:46][3084][INFO]service start running: service <C_Task>, exitcode <0>
[2015-11-30 12:06:10][2604][INFO]service start running: service <C_Media>, exitcode <0>
[2015-11-30 12:06:10][2604][INFO]service start running: service <C_Proxy>, exitcode <0>
[2015-11-30 12:06:10][2604][INFO]service start running: service <C_RTime>, exitcode <0>
[2015-11-30 12:06:15][2604][INFO]service start running: service <C_Task>, exitcode <0>
[2015-12-01 12:05:23][3084][INFO]service start running: service <C_Media>, exitcode <0>
[2015-12-01 12:05:23][3084][INFO]service start running: service <C_Proxy>, exitcode <0>
[2015-12-01 12:05:23][3084][INFO]service start running: service <C_RTime>, exitcode <0>
[2015-12-01 12:05:28][3084][INFO]service start running: service <C_Task>, exitcode <0>
[2015-12-02 12:47:52][3020][INFO]service start running: service <C_Media>, exitcode <0>
[2015-12-02 12:47:52][3020][INFO]service start running: service <C_Proxy>, exitcode <0>
[2015-12-02 12:47:52][3020][INFO]service start running: service <C_RTime>, exitcode <0>
[2015-12-02 12:47:57][3020][INFO]service start running: service <C_Task>, exitcode <0>
[2015-12-03 12:06:43][2848][INFO]service start running: service <C_Media>, exitcode <0>
[2015-12-03 12:06:43][2848][INFO]service start running: service <C_Proxy>, exitcode <0>
[2015-12-03 12:06:43][2848][INFO]service start running: service <C_RTime>, exitcode <0>
[2015-12-03 12:06:48][2848][INFO]service start running: service <C_Task>, exitcode <0>
[2015-12-05 09:28:25][3636][INFO]service start running: service <C_Media>, exitcode <0>
[2015-12-05 09:28:25][3636][INFO]service start running: service <C_Proxy>, exitcode <0>
[2015-12-05 09:28:25][3636][INFO]service start running: service <C_RTime>, exitcode <0>
[2015-12-05 09:28:30][3636][INFO]service start running: service <C_Task>, exitcode <0>
[2015-12-06 09:39:50][2972][INFO]service start running: service <C_Media>, exitcode <0>
[2015-12-06 09:39:50][2972][INFO]service start running: service <C_Proxy>, exitcode <0>
[2015-12-06 09:39:50][2972][INFO]service start running: service <C_RTime>, exitcode <0>
[2015-12-06 09:39:55][2972][INFO]service start running: service <C_Task>, exitcode <0>
[2015-12-07 12:07:48][2804][INFO]service start running: service <C_Media>, exitcode <0>
[2015-12-07 12:07:48][2804][INFO]service start running: service <C_Proxy>, exitcode <0>
[2015-12-07 12:07:48][2804][INFO]service start running: service <C_RTime>, exitcode <0>
[2015-12-07 12:07:53][2804][INFO]service start running: service <C_Task>, exitcode <0>
[2015-12-08 12:07:00][1948][INFO]service start running: service <C_Media>, exitcode <0>
[2015-12-08 12:07:00][1948][INFO]service start running: service <C_Proxy>, exitcode <0>
[2015-12-08 12:07:00][1948][INFO]service start running: service <C_RTime>, exitcode <0>
[2015-12-08 12:07:05][1948][INFO]service start running: service <C_Task>, exitcode <0>
[2015-12-09 12:10:43][4080][INFO]service start running: service <C_Media>, exitcode <0>
[2015-12-09 12:10:43][4080][INFO]service start running: service <C_Proxy>, exitcode <0>
[2015-12-09 12:10:43][4080][INFO]service start running: service <C_RTime>, exitcode <0>
[2015-12-09 12:10:43][4080][INFO]service start running: service <C_Task>, exitcode <0>
[2015-12-10 13:01:57][1992][INFO]service start running: service <C_Media>, exitcode <0>
[2015-12-10 13:01:57][1992][INFO]service start running: service <C_Proxy>, exitcode <0>
[2015-12-10 13:01:57][1992][INFO]service start running: service <C_RTime>, exitcode <0>
[2015-12-10 13:02:02][1992][INFO]service start running: service <C_Task>, exitcode <0>
[2015-12-15 12:09:23][3008][INFO]service start running: service <C_Media>, exitcode <0>
[2015-12-15 12:09:23][3008][INFO]service start running: service <C_Proxy>, exitcode <0>
[2015-12-15 12:09:23][3008][INFO]service start running: service <C_RTime>, exitcode <0>
[2015-12-15 12:09:28][3008][INFO]service start running: service <C_Task>, exitcode <0>
[2015-12-16 12:07:00][2712][INFO]service start running: service <C_Media>, exitcode <0>
[2015-12-16 12:07:00][2712][INFO]service start running: service <C_Proxy>, exitcode <0>
[2015-12-16 12:07:00][2712][INFO]service start running: service <C_RTime>, exitcode <0>
[2015-12-16 12:07:05][2712][INFO]service start running: service <C_Task>, exitcode <0>
[2015-12-17 12:02:10][3032][INFO]service start running: service <C_Media>, exitcode <0>
[2015-12-17 12:02:10][3032][INFO]service start running: service <C_Proxy>, exitcode <0>
[2015-12-17 12:02:10][3032][INFO]service start running: service <C_RTime>, exitcode <0>
[2015-12-17 12:02:15][3032][INFO]service start running: service <C_Task>, exitcode <0>
[2015-12-18 13:07:10][3192][INFO]service start running: service <C_Media>, exitcode <0>
[2015-12-18 13:07:10][3192][INFO]service start running: service <C_Proxy>, exitcode <0>
[2015-12-18 13:07:10][3192][INFO]service start running: service <C_RTime>, exitcode <0>
[2015-12-18 13:07:15][3192][INFO]service start running: service <C_Task>, exitcode <0>
[2015-12-18 15:51:05][3144][INFO]service start running: service <C_Media>, exitcode <0>
[2015-12-18 15:51:05][3144][INFO]service start running: service <C_Proxy>, exitcode <0>
[2015-12-18 15:51:05][3144][INFO]service start running: service <C_RTime>, exitcode <0>
[2015-12-18 15:51:10][3144][INFO]service start running: service <C_Task>, exitcode <0>
[2015-12-20 17:07:57][3112][INFO]service start running: service <C_Media>, exitcode <0>
[2015-12-20 17:07:57][3112][INFO]service start running: service <C_Proxy>, exitcode <0>
[2015-12-20 17:07:57][3112][INFO]service start running: service <C_RTime>, exitcode <0>
[2015-12-20 17:08:02][3112][INFO]service start running: service <C_Task>, exitcode <0>
[2015-12-21 12:06:05][3588][INFO]service start running: service <C_Media>, exitcode <0>
[2015-12-21 12:06:05][3588][INFO]service start running: service <C_Proxy>, exitcode <0>
[2015-12-21 12:06:05][3588][INFO]service start running: service <C_RTime>, exitcode <0>
[2015-12-21 12:06:10][3588][INFO]service start running: service <C_Task>, exitcode <0>
[2015-12-22 12:16:25][3080][INFO]service start running: service <C_Media>, exitcode <0>
[2015-12-22 12:16:25][3080][INFO]service start running: service <C_Proxy>, exitcode <0>
[2015-12-22 12:16:25][3080][INFO]service start running: service <C_RTime>, exitcode <0>
[2015-12-22 12:16:30][3080][INFO]service start running: service <C_Task>, exitcode <0>
[2015-12-25 17:33:01][3080][INFO]service start running: service <C_Media>, exitcode <0>
[2015-12-25 17:33:01][3080][INFO]service start running: service <C_Proxy>, exitcode <0>
[2015-12-25 17:33:01][3080][INFO]service start running: service <C_RTime>, exitcode <0>
[2015-12-25 17:33:06][3080][INFO]service start running: service <C_Task>, exitcode <0>
[2015-12-26 15:56:18][3084][INFO]service start running: service <C_Media>, exitcode <0>
[2015-12-26 15:56:18][3084][INFO]service start running: service <C_Proxy>, exitcode <0>
[2015-12-26 15:56:18][3084][INFO]service start running: service <C_RTime>, exitcode <0>
[2015-12-26 15:56:23][3084][INFO]service start running: service <C_Task>, exitcode <0>
[2015-12-28 12:04:30][3352][INFO]service start running: service <C_Media>, exitcode <0>
[2015-12-28 12:04:30][3352][INFO]service start running: service <C_Proxy>, exitcode <0>
[2015-12-28 12:04:30][3352][INFO]service start running: service <C_RTime>, exitcode <0>
[2015-12-28 12:04:35][3352][INFO]service start running: service <C_Task>, exitcode <0>
[2015-12-29 12:29:48][3352][INFO]service start running: service <C_Media>, exitcode <0>
[2015-12-29 12:29:48][3352][INFO]service start running: service <C_Proxy>, exitcode <0>
[2015-12-29 12:29:48][3352][INFO]service start running: service <C_RTime>, exitcode <0>
[2015-12-29 12:29:53][3352][INFO]service start running: service <C_Task>, exitcode <0>
[2015-12-30 12:42:52][3344][INFO]service start running: service <C_Media>, exitcode <0>
[2015-12-30 12:42:52][3344][INFO]service start running: service <C_Proxy>, exitcode <0>
[2015-12-30 12:42:52][3344][INFO]service start running: service <C_RTime>, exitcode <0>
[2015-12-30 12:42:57][3344][INFO]service start running: service <C_Task>, exitcode <0>
[2016-01-04 12:06:42][1348][INFO]service start running: service <C_Media>, exitcode <0>
[2016-01-04 12:06:42][1348][INFO]service start running: service <C_Proxy>, exitcode <0>
[2016-01-04 12:06:42][1348][INFO]service start running: service <C_RTime>, exitcode <0>
[2016-01-04 12:06:47][1348][INFO]service start running: service <C_Task>, exitcode <0>
[2016-01-05 12:39:08][3300][INFO]service start running: service <C_Media>, exitcode <0>
[2016-01-05 12:39:08][3300][INFO]service start running: service <C_Proxy>, exitcode <0>
[2016-01-05 12:39:08][3300][INFO]service start running: service <C_RTime>, exitcode <0>
[2016-01-05 12:39:13][3300][INFO]service start running: service <C_Task>, exitcode <0>
[2016-01-05 21:36:55][3312][INFO]service start running: service <C_Media>, exitcode <0>
[2016-01-05 21:36:55][3312][INFO]service start running: service <C_Proxy>, exitcode <0>
[2016-01-05 21:36:55][3312][INFO]service start running: service <C_RTime>, exitcode <0>
[2016-01-05 21:37:00][3312][INFO]service start running: service <C_Task>, exitcode <0>
[2016-01-06 12:29:29][3960][INFO]service start running: service <C_Media>, exitcode <0>
[2016-01-06 12:29:29][3960][INFO]service start running: service <C_Proxy>, exitcode <0>
[2016-01-06 12:29:29][3960][INFO]service start running: service <C_RTime>, exitcode <0>
[2016-01-06 12:29:34][3960][INFO]service start running: service <C_Task>, exitcode <0>
[2016-01-07 15:48:15][3472][INFO]service start running: service <C_Media>, exitcode <0>
[2016-01-07 15:48:15][3472][INFO]service start running: service <C_Proxy>, exitcode <0>
[2016-01-07 15:48:15][3472][INFO]service start running: service <C_RTime>, exitcode <0>
[2016-01-07 15:48:20][3472][INFO]service start running: service <C_Task>, exitcode <0>
[2016-01-07 21:46:28][3468][INFO]service start running: service <C_Media>, exitcode <0>
[2016-01-07 21:46:28][3468][INFO]service start running: service <C_Proxy>, exitcode <0>
[2016-01-07 21:46:28][3468][INFO]service start running: service <C_RTime>, exitcode <0>
[2016-01-07 21:46:33][3468][INFO]service start running: service <C_Task>, exitcode <0>
[2016-01-09 15:03:33][3408][INFO]service start running: service <C_Media>, exitcode <0>
[2016-01-09 15:03:33][3408][INFO]service start running: service <C_Proxy>, exitcode <0>
[2016-01-09 15:03:33][3408][INFO]service start running: service <C_RTime>, exitcode <0>
[2016-01-09 15:03:38][3408][INFO]service start running: service <C_Task>, exitcode <0>
[2016-01-10 21:33:10][3344][INFO]service start running: service <C_Media>, exitcode <0>
[2016-01-10 21:33:10][3344][INFO]service start running: service <C_Proxy>, exitcode <0>
[2016-01-10 21:33:10][3344][INFO]service start running: service <C_RTime>, exitcode <0>
[2016-01-10 21:33:15][3344][INFO]service start running: service <C_Task>, exitcode <0>
[2016-01-11 12:06:14][3356][INFO]service start running: service <C_Media>, exitcode <0>
[2016-01-11 12:06:14][3356][INFO]service start running: service <C_Proxy>, exitcode <0>
[2016-01-11 12:06:14][3356][INFO]service start running: service <C_RTime>, exitcode <0>
[2016-01-11 12:06:19][3356][INFO]service start running: service <C_Task>, exitcode <0>
[2016-01-12 12:34:47][3356][INFO]service start running: service <C_Media>, exitcode <0>
[2016-01-12 12:34:47][3356][INFO]service start running: service <C_Proxy>, exitcode <0>
[2016-01-12 12:34:47][3356][INFO]service start running: service <C_RTime>, exitcode <0>
[2016-01-12 12:34:52][3356][INFO]service start running: service <C_Task>, exitcode <0>
[2016-01-13 12:44:29][3372][INFO]service start running: service <C_Media>, exitcode <0>
[2016-01-13 12:44:29][3372][INFO]service start running: service <C_Proxy>, exitcode <0>
[2016-01-13 12:44:29][3372][INFO]service start running: service <C_RTime>, exitcode <0>
[2016-01-13 12:44:34][3372][INFO]service start running: service <C_Task>, exitcode <0>
[2016-01-14 09:46:41][3364][INFO]service start running: service <C_Media>, exitcode <0>
[2016-01-14 09:46:41][3364][INFO]service start running: service <C_Proxy>, exitcode <0>
[2016-01-14 09:46:41][3364][INFO]service start running: service <C_RTime>, exitcode <0>
[2016-01-14 09:46:46][3364][INFO]service start running: service <C_Task>, exitcode <0>
[2016-01-14 15:47:59][3424][INFO]service start running: service <C_Media>, exitcode <0>
[2016-01-14 15:47:59][3424][INFO]service start running: service <C_Proxy>, exitcode <0>
[2016-01-14 15:47:59][3424][INFO]service start running: service <C_RTime>, exitcode <0>
[2016-01-14 15:48:04][3424][INFO]service start running: service <C_Task>, exitcode <0>
[2016-01-15 09:45:00][3388][INFO]service start running: service <C_Media>, exitcode <0>
[2016-01-15 09:45:00][3388][INFO]service start running: service <C_Proxy>, exitcode <0>
[2016-01-15 09:45:00][3388][INFO]service start running: service <C_RTime>, exitcode <0>
[2016-01-15 09:45:05][3388][INFO]service start running: service <C_Task>, exitcode <0>
[2016-01-15 12:06:14][3348][INFO]service start running: service <C_Media>, exitcode <0>
[2016-01-15 12:06:14][3348][INFO]service start running: service <C_Proxy>, exitcode <0>
[2016-01-15 12:06:14][3348][INFO]service start running: service <C_RTime>, exitcode <0>
[2016-01-15 12:06:19][3348][INFO]service start running: service <C_Task>, exitcode <0>
[2016-01-17 15:47:23][3352][INFO]service start running: service <C_Media>, exitcode <0>
[2016-01-17 15:47:23][3352][INFO]service start running: service <C_Proxy>, exitcode <0>
[2016-01-17 15:47:23][3352][INFO]service start running: service <C_RTime>, exitcode <0>
[2016-01-17 15:47:28][3352][INFO]service start running: service <C_Task>, exitcode <0>
[2016-01-31 16:02:17][2484][INFO]service start running: service <C_Media>, exitcode <0>
[2016-01-31 16:02:17][2484][INFO]service start running: service <C_Proxy>, exitcode <0>
[2016-01-31 16:02:17][2484][INFO]service start running: service <C_RTime>, exitcode <0>
[2016-01-31 16:02:22][2484][INFO]service start running: service <C_Task>, exitcode <0>
[2016-02-22 12:05:53][3112][INFO]service start running: service <C_Media>, exitcode <0>
[2016-02-22 12:05:53][3112][INFO]service start running: service <C_Proxy>, exitcode <0>
[2016-02-22 12:05:53][3112][INFO]service start running: service <C_RTime>, exitcode <0>
[2016-02-22 12:05:58][3112][INFO]service start running: service <C_Task>, exitcode <0>
[2016-02-23 15:58:35][3312][INFO]service start running: service <C_Media>, exitcode <0>
[2016-02-23 15:58:35][3312][INFO]service start running: service <C_Proxy>, exitcode <0>
[2016-02-23 15:58:35][3312][INFO]service start running: service <C_RTime>, exitcode <0>
[2016-02-23 15:58:40][3312][INFO]service start running: service <C_Task>, exitcode <0>
[2016-02-24 12:41:19][3344][INFO]service start running: service <C_Media>, exitcode <0>
[2016-02-24 12:41:19][3344][INFO]service start running: service <C_Proxy>, exitcode <0>
[2016-02-24 12:41:19][3344][INFO]service start running: service <C_RTime>, exitcode <0>
[2016-02-24 12:41:24][3344][INFO]service start running: service <C_Task>, exitcode <0>
[2016-02-25 12:32:47][3432][INFO]service start running: service <C_Media>, exitcode <0>
[2016-02-25 12:32:47][3432][INFO]service start running: service <C_Proxy>, exitcode <0>
[2016-02-25 12:32:47][3432][INFO]service start running: service <C_RTime>, exitcode <0>
[2016-02-25 12:32:52][3432][INFO]service start running: service <C_Task>, exitcode <0>
[2016-02-29 12:05:04][3224][INFO]service start running: service <C_Media>, exitcode <0>
[2016-02-29 12:05:04][3224][INFO]service start running: service <C_Proxy>, exitcode <0>
[2016-02-29 12:05:04][3224][INFO]service start running: service <C_RTime>, exitcode <0>
[2016-02-29 12:05:09][3224][INFO]service start running: service <C_Task>, exitcode <0>
[2016-03-01 15:43:19][3464][INFO]service start running: service <C_Media>, exitcode <0>
[2016-03-01 15:43:19][3464][INFO]service start running: service <C_Proxy>, exitcode <0>
[2016-03-01 15:43:19][3464][INFO]service start running: service <C_RTime>, exitcode <0>
[2016-03-01 15:43:19][3464][INFO]service start running: service <C_Task>, exitcode <0>
[2016-03-02 12:38:44][2548][INFO]service start running: service <C_Media>, exitcode <0>
[2016-03-02 12:38:44][2548][INFO]service start running: service <C_Proxy>, exitcode <0>
[2016-03-02 12:38:44][2548][INFO]service start running: service <C_RTime>, exitcode <0>
[2016-03-02 12:38:49][2548][INFO]service start running: service <C_Task>, exitcode <0>
[2016-03-03 12:28:21][2428][INFO]service start running: service <C_Media>, exitcode <0>
[2016-03-03 12:28:21][2428][INFO]service start running: service <C_Proxy>, exitcode <0>
[2016-03-03 12:28:21][2428][INFO]service start running: service <C_RTime>, exitcode <0>
[2016-03-03 12:28:26][2428][INFO]service start running: service <C_Task>, exitcode <0>
[2016-03-03 15:52:50][2996][INFO]service start running: service <C_Media>, exitcode <0>
[2016-03-03 15:52:50][2996][INFO]service start running: service <C_Proxy>, exitcode <0>
[2016-03-03 15:52:50][2996][INFO]service start running: service <C_RTime>, exitcode <0>
[2016-03-03 15:52:55][2996][INFO]service start running: service <C_Task>, exitcode <0>
[2016-03-05 09:55:14][2832][INFO]service start running: service <C_Media>, exitcode <0>
[2016-03-05 09:55:14][2832][INFO]service start running: service <C_Proxy>, exitcode <0>
[2016-03-05 09:55:14][2832][INFO]service start running: service <C_RTime>, exitcode <0>
[2016-03-05 09:55:19][2832][INFO]service start running: service <C_Task>, exitcode <0>
[2016-03-05 17:39:53][3140][INFO]service start running: service <C_Media>, exitcode <0>
[2016-03-05 17:39:53][3140][INFO]service start running: service <C_Proxy>, exitcode <0>
[2016-03-05 17:39:53][3140][INFO]service start running: service <C_RTime>, exitcode <0>
[2016-03-05 17:39:58][3140][INFO]service start running: service <C_Task>, exitcode <0>
[2016-03-05 17:46:36][4552][INFO]service start running: service <C_Media>, exitcode <0>
[2016-03-05 17:46:36][4552][INFO]service start running: service <C_Proxy>, exitcode <0>
[2016-03-05 17:46:36][4552][INFO]service start running: service <C_RTime>, exitcode <0>
[2016-03-05 17:46:41][4552][INFO]service start running: service <C_Task>, exitcode <0>
[2016-03-06 09:44:52][5112][INFO]service start running: service <C_Media>, exitcode <0>
[2016-03-06 09:44:52][5112][INFO]service start running: service <C_Proxy>, exitcode <0>
[2016-03-06 09:44:52][5112][INFO]service start running: service <C_RTime>, exitcode <0>
[2016-03-06 09:44:58][5112][INFO]service start running: service <C_Task>, exitcode <0>
[2016-03-07 12:04:31][4516][INFO]service start running: service <C_Media>, exitcode <0>
[2016-03-07 12:04:31][4516][INFO]service start running: service <C_Proxy>, exitcode <0>
[2016-03-07 12:04:31][4516][INFO]service start running: service <C_RTime>, exitcode <0>
[2016-03-07 12:04:31][4516][INFO]service start running: service <C_Task>, exitcode <0>
[2016-03-08 15:43:14][3196][INFO]service start running: service <C_Media>, exitcode <0>
[2016-03-08 15:43:14][3196][INFO]service start running: service <C_Proxy>, exitcode <0>
[2016-03-08 15:43:14][3196][INFO]service start running: service <C_RTime>, exitcode <0>
[2016-03-08 15:43:19][3196][INFO]service start running: service <C_Task>, exitcode <0>
[2016-03-09 12:42:46][3296][INFO]service start running: service <C_Media>, exitcode <0>
[2016-03-09 12:42:46][3296][INFO]service start running: service <C_Proxy>, exitcode <0>
[2016-03-09 12:42:46][3296][INFO]service start running: service <C_RTime>, exitcode <0>
[2016-03-09 12:42:51][3296][INFO]service start running: service <C_Task>, exitcode <0>
[2016-03-10 12:23:16][3112][INFO]service start running: service <C_Media>, exitcode <0>
[2016-03-10 12:23:16][3112][INFO]service start running: service <C_Proxy>, exitcode <0>
[2016-03-10 12:23:16][3112][INFO]service start running: service <C_RTime>, exitcode <0>
[2016-03-10 12:23:21][3112][INFO]service start running: service <C_Task>, exitcode <0>
[2016-03-11 12:19:28][3028][INFO]service start running: service <C_Media>, exitcode <0>
[2016-03-11 12:19:28][3028][INFO]service start running: service <C_Proxy>, exitcode <0>
[2016-03-11 12:19:28][3028][INFO]service start running: service <C_RTime>, exitcode <0>
[2016-03-11 12:19:33][3028][INFO]service start running: service <C_Task>, exitcode <0>
[2016-03-12 13:32:17][2904][INFO]service start running: service <C_Media>, exitcode <0>
[2016-03-12 13:32:17][2904][INFO]service start running: service <C_Proxy>, exitcode <0>
[2016-03-12 13:32:17][2904][INFO]service start running: service <C_RTime>, exitcode <0>
[2016-03-12 13:32:22][2904][INFO]service start running: service <C_Task>, exitcode <0>
[2016-03-12 16:07:16][3400][INFO]service start running: service <C_Media>, exitcode <0>
[2016-03-12 16:07:16][3400][INFO]service start running: service <C_Proxy>, exitcode <0>
[2016-03-12 16:07:16][3400][INFO]service start running: service <C_RTime>, exitcode <0>
[2016-03-12 16:07:21][3400][INFO]service start running: service <C_Task>, exitcode <0>
[2016-03-12 21:37:17][5228][INFO]service start running: service <C_Media>, exitcode <0>
[2016-03-12 21:37:17][5228][INFO]service start running: service <C_Proxy>, exitcode <0>
[2016-03-12 21:37:17][5228][INFO]service start running: service <C_RTime>, exitcode <0>
[2016-03-12 21:37:22][5228][INFO]service start running: service <C_Task>, exitcode <0>
[2016-03-13 12:49:15][5664][INFO]service start running: service <C_Media>, exitcode <0>
[2016-03-13 12:49:15][5664][INFO]service start running: service <C_Proxy>, exitcode <0>
[2016-03-13 12:49:15][5664][INFO]service start running: service <C_RTime>, exitcode <0>
[2016-03-13 12:49:20][5664][INFO]service start running: service <C_Task>, exitcode <0>
[2016-03-13 15:40:42][1952][INFO]service start running: service <C_Media>, exitcode <0>
[2016-03-13 15:40:42][1952][INFO]service start running: service <C_Proxy>, exitcode <0>
[2016-03-13 15:40:42][1952][INFO]service start running: service <C_RTime>, exitcode <0>
[2016-03-13 15:40:47][1952][INFO]service start running: service <C_Task>, exitcode <0>
[2016-03-13 17:23:16][3908][INFO]service start running: service <C_Media>, exitcode <0>
[2016-03-13 17:23:16][3908][INFO]service start running: service <C_Proxy>, exitcode <0>
[2016-03-13 17:23:16][3908][INFO]service start running: service <C_RTime>, exitcode <0>
[2016-03-13 17:23:21][3908][INFO]service start running: service <C_Task>, exitcode <0>
[2016-03-13 21:44:23][5020][INFO]service start running: service <C_Media>, exitcode <0>
[2016-03-13 21:44:23][5020][INFO]service start running: service <C_Proxy>, exitcode <0>
[2016-03-13 21:44:23][5020][INFO]service start running: service <C_RTime>, exitcode <0>
[2016-03-13 21:44:28][5020][INFO]service start running: service <C_Task>, exitcode <0>
[2016-03-14 12:07:47][3280][INFO]service start running: service <C_Media>, exitcode <0>
[2016-03-14 12:07:47][3280][INFO]service start running: service <C_Proxy>, exitcode <0>
[2016-03-14 12:07:47][3280][INFO]service start running: service <C_RTime>, exitcode <0>
[2016-03-14 12:07:52][3280][INFO]service start running: service <C_Task>, exitcode <0>
[2016-03-15 12:41:32][4636][INFO]service start running: service <C_Media>, exitcode <0>
[2016-03-15 12:41:32][4636][INFO]service start running: service <C_Proxy>, exitcode <0>
[2016-03-15 12:41:32][4636][INFO]service start running: service <C_RTime>, exitcode <0>
[2016-03-15 12:41:37][4636][INFO]service start running: service <C_Task>, exitcode <0>
[2016-03-16 12:04:51][4136][INFO]service start running: service <C_Media>, exitcode <0>
[2016-03-16 12:04:51][4136][INFO]service start running: service <C_Proxy>, exitcode <0>
[2016-03-16 12:04:51][4136][INFO]service start running: service <C_RTime>, exitcode <0>
[2016-03-16 12:04:56][4136][INFO]service start running: service <C_Task>, exitcode <0>
[2016-03-20 21:39:08][4400][INFO]service start running: service <C_Media>, exitcode <0>
[2016-03-20 21:39:08][4400][INFO]service start running: service <C_Proxy>, exitcode <0>
[2016-03-20 21:39:08][4400][INFO]service start running: service <C_RTime>, exitcode <0>
[2016-03-20 21:39:13][4400][INFO]service start running: service <C_Task>, exitcode <0>
[2016-03-21 09:31:47][4520][INFO]service start running: service <C_Media>, exitcode <0>
[2016-03-21 09:31:47][4520][INFO]service start running: service <C_Proxy>, exitcode <0>
[2016-03-21 09:31:47][4520][INFO]service start running: service <C_RTime>, exitcode <0>
[2016-03-21 09:31:52][4520][INFO]service start running: service <C_Task>, exitcode <0>
[2016-03-21 12:05:05][3712][INFO]service start running: service <C_Media>, exitcode <0>
[2016-03-21 12:05:05][3712][INFO]service start running: service <C_Proxy>, exitcode <0>
[2016-03-21 12:05:05][3712][INFO]service start running: service <C_RTime>, exitcode <0>
[2016-03-21 12:05:10][3712][INFO]service start running: service <C_Task>, exitcode <0>
[2016-03-22 12:34:40][3296][INFO]service start running: service <C_Media>, exitcode <0>
[2016-03-22 12:34:40][3296][INFO]service start running: service <C_Proxy>, exitcode <0>
[2016-03-22 12:34:40][3296][INFO]service start running: service <C_RTime>, exitcode <0>
[2016-03-22 12:34:45][3296][INFO]service start running: service <C_Task>, exitcode <0>
[2016-03-23 17:15:57][3008][INFO]service start running: service <C_Media>, exitcode <0>
[2016-03-23 17:15:57][3008][INFO]service start running: service <C_Proxy>, exitcode <0>
[2016-03-23 17:15:57][3008][INFO]service start running: service <C_RTime>, exitcode <0>
[2016-03-23 17:16:02][3008][INFO]service start running: service <C_Task>, exitcode <0>
[2016-03-24 15:44:40][2968][INFO]service start running: service <C_Media>, exitcode <0>
[2016-03-24 15:44:40][2968][INFO]service start running: service <C_Proxy>, exitcode <0>
[2016-03-24 15:44:40][2968][INFO]service start running: service <C_RTime>, exitcode <0>
[2016-03-24 15:44:45][2968][INFO]service start running: service <C_Task>, exitcode <0>
[2016-03-24 21:37:21][2976][INFO]service start running: service <C_Media>, exitcode <0>
[2016-03-24 21:37:21][2976][INFO]service start running: service <C_Proxy>, exitcode <0>
[2016-03-24 21:37:21][2976][INFO]service start running: service <C_RTime>, exitcode <0>
[2016-03-24 21:37:26][2976][INFO]service start running: service <C_Task>, exitcode <0>
[2016-03-25 12:10:48][2976][INFO]service start running: service <C_Media>, exitcode <0>
[2016-03-25 12:10:48][2976][INFO]service start running: service <C_Proxy>, exitcode <0>
[2016-03-25 12:10:48][2976][INFO]service start running: service <C_RTime>, exitcode <0>
[2016-03-25 12:10:53][2976][INFO]service start running: service <C_Task>, exitcode <0>
[2016-03-25 12:50:21][2960][INFO]service start running: service <C_Media>, exitcode <0>
[2016-03-25 12:50:21][2960][INFO]service start running: service <C_Proxy>, exitcode <0>
[2016-03-25 12:50:21][2960][INFO]service start running: service <C_RTime>, exitcode <0>
[2016-03-25 12:50:26][2960][INFO]service start running: service <C_Task>, exitcode <0>
[2016-03-26 09:44:02][4768][INFO]service start running: service <C_Media>, exitcode <0>
[2016-03-26 09:44:02][4768][INFO]service start running: service <C_Proxy>, exitcode <0>
[2016-03-26 09:44:02][4768][INFO]service start running: service <C_RTime>, exitcode <0>
[2016-03-26 09:44:07][4768][INFO]service start running: service <C_Task>, exitcode <0>
[2016-03-26 10:34:29][4440][INFO]service start running: service <C_Media>, exitcode <0>
[2016-03-26 10:34:29][4440][INFO]service start running: service <C_Proxy>, exitcode <0>
[2016-03-26 10:34:29][4440][INFO]service start running: service <C_RTime>, exitcode <0>
[2016-03-26 10:34:34][4440][INFO]service start running: service <C_Task>, exitcode <0>
[2016-03-26 12:04:43][4440][INFO]service start running: service <C_Media>, exitcode <0>
[2016-03-26 12:04:43][4440][INFO]service start running: service <C_Proxy>, exitcode <0>
[2016-03-26 12:04:43][4440][INFO]service start running: service <C_RTime>, exitcode <0>
[2016-03-26 12:04:48][4440][INFO]service start running: service <C_Task>, exitcode <0>
[2016-03-27 17:05:56][3396][INFO]service start running: service <C_Media>, exitcode <0>
[2016-03-27 17:05:56][3396][INFO]service start running: service <C_Proxy>, exitcode <0>
[2016-03-27 17:05:56][3396][INFO]service start running: service <C_RTime>, exitcode <0>
[2016-03-27 17:06:01][3396][INFO]service start running: service <C_Task>, exitcode <0>
[2016-03-28 12:04:48][5632][INFO]service start running: service <C_Media>, exitcode <0>
[2016-03-28 12:04:48][5632][INFO]service start running: service <C_Proxy>, exitcode <0>
[2016-03-28 12:04:48][5632][INFO]service start running: service <C_RTime>, exitcode <0>
[2016-03-28 12:04:53][5632][INFO]service start running: service <C_Task>, exitcode <0>
[2016-03-28 21:23:15][3420][INFO]service start running: service <C_Media>, exitcode <0>
[2016-03-28 21:23:15][3420][INFO]service start running: service <C_Proxy>, exitcode <0>
[2016-03-28 21:23:15][3420][INFO]service start running: service <C_RTime>, exitcode <0>
[2016-03-28 21:23:20][3420][INFO]service start running: service <C_Task>, exitcode <0>
[2016-03-29 09:54:36][3880][INFO]service start running: service <C_Media>, exitcode <0>
[2016-03-29 09:54:36][3880][INFO]service start running: service <C_Proxy>, exitcode <0>
[2016-03-29 09:54:36][3880][INFO]service start running: service <C_RTime>, exitcode <0>
[2016-03-29 09:54:41][3880][INFO]service start running: service <C_Task>, exitcode <0>
[2016-03-29 12:31:46][2968][INFO]service start running: service <C_Media>, exitcode <0>
[2016-03-29 12:31:46][2968][INFO]service start running: service <C_Proxy>, exitcode <0>
[2016-03-29 12:31:46][2968][INFO]service start running: service <C_RTime>, exitcode <0>
[2016-03-29 12:31:51][2968][INFO]service start running: service <C_Task>, exitcode <0>
[2016-03-29 12:56:15][3000][INFO]service start running: service <C_Media>, exitcode <0>
[2016-03-29 12:56:15][3000][INFO]service start running: service <C_Proxy>, exitcode <0>
[2016-03-29 12:56:15][3000][INFO]service start running: service <C_RTime>, exitcode <0>
[2016-03-29 12:56:20][3000][INFO]service start running: service <C_Task>, exitcode <0>
[2016-03-30 12:16:02][3220][INFO]service start running: service <C_Media>, exitcode <0>
[2016-03-30 12:16:02][3220][INFO]service start running: service <C_Proxy>, exitcode <0>
[2016-03-30 12:16:02][3220][INFO]service start running: service <C_RTime>, exitcode <0>
[2016-03-30 12:16:07][3220][INFO]service start running: service <C_Task>, exitcode <0>
[2016-03-30 21:39:04][4364][INFO]service start running: service <C_Media>, exitcode <0>
[2016-03-30 21:39:04][4364][INFO]service start running: service <C_Proxy>, exitcode <0>
[2016-03-30 21:39:04][4364][INFO]service start running: service <C_RTime>, exitcode <0>
[2016-03-30 21:39:09][4364][INFO]service start running: service <C_Task>, exitcode <0>
[2016-03-31 12:37:40][4280][INFO]service start running: service <C_Media>, exitcode <0>
[2016-03-31 12:37:40][4280][INFO]service start running: service <C_Proxy>, exitcode <0>
[2016-03-31 12:37:40][4280][INFO]service start running: service <C_RTime>, exitcode <0>
[2016-03-31 12:37:45][4280][INFO]service start running: service <C_Task>, exitcode <0>
[2016-03-31 21:43:58][5224][INFO]service start running: service <C_Media>, exitcode <0>
[2016-03-31 21:43:58][5224][INFO]service start running: service <C_Proxy>, exitcode <0>
[2016-03-31 21:43:58][5224][INFO]service start running: service <C_RTime>, exitcode <0>
[2016-03-31 21:44:03][5224][INFO]service start running: service <C_Task>, exitcode <0>
[2016-04-04 09:23:19][4332][INFO]service start running: service <C_Media>, exitcode <0>
[2016-04-04 09:23:19][4332][INFO]service start running: service <C_Proxy>, exitcode <0>
[2016-04-04 09:23:19][4332][INFO]service start running: service <C_RTime>, exitcode <0>
[2016-04-04 09:23:24][4332][INFO]service start running: service <C_Task>, exitcode <0>
[2016-04-04 09:34:15][4332][INFO]service stopped: service <C_RTime>, exitcode <0>
[2016-04-04 09:34:15][4332][INFO]service stopped: service <C_Task>, exitcode <0>
[2016-04-04 14:49:03][1792][INFO]service start running: service <C_Media>, exitcode <0>
[2016-04-04 14:49:03][1792][INFO]service start running: service <C_Proxy>, exitcode <0>
[2016-04-04 14:49:03][1792][INFO]service start running: service <C_RTime>, exitcode <0>
[2016-04-04 14:49:08][1792][INFO]service start running: service <C_Task>, exitcode <0>
[2016-04-04 14:51:20][2056][INFO]service start running: service <C_Media>, exitcode <0>
[2016-04-04 14:51:20][2056][INFO]service start running: service <C_Proxy>, exitcode <0>
[2016-04-04 14:51:20][2056][INFO]service start running: service <C_RTime>, exitcode <0>
[2016-04-04 14:51:25][2056][INFO]service start running: service <C_Task>, exitcode <0>
[2016-04-05 12:54:14][3332][INFO]service start running: service <C_Media>, exitcode <0>
[2016-04-05 12:54:14][3332][INFO]service start running: service <C_Proxy>, exitcode <0>
[2016-04-05 12:54:14][3332][INFO]service start running: service <C_RTime>, exitcode <0>
[2016-04-05 12:54:19][3332][INFO]service start running: service <C_Task>, exitcode <0>
[2016-04-06 12:54:08][3468][INFO]service start running: service <C_Media>, exitcode <0>
[2016-04-06 12:54:08][3468][INFO]service start running: service <C_Proxy>, exitcode <0>
[2016-04-06 12:54:08][3468][INFO]service start running: service <C_RTime>, exitcode <0>
[2016-04-06 12:54:13][3468][INFO]service start running: service <C_Task>, exitcode <0>
[2016-04-07 12:26:31][3528][INFO]service start running: service <C_Media>, exitcode <0>
[2016-04-07 12:26:31][3528][INFO]service start running: service <C_Proxy>, exitcode <0>
[2016-04-07 12:26:31][3528][INFO]service start running: service <C_RTime>, exitcode <0>
[2016-04-07 12:26:36][3528][INFO]service start running: service <C_Task>, exitcode <0>
[2016-04-08 12:03:53][3676][INFO]service start running: service <C_Media>, exitcode <0>
[2016-04-08 12:03:53][3676][INFO]service start running: service <C_Proxy>, exitcode <0>
[2016-04-08 12:03:53][3676][INFO]service start running: service <C_RTime>, exitcode <0>
[2016-04-08 12:03:58][3676][INFO]service start running: service <C_Task>, exitcode <0>
[2016-04-09 12:04:47][3748][INFO]service start running: service <C_Media>, exitcode <0>
[2016-04-09 12:04:47][3748][INFO]service start running: service <C_Proxy>, exitcode <0>
[2016-04-09 12:04:47][3748][INFO]service start running: service <C_RTime>, exitcode <0>
[2016-04-09 12:04:52][3748][INFO]service start running: service <C_Task>, exitcode <0>
[2016-04-10 11:47:45][3524][INFO]service start running: service <C_Media>, exitcode <0>
[2016-04-10 11:47:45][3524][INFO]service start running: service <C_Proxy>, exitcode <0>
[2016-04-10 11:47:45][3524][INFO]service start running: service <C_RTime>, exitcode <0>
[2016-04-10 11:47:50][3524][INFO]service start running: service <C_Task>, exitcode <0>
[2016-04-10 15:47:23][3564][INFO]service start running: service <C_Media>, exitcode <0>
[2016-04-10 15:47:23][3564][INFO]service start running: service <C_Proxy>, exitcode <0>
[2016-04-10 15:47:23][3564][INFO]service start running: service <C_RTime>, exitcode <0>
[2016-04-10 15:47:28][3564][INFO]service start running: service <C_Task>, exitcode <0>
[2016-04-11 10:00:34][2432][INFO]service start running: service <C_Media>, exitcode <0>
[2016-04-11 10:00:34][2432][INFO]service start running: service <C_Proxy>, exitcode <0>
[2016-04-11 10:00:34][2432][INFO]service start running: service <C_RTime>, exitcode <0>
[2016-04-11 10:00:39][2432][INFO]service start running: service <C_Task>, exitcode <0>
[2016-04-11 12:05:25][3620][INFO]service start running: service <C_Media>, exitcode <0>
[2016-04-11 12:05:25][3620][INFO]service start running: service <C_Proxy>, exitcode <0>
[2016-04-11 12:05:25][3620][INFO]service start running: service <C_RTime>, exitcode <0>
[2016-04-11 12:05:30][3620][INFO]service start running: service <C_Task>, exitcode <0>
[2016-04-12 12:46:52][3556][INFO]service start running: service <C_Media>, exitcode <0>
[2016-04-12 12:46:52][3556][INFO]service start running: service <C_Proxy>, exitcode <0>
[2016-04-12 12:46:52][3556][INFO]service start running: service <C_RTime>, exitcode <0>
[2016-04-12 12:46:57][3556][INFO]service start running: service <C_Task>, exitcode <0>
[2016-04-13 12:31:04][3536][INFO]service start running: service <C_Media>, exitcode <0>
[2016-04-13 12:31:04][3536][INFO]service start running: service <C_Proxy>, exitcode <0>
[2016-04-13 12:31:04][3536][INFO]service start running: service <C_RTime>, exitcode <0>
[2016-04-13 12:31:09][3536][INFO]service start running: service <C_Task>, exitcode <0>
[2016-04-14 15:09:02][3740][INFO]service start running: service <C_Media>, exitcode <0>
[2016-04-14 15:09:02][3740][INFO]service start running: service <C_Proxy>, exitcode <0>
[2016-04-14 15:09:02][3740][INFO]service start running: service <C_RTime>, exitcode <0>
[2016-04-14 15:09:07][3740][INFO]service start running: service <C_Task>, exitcode <0>
[2016-04-15 10:00:53][3488][INFO]service start running: service <C_Media>, exitcode <0>
[2016-04-15 10:00:53][3488][INFO]service start running: service <C_Proxy>, exitcode <0>
[2016-04-15 10:00:53][3488][INFO]service start running: service <C_RTime>, exitcode <0>
[2016-04-15 10:00:58][3488][INFO]service start running: service <C_Task>, exitcode <0>
[2016-04-16 10:58:11][3512][INFO]service start running: service <C_Media>, exitcode <0>
[2016-04-16 10:58:11][3512][INFO]service start running: service <C_Proxy>, exitcode <0>
[2016-04-16 10:58:11][3512][INFO]service start running: service <C_RTime>, exitcode <0>
[2016-04-16 10:58:11][3512][INFO]service start running: service <C_Task>, exitcode <0>
[2016-04-16 14:22:54][3888][INFO]service start running: service <C_Media>, exitcode <0>
[2016-04-16 14:22:54][3888][INFO]service start running: service <C_Proxy>, exitcode <0>
[2016-04-16 14:22:54][3888][INFO]service start running: service <C_RTime>, exitcode <0>
[2016-04-16 14:22:59][3888][INFO]service start running: service <C_Task>, exitcode <0>
[2016-04-16 18:02:09][3872][INFO]service start running: service <C_Media>, exitcode <0>
[2016-04-16 18:02:09][3872][INFO]service start running: service <C_Proxy>, exitcode <0>
[2016-04-16 18:02:09][3872][INFO]service start running: service <C_RTime>, exitcode <0>
[2016-04-16 18:02:14][3872][INFO]service start running: service <C_Task>, exitcode <0>
[2016-04-16 19:37:42][3636][INFO]service start running: service <C_Media>, exitcode <0>
[2016-04-16 19:37:42][3636][INFO]service start running: service <C_Proxy>, exitcode <0>
[2016-04-16 19:37:42][3636][INFO]service start running: service <C_RTime>, exitcode <0>
[2016-04-16 19:37:49][3636][INFO]service start running: service <C_Task>, exitcode <0>
[2016-04-16 21:05:09][3500][INFO]service start running: service <C_Media>, exitcode <0>
[2016-04-16 21:05:09][3500][INFO]service start running: service <C_Proxy>, exitcode <0>
[2016-04-16 21:05:09][3500][INFO]service start running: service <C_RTime>, exitcode <0>
[2016-04-16 21:05:14][3500][INFO]service start running: service <C_Task>, exitcode <0>
[2016-04-17 09:43:13][3492][INFO]service start running: service <C_Media>, exitcode <0>
[2016-04-17 09:43:13][3492][INFO]service start running: service <C_Proxy>, exitcode <0>
[2016-04-17 09:43:13][3492][INFO]service start running: service <C_RTime>, exitcode <0>
[2016-04-17 09:43:18][3492][INFO]service start running: service <C_Task>, exitcode <0>
[2016-04-17 10:55:16][3496][INFO]service start running: service <C_Media>, exitcode <0>
[2016-04-17 10:55:16][3496][INFO]service start running: service <C_Proxy>, exitcode <0>
[2016-04-17 10:55:16][3496][INFO]service start running: service <C_RTime>, exitcode <0>
[2016-04-17 10:55:21][3496][INFO]service start running: service <C_Task>, exitcode <0>
[2016-04-17 15:06:22][3732][INFO]service start running: service <C_Media>, exitcode <0>
[2016-04-17 15:06:22][3732][INFO]service start running: service <C_Proxy>, exitcode <0>
[2016-04-17 15:06:22][3732][INFO]service start running: service <C_RTime>, exitcode <0>
[2016-04-17 15:06:27][3732][INFO]service start running: service <C_Task>, exitcode <0>
[2016-04-18 12:03:07][3500][INFO]service start running: service <C_Media>, exitcode <0>
[2016-04-18 12:03:07][3500][INFO]service start running: service <C_Proxy>, exitcode <0>
[2016-04-18 12:03:07][3500][INFO]service start running: service <C_RTime>, exitcode <0>
[2016-04-18 12:03:12][3500][INFO]service start running: service <C_Task>, exitcode <0>
[2016-04-19 10:01:09][3816][INFO]service start running: service <C_Media>, exitcode <0>
[2016-04-19 10:01:09][3816][INFO]service start running: service <C_Proxy>, exitcode <0>
[2016-04-19 10:01:09][3816][INFO]service start running: service <C_RTime>, exitcode <0>
[2016-04-19 10:01:14][3816][INFO]service start running: service <C_Task>, exitcode <0>
[2016-04-19 12:32:52][3844][INFO]service start running: service <C_Media>, exitcode <0>
[2016-04-19 12:32:52][3844][INFO]service start running: service <C_Proxy>, exitcode <0>
[2016-04-19 12:32:52][3844][INFO]service start running: service <C_RTime>, exitcode <0>
[2016-04-19 12:32:57][3844][INFO]service start running: service <C_Task>, exitcode <0>
[2016-04-20 12:28:19][4016][INFO]service start running: service <C_Media>, exitcode <0>
[2016-04-20 12:28:19][4016][INFO]service start running: service <C_Proxy>, exitcode <0>
[2016-04-20 12:28:19][4016][INFO]service start running: service <C_RTime>, exitcode <0>
[2016-04-20 12:28:24][4016][INFO]service start running: service <C_Task>, exitcode <0>
[2016-04-20 21:42:41][3896][INFO]service start running: service <C_Media>, exitcode <0>
[2016-04-20 21:42:41][3896][INFO]service start running: service <C_Proxy>, exitcode <0>
[2016-04-20 21:42:41][3896][INFO]service start running: service <C_RTime>, exitcode <0>
[2016-04-20 21:42:41][3896][INFO]service start running: service <C_Task>, exitcode <0>
[2016-04-21 07:10:01][1376][INFO]service start running: service <C_Media>, exitcode <0>
[2016-04-21 07:10:01][1376][INFO]service start running: service <C_Proxy>, exitcode <0>
[2016-04-21 07:10:01][1376][INFO]service start running: service <C_RTime>, exitcode <0>
[2016-04-21 07:10:06][1376][INFO]service start running: service <C_Task>, exitcode <0>
[2016-04-21 10:45:45][4048][INFO]service start running: service <C_Media>, exitcode <0>
[2016-04-21 10:45:45][4048][INFO]service start running: service <C_Proxy>, exitcode <0>
[2016-04-21 10:45:45][4048][INFO]service start running: service <C_RTime>, exitcode <0>
[2016-04-21 10:45:50][4048][INFO]service start running: service <C_Task>, exitcode <0>
[2016-04-21 12:06:08][2952][INFO]service start running: service <C_Media>, exitcode <0>
[2016-04-21 12:06:08][2952][INFO]service start running: service <C_Proxy>, exitcode <0>
[2016-04-21 12:06:08][2952][INFO]service start running: service <C_RTime>, exitcode <0>
[2016-04-21 12:06:13][2952][INFO]service start running: service <C_Task>, exitcode <0>
[2016-04-22 12:37:12][1688][INFO]service start running: service <C_Media>, exitcode <0>
[2016-04-22 12:37:12][1688][INFO]service start running: service <C_Proxy>, exitcode <0>
[2016-04-22 12:37:12][1688][INFO]service start running: service <C_RTime>, exitcode <0>
[2016-04-22 12:37:17][1688][INFO]service start running: service <C_Task>, exitcode <0>
[2016-04-23 12:24:02][3516][INFO]service start running: service <C_Media>, exitcode <0>
[2016-04-23 12:24:02][3516][INFO]service start running: service <C_Proxy>, exitcode <0>
[2016-04-23 12:24:02][3516][INFO]service start running: service <C_RTime>, exitcode <0>
[2016-04-23 12:24:07][3516][INFO]service start running: service <C_Task>, exitcode <0>
[2016-04-25 12:27:00][3960][INFO]service start running: service <C_Media>, exitcode <0>
[2016-04-25 12:27:00][3960][INFO]service start running: service <C_Proxy>, exitcode <0>
[2016-04-25 12:27:00][3960][INFO]service start running: service <C_RTime>, exitcode <0>
[2016-04-25 12:27:05][3960][INFO]service start running: service <C_Task>, exitcode <0>
[2016-04-26 12:30:00][4048][INFO]service start running: service <C_Media>, exitcode <0>
[2016-04-26 12:30:00][4048][INFO]service start running: service <C_Proxy>, exitcode <0>
[2016-04-26 12:30:00][4048][INFO]service start running: service <C_RTime>, exitcode <0>
[2016-04-26 12:30:05][4048][INFO]service start running: service <C_Task>, exitcode <0>
[2016-04-27 12:27:52][3892][INFO]service start running: service <C_Media>, exitcode <0>
[2016-04-27 12:27:52][3892][INFO]service start running: service <C_Proxy>, exitcode <0>
[2016-04-27 12:27:52][3892][INFO]service start running: service <C_RTime>, exitcode <0>
[2016-04-27 12:27:57][3892][INFO]service start running: service <C_Task>, exitcode <0>
[2016-04-28 12:27:36][3416][INFO]service start running: service <C_Media>, exitcode <0>
[2016-04-28 12:27:36][3416][INFO]service start running: service <C_Proxy>, exitcode <0>
[2016-04-28 12:27:36][3416][INFO]service start running: service <C_RTime>, exitcode <0>
[2016-04-28 12:27:41][3416][INFO]service start running: service <C_Task>, exitcode <0>
[2016-05-03 12:04:53][920][INFO]service start running: service <C_Media>, exitcode <0>
[2016-05-03 12:04:53][920][INFO]service start running: service <C_Proxy>, exitcode <0>
[2016-05-03 12:04:53][920][INFO]service start running: service <C_RTime>, exitcode <0>
[2016-05-03 12:04:58][920][INFO]service start running: service <C_Task>, exitcode <0>
[2016-05-06 12:05:28][2136][INFO]service start running: service <C_Media>, exitcode <0>
[2016-05-06 12:05:28][2136][INFO]service start running: service <C_Proxy>, exitcode <0>
[2016-05-06 12:05:28][2136][INFO]service start running: service <C_RTime>, exitcode <0>
[2016-05-06 12:05:33][2136][INFO]service start running: service <C_Task>, exitcode <0>
[2016-05-06 16:10:51][3608][INFO]service start running: service <C_Media>, exitcode <0>
[2016-05-06 16:10:51][3608][INFO]service start running: service <C_Proxy>, exitcode <0>
[2016-05-06 16:10:51][3608][INFO]service start running: service <C_RTime>, exitcode <0>
[2016-05-06 16:10:56][3608][INFO]service start running: service <C_Task>, exitcode <0>
[2016-05-06 17:35:23][3388][INFO]service start running: service <C_Media>, exitcode <0>
[2016-05-06 17:35:23][3388][INFO]service start running: service <C_Proxy>, exitcode <0>
[2016-05-06 17:35:23][3388][INFO]service start running: service <C_RTime>, exitcode <0>
[2016-05-06 17:35:28][3388][INFO]service start running: service <C_Task>, exitcode <0>
[2016-05-07 12:05:43][4552][INFO]service start running: service <C_Media>, exitcode <0>
[2016-05-07 12:05:43][4552][INFO]service start running: service <C_Proxy>, exitcode <0>
[2016-05-07 12:05:43][4552][INFO]service start running: service <C_RTime>, exitcode <0>
[2016-05-07 12:05:48][4552][INFO]service start running: service <C_Task>, exitcode <0>
[2016-05-09 12:07:07][4476][INFO]service start running: service <C_Media>, exitcode <0>
[2016-05-09 12:07:07][4476][INFO]service start running: service <C_Proxy>, exitcode <0>
[2016-05-09 12:07:07][4476][INFO]service start running: service <C_RTime>, exitcode <0>
[2016-05-09 12:07:12][4476][INFO]service start running: service <C_Task>, exitcode <0>
[2016-05-10 12:28:40][4256][INFO]service start running: service <C_Media>, exitcode <0>
[2016-05-10 12:28:40][4256][INFO]service start running: service <C_Proxy>, exitcode <0>
[2016-05-10 12:28:40][4256][INFO]service start running: service <C_RTime>, exitcode <0>
[2016-05-10 12:28:45][4256][INFO]service start running: service <C_Task>, exitcode <0>
[2016-05-11 12:06:46][4056][INFO]service start running: service <C_Media>, exitcode <0>
[2016-05-11 12:06:46][4056][INFO]service start running: service <C_Proxy>, exitcode <0>
[2016-05-11 12:06:46][4056][INFO]service start running: service <C_RTime>, exitcode <0>
[2016-05-11 12:06:51][4056][INFO]service start running: service <C_Task>, exitcode <0>
[2016-05-12 12:07:07][3596][INFO]service start running: service <C_Media>, exitcode <0>
[2016-05-12 12:07:07][3596][INFO]service start running: service <C_Proxy>, exitcode <0>
[2016-05-12 12:07:07][3596][INFO]service start running: service <C_RTime>, exitcode <0>
[2016-05-12 12:07:12][3596][INFO]service start running: service <C_Task>, exitcode <0>
[2016-05-16 12:08:33][3228][INFO]service start running: service <C_Media>, exitcode <0>
[2016-05-16 12:08:33][3228][INFO]service start running: service <C_Proxy>, exitcode <0>
[2016-05-16 12:08:33][3228][INFO]service start running: service <C_RTime>, exitcode <0>
[2016-05-16 12:08:38][3228][INFO]service start running: service <C_Task>, exitcode <0>
[2016-05-17 12:04:52][3208][INFO]service start running: service <C_Media>, exitcode <0>
[2016-05-17 12:04:52][3208][INFO]service start running: service <C_Proxy>, exitcode <0>
[2016-05-17 12:04:52][3208][INFO]service start running: service <C_RTime>, exitcode <0>
[2016-05-17 12:04:57][3208][INFO]service start running: service <C_Task>, exitcode <0>
[2016-05-18 12:27:22][3636][INFO]service start running: service <C_Media>, exitcode <0>
[2016-05-18 12:27:22][3636][INFO]service start running: service <C_Proxy>, exitcode <0>
[2016-05-18 12:27:22][3636][INFO]service start running: service <C_RTime>, exitcode <0>
[2016-05-18 12:27:27][3636][INFO]service start running: service <C_Task>, exitcode <0>
[2016-05-19 12:31:58][4104][INFO]service start running: service <C_Media>, exitcode <0>
[2016-05-19 12:31:58][4104][INFO]service start running: service <C_Proxy>, exitcode <0>
[2016-05-19 12:31:58][4104][INFO]service start running: service <C_RTime>, exitcode <0>
[2016-05-19 12:32:03][4104][INFO]service start running: service <C_Task>, exitcode <0>
[2016-05-20 12:30:29][2912][INFO]service start running: service <C_Media>, exitcode <0>
[2016-05-20 12:30:29][2912][INFO]service start running: service <C_Proxy>, exitcode <0>
[2016-05-20 12:30:29][2912][INFO]service start running: service <C_RTime>, exitcode <0>
[2016-05-20 12:30:34][2912][INFO]service start running: service <C_Task>, exitcode <0>
[2016-05-20 17:53:06][4576][INFO]service start running: service <C_Media>, exitcode <0>
[2016-05-20 17:53:06][4576][INFO]service start running: service <C_Proxy>, exitcode <0>
[2016-05-20 17:53:06][4576][INFO]service start running: service <C_RTime>, exitcode <0>
[2016-05-20 17:53:11][4576][INFO]service start running: service <C_Task>, exitcode <0>
[2016-05-21 12:04:38][4764][INFO]service start running: service <C_Media>, exitcode <0>
[2016-05-21 12:04:38][4764][INFO]service start running: service <C_Proxy>, exitcode <0>
[2016-05-21 12:04:38][4764][INFO]service start running: service <C_RTime>, exitcode <0>
[2016-05-21 12:04:43][4764][INFO]service start running: service <C_Task>, exitcode <0>
[2016-05-22 16:11:22][4784][INFO]service start running: service <C_Media>, exitcode <0>
[2016-05-22 16:11:22][4784][INFO]service start running: service <C_Proxy>, exitcode <0>
[2016-05-22 16:11:22][4784][INFO]service start running: service <C_RTime>, exitcode <0>
[2016-05-22 16:11:27][4784][INFO]service start running: service <C_Task>, exitcode <0>
[2016-05-23 12:07:21][4772][INFO]service start running: service <C_Media>, exitcode <0>
[2016-05-23 12:07:21][4772][INFO]service start running: service <C_Proxy>, exitcode <0>
[2016-05-23 12:07:21][4772][INFO]service start running: service <C_RTime>, exitcode <0>
[2016-05-23 12:07:26][4772][INFO]service start running: service <C_Task>, exitcode <0>
[2016-05-24 16:04:47][4776][INFO]service start running: service <C_Media>, exitcode <0>
[2016-05-24 16:04:47][4776][INFO]service start running: service <C_Proxy>, exitcode <0>
[2016-05-24 16:04:47][4776][INFO]service start running: service <C_RTime>, exitcode <0>
[2016-05-24 16:04:52][4776][INFO]service start running: service <C_Task>, exitcode <0>
[2016-05-25 12:10:57][4624][INFO]service start running: service <C_Media>, exitcode <0>
[2016-05-25 12:10:57][4624][INFO]service start running: service <C_Proxy>, exitcode <0>
[2016-05-25 12:10:57][4624][INFO]service start running: service <C_RTime>, exitcode <0>
[2016-05-25 12:11:02][4624][INFO]service start running: service <C_Task>, exitcode <0>
[2016-05-26 12:09:37][3036][INFO]service start running: service <C_Media>, exitcode <0>
[2016-05-26 12:09:37][3036][INFO]service start running: service <C_Proxy>, exitcode <0>
[2016-05-26 12:09:37][3036][INFO]service start running: service <C_RTime>, exitcode <0>
[2016-05-26 12:09:42][3036][INFO]service start running: service <C_Task>, exitcode <0>
[2016-05-26 18:17:23][3436][INFO]service start running: service <C_Media>, exitcode <0>
[2016-05-26 18:17:23][3436][INFO]service start running: service <C_Proxy>, exitcode <0>
[2016-05-26 18:17:23][3436][INFO]service start running: service <C_RTime>, exitcode <0>
[2016-05-26 18:17:28][3436][INFO]service start running: service <C_Task>, exitcode <0>
[2016-05-30 12:06:51][4284][INFO]service start running: service <C_Media>, exitcode <0>
[2016-05-30 12:06:51][4284][INFO]service start running: service <C_Proxy>, exitcode <0>
[2016-05-30 12:06:51][4284][INFO]service start running: service <C_RTime>, exitcode <0>
[2016-05-30 12:06:56][4284][INFO]service start running: service <C_Task>, exitcode <0>
[2016-05-31 12:46:02][3752][INFO]service start running: service <C_Media>, exitcode <0>
[2016-05-31 12:46:02][3752][INFO]service start running: service <C_Proxy>, exitcode <0>
[2016-05-31 12:46:02][3752][INFO]service start running: service <C_RTime>, exitcode <0>
[2016-05-31 12:46:07][3752][INFO]service start running: service <C_Task>, exitcode <0>
[2016-06-01 12:29:05][3400][INFO]service start running: service <C_Media>, exitcode <0>
[2016-06-01 12:29:05][3400][INFO]service start running: service <C_Proxy>, exitcode <0>
[2016-06-01 12:29:05][3400][INFO]service start running: service <C_RTime>, exitcode <0>
[2016-06-01 12:29:10][3400][INFO]service start running: service <C_Task>, exitcode <0>
[2016-06-04 11:46:35][3512][INFO]service start running: service <C_Media>, exitcode <0>
[2016-06-04 11:46:35][3512][INFO]service start running: service <C_Proxy>, exitcode <0>
[2016-06-04 11:46:35][3512][INFO]service start running: service <C_RTime>, exitcode <0>
[2016-06-04 11:46:40][3512][INFO]service start running: service <C_Task>, exitcode <0>
[2016-06-14 12:06:43][4848][INFO]service start running: service <C_Media>, exitcode <0>
[2016-06-14 12:06:43][4848][INFO]service start running: service <C_Proxy>, exitcode <0>
[2016-06-14 12:06:43][4848][INFO]service start running: service <C_RTime>, exitcode <0>
[2016-06-14 12:06:48][4848][INFO]service start running: service <C_Task>, exitcode <0>
[2016-06-15 12:06:52][2864][INFO]service start running: service <C_Media>, exitcode <0>
[2016-06-15 12:06:52][2864][INFO]service start running: service <C_Proxy>, exitcode <0>
[2016-06-15 12:06:52][2864][INFO]service start running: service <C_RTime>, exitcode <0>
[2016-06-15 12:06:57][2864][INFO]service start running: service <C_Task>, exitcode <0>
[2016-06-16 12:07:35][3384][INFO]service start running: service <C_Media>, exitcode <0>
[2016-06-16 12:07:35][3384][INFO]service start running: service <C_Proxy>, exitcode <0>
[2016-06-16 12:07:35][3384][INFO]service start running: service <C_RTime>, exitcode <0>
[2016-06-16 12:07:40][3384][INFO]service start running: service <C_Task>, exitcode <0>
[2016-06-17 11:34:29][3588][INFO]service start running: service <C_Media>, exitcode <0>
[2016-06-17 11:34:29][3588][INFO]service start running: service <C_Proxy>, exitcode <0>
[2016-06-17 11:34:29][3588][INFO]service start running: service <C_RTime>, exitcode <0>
[2016-06-17 11:34:34][3588][INFO]service start running: service <C_Task>, exitcode <0>
[2016-06-20 12:05:09][3344][INFO]service start running: service <C_Media>, exitcode <0>
[2016-06-20 12:05:09][3344][INFO]service start running: service <C_Proxy>, exitcode <0>
[2016-06-20 12:05:09][3344][INFO]service start running: service <C_RTime>, exitcode <0>
[2016-06-20 12:05:14][3344][INFO]service start running: service <C_Task>, exitcode <0>
[2016-06-21 16:05:01][3580][INFO]service start running: service <C_Media>, exitcode <0>
[2016-06-21 16:05:01][3580][INFO]service start running: service <C_Proxy>, exitcode <0>
[2016-06-21 16:05:01][3580][INFO]service start running: service <C_RTime>, exitcode <0>
[2016-06-21 16:05:06][3580][INFO]service start running: service <C_Task>, exitcode <0>
[2016-06-22 09:05:51][3408][INFO]service start running: service <C_Media>, exitcode <0>
[2016-06-22 09:05:51][3408][INFO]service start running: service <C_Proxy>, exitcode <0>
[2016-06-22 09:05:51][3408][INFO]service start running: service <C_RTime>, exitcode <0>
[2016-06-22 09:05:56][3408][INFO]service start running: service <C_Task>, exitcode <0>
[2016-06-23 12:09:02][3280][INFO]service start running: service <C_Media>, exitcode <0>
[2016-06-23 12:09:02][3280][INFO]service start running: service <C_Proxy>, exitcode <0>
[2016-06-23 12:09:02][3280][INFO]service start running: service <C_RTime>, exitcode <0>
[2016-06-23 12:09:07][3280][INFO]service start running: service <C_Task>, exitcode <0>
[2016-06-24 12:39:32][2360][INFO]service start running: service <C_Media>, exitcode <0>
[2016-06-24 12:39:32][2360][INFO]service start running: service <C_Proxy>, exitcode <0>
[2016-06-24 12:39:32][2360][INFO]service start running: service <C_RTime>, exitcode <0>
[2016-06-24 12:39:37][2360][INFO]service start running: service <C_Task>, exitcode <0>
[2016-06-24 16:12:23][5776][INFO]service start running: service <C_Media>, exitcode <0>
[2016-06-24 16:12:23][5776][INFO]service start running: service <C_Proxy>, exitcode <0>
[2016-06-24 16:12:23][5776][INFO]service start running: service <C_RTime>, exitcode <0>
[2016-06-24 16:12:28][5776][INFO]service start running: service <C_Task>, exitcode <0>
[2016-06-24 19:36:52][5180][INFO]service start running: service <C_Media>, exitcode <0>
[2016-06-24 19:36:52][5180][INFO]service start running: service <C_Proxy>, exitcode <0>
[2016-06-24 19:36:52][5180][INFO]service start running: service <C_RTime>, exitcode <0>
[2016-06-24 19:36:57][5180][INFO]service start running: service <C_Task>, exitcode <0>
[2016-06-24 21:10:58][5136][INFO]service start running: service <C_Media>, exitcode <0>
[2016-06-24 21:10:58][5136][INFO]service start running: service <C_Proxy>, exitcode <0>
[2016-06-24 21:10:58][5136][INFO]service start running: service <C_RTime>, exitcode <0>
[2016-06-24 21:11:03][5136][INFO]service start running: service <C_Task>, exitcode <0>
[2016-06-25 08:15:44][3200][INFO]service start running: service <C_Media>, exitcode <0>
[2016-06-25 08:15:44][3200][INFO]service start running: service <C_Proxy>, exitcode <0>
[2016-06-25 08:15:44][3200][INFO]service start running: service <C_RTime>, exitcode <0>
[2016-06-25 08:15:49][3200][INFO]service start running: service <C_Task>, exitcode <0>
[2016-06-25 09:54:23][2736][INFO]service start running: service <C_Media>, exitcode <0>
[2016-06-25 09:54:23][2736][INFO]service start running: service <C_Proxy>, exitcode <0>
[2016-06-25 09:54:23][2736][INFO]service start running: service <C_RTime>, exitcode <0>
[2016-06-25 09:54:29][2736][INFO]service start running: service <C_Task>, exitcode <0>
[2016-06-26 06:27:35][2984][INFO]service start running: service <C_Media>, exitcode <0>
[2016-06-26 06:27:35][2984][INFO]service start running: service <C_Proxy>, exitcode <0>
[2016-06-26 06:27:35][2984][INFO]service start running: service <C_RTime>, exitcode <0>
[2016-06-26 06:27:40][2984][INFO]service start running: service <C_Task>, exitcode <0>
[2016-06-26 08:41:22][4264][INFO]service start running: service <C_Media>, exitcode <0>
[2016-06-26 08:41:22][4264][INFO]service start running: service <C_Proxy>, exitcode <0>
[2016-06-26 08:41:22][4264][INFO]service start running: service <C_RTime>, exitcode <0>
[2016-06-26 08:41:22][4264][INFO]service start running: service <C_Task>, exitcode <0>
[2016-06-27 12:10:43][4728][INFO]service start running: service <C_Media>, exitcode <0>
[2016-06-27 12:10:43][4728][INFO]service start running: service <C_Proxy>, exitcode <0>
[2016-06-27 12:10:43][4728][INFO]service start running: service <C_RTime>, exitcode <0>
[2016-06-27 12:10:48][4728][INFO]service start running: service <C_Task>, exitcode <0>
[2016-06-28 15:11:35][3304][INFO]service start running: service <C_Media>, exitcode <0>
[2016-06-28 15:11:35][3304][INFO]service start running: service <C_Proxy>, exitcode <0>
[2016-06-28 15:11:35][3304][INFO]service start running: service <C_RTime>, exitcode <0>
[2016-06-28 15:11:40][3304][INFO]service start running: service <C_Task>, exitcode <0>
[2016-06-29 12:27:20][4788][INFO]service start running: service <C_Media>, exitcode <0>
[2016-06-29 12:27:20][4788][INFO]service start running: service <C_Proxy>, exitcode <0>
[2016-06-29 12:27:20][4788][INFO]service start running: service <C_RTime>, exitcode <0>
[2016-06-29 12:27:25][4788][INFO]service start running: service <C_Task>, exitcode <0>
[2016-06-30 12:18:03][3300][INFO]service start running: service <C_Media>, exitcode <0>
[2016-06-30 12:18:03][3300][INFO]service start running: service <C_Proxy>, exitcode <0>
[2016-06-30 12:18:03][3300][INFO]service start running: service <C_RTime>, exitcode <0>
[2016-06-30 12:18:08][3300][INFO]service start running: service <C_Task>, exitcode <0>
[2016-07-01 12:09:37][3644][INFO]service start running: service <C_Media>, exitcode <0>
[2016-07-01 12:09:38][3644][INFO]service start running: service <C_Proxy>, exitcode <0>
[2016-07-01 12:09:38][3644][INFO]service start running: service <C_RTime>, exitcode <0>
[2016-07-01 12:09:43][3644][INFO]service start running: service <C_Task>, exitcode <0>
[2016-07-02 12:31:18][4456][INFO]service start running: service <C_Media>, exitcode <0>
[2016-07-02 12:31:18][4456][INFO]service start running: service <C_Proxy>, exitcode <0>
[2016-07-02 12:31:18][4456][INFO]service start running: service <C_RTime>, exitcode <0>
[2016-07-02 12:31:23][4456][INFO]service start running: service <C_Task>, exitcode <0>
[2016-07-03 17:56:46][3044][INFO]service start running: service <C_Media>, exitcode <0>
[2016-07-03 17:56:46][3044][INFO]service start running: service <C_Proxy>, exitcode <0>
[2016-07-03 17:56:46][3044][INFO]service start running: service <C_RTime>, exitcode <0>
[2016-07-03 17:56:51][3044][INFO]service start running: service <C_Task>, exitcode <0>
[2016-08-29 12:02:15][4788][INFO]service start running: service <C_Media>, exitcode <0>
[2016-08-29 12:02:15][4788][INFO]service start running: service <C_Proxy>, exitcode <0>
[2016-08-29 12:02:15][4788][INFO]service start running: service <C_RTime>, exitcode <0>
[2016-08-29 12:02:20][4788][INFO]service start running: service <C_Task>, exitcode <0>
[2016-08-30 12:29:00][3112][INFO]service start running: service <C_Media>, exitcode <0>
[2016-08-30 12:29:00][3112][INFO]service start running: service <C_Proxy>, exitcode <0>
[2016-08-30 12:29:00][3112][INFO]service start running: service <C_RTime>, exitcode <0>
[2016-08-30 12:29:05][3112][INFO]service start running: service <C_Task>, exitcode <0>
[2016-08-31 12:01:51][3012][INFO]service start running: service <C_Media>, exitcode <0>
[2016-08-31 12:01:51][3012][INFO]service start running: service <C_Proxy>, exitcode <0>
[2016-08-31 12:01:51][3012][INFO]service start running: service <C_RTime>, exitcode <0>
[2016-08-31 12:01:56][3012][INFO]service start running: service <C_Task>, exitcode <0>
[2016-09-01 12:21:59][3052][INFO]service start running: service <C_Media>, exitcode <0>
[2016-09-01 12:21:59][3052][INFO]service start running: service <C_Proxy>, exitcode <0>
[2016-09-01 12:21:59][3052][INFO]service start running: service <C_RTime>, exitcode <0>
[2016-09-01 12:22:04][3052][INFO]service start running: service <C_Task>, exitcode <0>
[2016-09-02 17:28:37][3220][INFO]service start running: service <C_Media>, exitcode <0>
[2016-09-02 17:28:37][3220][INFO]service start running: service <C_Proxy>, exitcode <0>
[2016-09-02 17:28:37][3220][INFO]service start running: service <C_RTime>, exitcode <0>
[2016-09-02 17:28:42][3220][INFO]service start running: service <C_Task>, exitcode <0>
[2016-09-02 18:59:47][2552][INFO]service start running: service <C_Media>, exitcode <0>
[2016-09-02 18:59:47][2552][INFO]service start running: service <C_Proxy>, exitcode <0>
[2016-09-02 18:59:47][2552][INFO]service start running: service <C_RTime>, exitcode <0>
[2016-09-02 18:59:52][2552][INFO]service start running: service <C_Task>, exitcode <0>
[2016-09-03 07:56:45][2964][INFO]service start running: service <C_Media>, exitcode <0>
[2016-09-03 07:56:45][2964][INFO]service start running: service <C_Proxy>, exitcode <0>
[2016-09-03 07:56:45][2964][INFO]service start running: service <C_RTime>, exitcode <0>
[2016-09-03 07:56:50][2964][INFO]service start running: service <C_Task>, exitcode <0>
[2016-09-03 14:34:42][3388][INFO]service start running: service <C_Media>, exitcode <0>
[2016-09-03 14:34:42][3388][INFO]service start running: service <C_Proxy>, exitcode <0>
[2016-09-03 14:34:42][3388][INFO]service start running: service <C_RTime>, exitcode <0>
[2016-09-03 14:34:47][3388][INFO]service start running: service <C_Task>, exitcode <0>
[2016-09-03 18:03:24][3044][INFO]service start running: service <C_Media>, exitcode <0>
[2016-09-03 18:03:24][3044][INFO]service start running: service <C_Proxy>, exitcode <0>
[2016-09-03 18:03:24][3044][INFO]service start running: service <C_RTime>, exitcode <0>
[2016-09-03 18:03:29][3044][INFO]service start running: service <C_Task>, exitcode <0>
[2016-09-04 08:04:36][3024][INFO]service start running: service <C_Media>, exitcode <0>
[2016-09-04 08:04:36][3024][INFO]service start running: service <C_Proxy>, exitcode <0>
[2016-09-04 08:04:36][3024][INFO]service start running: service <C_RTime>, exitcode <0>
[2016-09-04 08:04:41][3024][INFO]service start running: service <C_Task>, exitcode <0>
[2016-09-04 13:45:22][3008][INFO]service start running: service <C_Media>, exitcode <0>
[2016-09-04 13:45:22][3008][INFO]service start running: service <C_Proxy>, exitcode <0>
[2016-09-04 13:45:22][3008][INFO]service start running: service <C_RTime>, exitcode <0>
[2016-09-04 13:45:27][3008][INFO]service start running: service <C_Task>, exitcode <0>
[2016-09-05 12:02:19][2616][INFO]service start running: service <C_Media>, exitcode <0>
[2016-09-05 12:02:19][2616][INFO]service start running: service <C_Proxy>, exitcode <0>
[2016-09-05 12:02:19][2616][INFO]service start running: service <C_RTime>, exitcode <0>
[2016-09-05 12:02:24][2616][INFO]service start running: service <C_Task>, exitcode <0>
[2016-09-06 12:04:58][3020][INFO]service start running: service <C_Media>, exitcode <0>
[2016-09-06 12:04:58][3020][INFO]service start running: service <C_Proxy>, exitcode <0>
[2016-09-06 12:04:58][3020][INFO]service start running: service <C_RTime>, exitcode <0>
[2016-09-06 12:05:03][3020][INFO]service start running: service <C_Task>, exitcode <0>
[2016-09-06 20:39:35][3280][INFO]service start running: service <C_Media>, exitcode <0>
[2016-09-06 20:39:35][3280][INFO]service start running: service <C_Proxy>, exitcode <0>
[2016-09-06 20:39:35][3280][INFO]service start running: service <C_RTime>, exitcode <0>
[2016-09-06 20:39:40][3280][INFO]service start running: service <C_Task>, exitcode <0>
[2016-09-07 09:10:38][3164][INFO]service start running: service <C_Media>, exitcode <0>
[2016-09-07 09:10:38][3164][INFO]service start running: service <C_Proxy>, exitcode <0>
[2016-09-07 09:10:38][3164][INFO]service start running: service <C_RTime>, exitcode <0>
[2016-09-07 09:10:43][3164][INFO]service start running: service <C_Task>, exitcode <0>
[2016-09-08 12:08:23][3172][INFO]service start running: service <C_Media>, exitcode <0>
[2016-09-08 12:08:23][3172][INFO]service start running: service <C_Proxy>, exitcode <0>
[2016-09-08 12:08:23][3172][INFO]service start running: service <C_RTime>, exitcode <0>
[2016-09-08 12:08:28][3172][INFO]service start running: service <C_Task>, exitcode <0>
[2016-09-09 12:23:27][2204][INFO]service start running: service <C_Media>, exitcode <0>
[2016-09-09 12:23:27][2204][INFO]service start running: service <C_Proxy>, exitcode <0>
[2016-09-09 12:23:27][2204][INFO]service start running: service <C_RTime>, exitcode <0>
[2016-09-09 12:23:32][2204][INFO]service start running: service <C_Task>, exitcode <0>
[2016-09-10 12:27:31][3196][INFO]service start running: service <C_Media>, exitcode <0>
[2016-09-10 12:27:31][3196][INFO]service start running: service <C_Proxy>, exitcode <0>
[2016-09-10 12:27:31][3196][INFO]service start running: service <C_RTime>, exitcode <0>
[2016-09-10 12:27:36][3196][INFO]service start running: service <C_Task>, exitcode <0>
[2016-09-10 12:42:03][2812][INFO]service start running: service <C_Media>, exitcode <0>
[2016-09-10 12:42:03][2812][INFO]service start running: service <C_Proxy>, exitcode <0>
[2016-09-10 12:42:03][2812][INFO]service start running: service <C_RTime>, exitcode <0>
[2016-09-10 12:42:08][2812][INFO]service start running: service <C_Task>, exitcode <0>
[2016-09-11 09:03:26][2896][INFO]service start running: service <C_Media>, exitcode <0>
[2016-09-11 09:03:26][2896][INFO]service start running: service <C_Proxy>, exitcode <0>
[2016-09-11 09:03:26][2896][INFO]service start running: service <C_RTime>, exitcode <0>
[2016-09-11 09:03:31][2896][INFO]service start running: service <C_Task>, exitcode <0>
[2016-09-12 12:06:00][2860][INFO]service start running: service <C_Media>, exitcode <0>
[2016-09-12 12:06:00][2860][INFO]service start running: service <C_Proxy>, exitcode <0>
[2016-09-12 12:06:00][2860][INFO]service start running: service <C_RTime>, exitcode <0>
[2016-09-12 12:06:05][2860][INFO]service start running: service <C_Task>, exitcode <0>
[2016-09-13 16:08:33][2520][INFO]service start running: service <C_Media>, exitcode <0>
[2016-09-13 16:08:33][2520][INFO]service start running: service <C_Proxy>, exitcode <0>
[2016-09-13 16:08:33][2520][INFO]service start running: service <C_RTime>, exitcode <0>
[2016-09-13 16:08:38][2520][INFO]service start running: service <C_Task>, exitcode <0>
[2016-09-16 15:05:38][3064][INFO]service start running: service <C_Media>, exitcode <0>
[2016-09-16 15:05:38][3064][INFO]service start running: service <C_Proxy>, exitcode <0>
[2016-09-16 15:05:38][3064][INFO]service start running: service <C_RTime>, exitcode <0>
[2016-09-16 15:05:43][3064][INFO]service start running: service <C_Task>, exitcode <0>
[2016-09-16 15:45:07][3500][INFO]service start running: service <C_Media>, exitcode <0>
[2016-09-16 15:45:07][3500][INFO]service start running: service <C_Proxy>, exitcode <0>
[2016-09-16 15:45:07][3500][INFO]service start running: service <C_RTime>, exitcode <0>
[2016-09-16 15:45:12][3500][INFO]service start running: service <C_Task>, exitcode <0>
[2016-09-19 12:05:13][3020][INFO]service start running: service <C_Media>, exitcode <0>
[2016-09-19 12:05:13][3020][INFO]service start running: service <C_Proxy>, exitcode <0>
[2016-09-19 12:05:13][3020][INFO]service start running: service <C_RTime>, exitcode <0>
[2016-09-19 12:05:18][3020][INFO]service start running: service <C_Task>, exitcode <0>
[2016-09-20 12:21:51][3520][INFO]service start running: service <C_Media>, exitcode <0>
[2016-09-20 12:21:51][3520][INFO]service start running: service <C_Proxy>, exitcode <0>
[2016-09-20 12:21:51][3520][INFO]service start running: service <C_RTime>, exitcode <0>
[2016-09-20 12:21:56][3520][INFO]service start running: service <C_Task>, exitcode <0>
[2016-09-21 16:07:54][3496][INFO]service start running: service <C_Media>, exitcode <0>
[2016-09-21 16:07:54][3496][INFO]service start running: service <C_Proxy>, exitcode <0>
[2016-09-21 16:07:54][3496][INFO]service start running: service <C_RTime>, exitcode <0>
[2016-09-21 16:07:59][3496][INFO]service start running: service <C_Task>, exitcode <0>
[2016-09-22 12:20:36][4872][INFO]service start running: service <C_Media>, exitcode <0>
[2016-09-22 12:20:36][4872][INFO]service start running: service <C_Proxy>, exitcode <0>
[2016-09-22 12:20:36][4872][INFO]service start running: service <C_RTime>, exitcode <0>
[2016-09-22 12:20:41][4872][INFO]service start running: service <C_Task>, exitcode <0>
[2016-09-23 12:06:35][3928][INFO]service start running: service <C_Media>, exitcode <0>
[2016-09-23 12:06:35][3928][INFO]service start running: service <C_Proxy>, exitcode <0>
[2016-09-23 12:06:35][3928][INFO]service start running: service <C_RTime>, exitcode <0>
[2016-09-23 12:06:40][3928][INFO]service start running: service <C_Task>, exitcode <0>
[2016-09-24 16:28:19][3152][INFO]service start running: service <C_Media>, exitcode <0>
[2016-09-24 16:28:19][3152][INFO]service start running: service <C_Proxy>, exitcode <0>
[2016-09-24 16:28:19][3152][INFO]service start running: service <C_RTime>, exitcode <0>
[2016-09-24 16:28:24][3152][INFO]service start running: service <C_Task>, exitcode <0>
[2016-09-25 21:43:41][3544][INFO]service start running: service <C_Media>, exitcode <0>
[2016-09-25 21:43:41][3544][INFO]service start running: service <C_Proxy>, exitcode <0>
[2016-09-25 21:43:41][3544][INFO]service start running: service <C_RTime>, exitcode <0>
[2016-09-25 21:43:46][3544][INFO]service start running: service <C_Task>, exitcode <0>
[2016-09-26 11:59:29][2116][INFO]service start running: service <C_Media>, exitcode <0>
[2016-09-26 11:59:29][2116][INFO]service start running: service <C_Proxy>, exitcode <0>
[2016-09-26 11:59:29][2116][INFO]service start running: service <C_RTime>, exitcode <0>
[2016-09-26 11:59:34][2116][INFO]service start running: service <C_Task>, exitcode <0>
[2016-09-27 12:06:16][2956][INFO]service start running: service <C_Media>, exitcode <0>
[2016-09-27 12:06:16][2956][INFO]service start running: service <C_Proxy>, exitcode <0>
[2016-09-27 12:06:16][2956][INFO]service start running: service <C_RTime>, exitcode <0>
[2016-09-27 12:06:21][2956][INFO]service start running: service <C_Task>, exitcode <0>
[2016-09-29 12:31:11][2696][INFO]service start running: service <C_Media>, exitcode <0>
[2016-09-29 12:31:11][2696][INFO]service start running: service <C_Proxy>, exitcode <0>
[2016-09-29 12:31:11][2696][INFO]service start running: service <C_RTime>, exitcode <0>
[2016-09-29 12:31:16][2696][INFO]service start running: service <C_Task>, exitcode <0>
[2016-09-29 20:39:14][3364][INFO]service start running: service <C_Media>, exitcode <0>
[2016-09-29 20:39:14][3364][INFO]service start running: service <C_Proxy>, exitcode <0>
[2016-09-29 20:39:14][3364][INFO]service start running: service <C_RTime>, exitcode <0>
[2016-09-29 20:39:19][3364][INFO]service start running: service <C_Task>, exitcode <0>
[2016-10-03 08:35:08][2900][INFO]service start running: service <C_Media>, exitcode <0>
[2016-10-03 08:35:08][2900][INFO]service start running: service <C_Proxy>, exitcode <0>
[2016-10-03 08:35:08][2900][INFO]service start running: service <C_RTime>, exitcode <0>
[2016-10-03 08:35:13][2900][INFO]service start running: service <C_Task>, exitcode <0>
[2016-10-04 14:59:57][3012][INFO]service start running: service <C_Media>, exitcode <0>
[2016-10-04 14:59:57][3012][INFO]service start running: service <C_Proxy>, exitcode <0>
[2016-10-04 14:59:57][3012][INFO]service start running: service <C_RTime>, exitcode <0>
[2016-10-04 15:00:02][3012][INFO]service start running: service <C_Task>, exitcode <0>
[2016-10-10 12:05:55][2708][INFO]service start running: service <C_Media>, exitcode <0>
[2016-10-10 12:05:55][2708][INFO]service start running: service <C_Proxy>, exitcode <0>
[2016-10-10 12:05:55][2708][INFO]service start running: service <C_RTime>, exitcode <0>
[2016-10-10 12:06:00][2708][INFO]service start running: service <C_Task>, exitcode <0>
[2016-10-11 09:58:02][2932][INFO]service start running: service <C_Media>, exitcode <0>
[2016-10-11 09:58:02][2932][INFO]service start running: service <C_Proxy>, exitcode <0>
[2016-10-11 09:58:02][2932][INFO]service start running: service <C_RTime>, exitcode <0>
[2016-10-11 09:58:07][2932][INFO]service start running: service <C_Task>, exitcode <0>
[2016-10-12 12:07:28][2964][INFO]service start running: service <C_Media>, exitcode <0>
[2016-10-12 12:07:28][2964][INFO]service start running: service <C_Proxy>, exitcode <0>
[2016-10-12 12:07:28][2964][INFO]service start running: service <C_RTime>, exitcode <0>
[2016-10-12 12:07:33][2964][INFO]service start running: service <C_Task>, exitcode <0>
[2016-10-13 12:03:47][3032][INFO]service start running: service <C_Media>, exitcode <0>
[2016-10-13 12:03:47][3032][INFO]service start running: service <C_Proxy>, exitcode <0>
[2016-10-13 12:03:47][3032][INFO]service start running: service <C_RTime>, exitcode <0>
[2016-10-13 12:03:52][3032][INFO]service start running: service <C_Task>, exitcode <0>
[2016-10-14 12:30:43][2520][INFO]service start running: service <C_Media>, exitcode <0>
[2016-10-14 12:30:43][2520][INFO]service start running: service <C_Proxy>, exitcode <0>
[2016-10-14 12:30:43][2520][INFO]service start running: service <C_RTime>, exitcode <0>
[2016-10-14 12:30:48][2520][INFO]service start running: service <C_Task>, exitcode <0>
[2016-10-14 12:41:45][3036][INFO]service start running: service <C_Media>, exitcode <0>
[2016-10-14 12:41:45][3036][INFO]service start running: service <C_Proxy>, exitcode <0>
[2016-10-14 12:41:45][3036][INFO]service start running: service <C_RTime>, exitcode <0>
[2016-10-14 12:41:50][3036][INFO]service start running: service <C_Task>, exitcode <0>
[2016-10-15 12:37:46][5276][INFO]service start running: service <C_Media>, exitcode <0>
[2016-10-15 12:37:46][5276][INFO]service start running: service <C_Proxy>, exitcode <0>
[2016-10-15 12:37:46][5276][INFO]service start running: service <C_RTime>, exitcode <0>
[2016-10-15 12:37:51][5276][INFO]service start running: service <C_Task>, exitcode <0>
[2016-10-17 12:03:43][3008][INFO]service start running: service <C_Media>, exitcode <0>
[2016-10-17 12:03:43][3008][INFO]service start running: service <C_Proxy>, exitcode <0>
[2016-10-17 12:03:43][3008][INFO]service start running: service <C_RTime>, exitcode <0>
[2016-10-17 12:03:48][3008][INFO]service start running: service <C_Task>, exitcode <0>
[2016-10-18 12:25:49][3056][INFO]service start running: service <C_Media>, exitcode <0>
[2016-10-18 12:25:49][3056][INFO]service start running: service <C_Proxy>, exitcode <0>
[2016-10-18 12:25:49][3056][INFO]service start running: service <C_RTime>, exitcode <0>
[2016-10-18 12:25:54][3056][INFO]service start running: service <C_Task>, exitcode <0>
[2016-10-19 12:03:40][3008][INFO]service start running: service <C_Media>, exitcode <0>
[2016-10-19 12:03:40][3008][INFO]service start running: service <C_Proxy>, exitcode <0>
[2016-10-19 12:03:40][3008][INFO]service start running: service <C_RTime>, exitcode <0>
[2016-10-19 12:03:45][3008][INFO]service start running: service <C_Task>, exitcode <0>
[2016-10-20 15:50:32][3700][INFO]service start running: service <C_Media>, exitcode <0>
[2016-10-20 15:50:32][3700][INFO]service start running: service <C_Proxy>, exitcode <0>
[2016-10-20 15:50:32][3700][INFO]service start running: service <C_RTime>, exitcode <0>
[2016-10-20 15:50:37][3700][INFO]service start running: service <C_Task>, exitcode <0>
[2016-10-21 12:44:10][3632][INFO]service start running: service <C_Media>, exitcode <0>
[2016-10-21 12:44:10][3632][INFO]service start running: service <C_Proxy>, exitcode <0>
[2016-10-21 12:44:10][3632][INFO]service start running: service <C_RTime>, exitcode <0>
[2016-10-21 12:44:15][3632][INFO]service start running: service <C_Task>, exitcode <0>
[2016-10-24 12:32:19][3640][INFO]service start running: service <C_Media>, exitcode <0>
[2016-10-24 12:32:19][3640][INFO]service start running: service <C_Proxy>, exitcode <0>
[2016-10-24 12:32:19][3640][INFO]service start running: service <C_RTime>, exitcode <0>
[2016-10-24 12:32:24][3640][INFO]service start running: service <C_Task>, exitcode <0>
[2016-10-25 16:44:05][3304][INFO]service start running: service <C_Media>, exitcode <0>
[2016-10-25 16:44:05][3304][INFO]service start running: service <C_Proxy>, exitcode <0>
[2016-10-25 16:44:05][3304][INFO]service start running: service <C_RTime>, exitcode <0>
[2016-10-25 16:44:10][3304][INFO]service start running: service <C_Task>, exitcode <0>
[2016-10-26 12:18:19][3156][INFO]service start running: service <C_Media>, exitcode <0>
[2016-10-26 12:18:19][3156][INFO]service start running: service <C_Proxy>, exitcode <0>
[2016-10-26 12:18:19][3156][INFO]service start running: service <C_RTime>, exitcode <0>
[2016-10-26 12:18:24][3156][INFO]service start running: service <C_Task>, exitcode <0>
[2016-10-27 09:55:42][3140][INFO]service start running: service <C_Media>, exitcode <0>
[2016-10-27 09:55:42][3140][INFO]service start running: service <C_Proxy>, exitcode <0>
[2016-10-27 09:55:42][3140][INFO]service start running: service <C_RTime>, exitcode <0>
[2016-10-27 09:55:47][3140][INFO]service start running: service <C_Task>, exitcode <0>
[2016-10-28 12:37:24][6032][INFO]service start running: service <C_Media>, exitcode <0>
[2016-10-28 12:37:24][6032][INFO]service start running: service <C_Proxy>, exitcode <0>
[2016-10-28 12:37:24][6032][INFO]service start running: service <C_RTime>, exitcode <0>
[2016-10-28 12:37:29][6032][INFO]service start running: service <C_Task>, exitcode <0>
[2016-10-29 12:31:35][3700][INFO]service start running: service <C_Media>, exitcode <0>
[2016-10-29 12:31:35][3700][INFO]service start running: service <C_Proxy>, exitcode <0>
[2016-10-29 12:31:35][3700][INFO]service start running: service <C_RTime>, exitcode <0>
[2016-10-29 12:31:40][3700][INFO]service start running: service <C_Task>, exitcode <0>
[2016-10-31 12:08:21][4556][INFO]service start running: service <C_Media>, exitcode <0>
[2016-10-31 12:08:21][4556][INFO]service start running: service <C_Proxy>, exitcode <0>
[2016-10-31 12:08:21][4556][INFO]service start running: service <C_RTime>, exitcode <0>
[2016-10-31 12:08:26][4556][INFO]service start running: service <C_Task>, exitcode <0>
[2016-11-01 12:35:57][3860][INFO]service start running: service <C_Media>, exitcode <0>
[2016-11-01 12:35:57][3860][INFO]service start running: service <C_Proxy>, exitcode <0>
[2016-11-01 12:35:57][3860][INFO]service start running: service <C_RTime>, exitcode <0>
[2016-11-01 12:36:02][3860][INFO]service start running: service <C_Task>, exitcode <0>
[2016-11-02 12:04:40][3264][INFO]service start running: service <C_Media>, exitcode <0>
[2016-11-02 12:04:40][3264][INFO]service start running: service <C_Proxy>, exitcode <0>
[2016-11-02 12:04:40][3264][INFO]service start running: service <C_RTime>, exitcode <0>
[2016-11-02 12:04:45][3264][INFO]service start running: service <C_Task>, exitcode <0>
[2016-11-03 15:47:42][5728][INFO]service start running: service <C_Media>, exitcode <0>
[2016-11-03 15:47:42][5728][INFO]service start running: service <C_Proxy>, exitcode <0>
[2016-11-03 15:47:42][5728][INFO]service start running: service <C_RTime>, exitcode <0>
[2016-11-03 15:47:47][5728][INFO]service start running: service <C_Task>, exitcode <0>
[2016-11-07 12:04:42][1608][INFO]service start running: service <C_Media>, exitcode <0>
[2016-11-07 12:04:42][1608][INFO]service start running: service <C_Proxy>, exitcode <0>
[2016-11-07 12:04:42][1608][INFO]service start running: service <C_RTime>, exitcode <0>
[2016-11-07 12:04:47][1608][INFO]service start running: service <C_Task>, exitcode <0>
[2016-11-09 16:19:51][3400][INFO]service start running: service <C_Media>, exitcode <0>
[2016-11-09 16:19:51][3400][INFO]service start running: service <C_Proxy>, exitcode <0>
[2016-11-09 16:19:51][3400][INFO]service start running: service <C_RTime>, exitcode <0>
[2016-11-09 16:19:56][3400][INFO]service start running: service <C_Task>, exitcode <0>
[2016-11-10 12:23:19][3424][INFO]service start running: service <C_Media>, exitcode <0>
[2016-11-10 12:23:19][3424][INFO]service start running: service <C_Proxy>, exitcode <0>
[2016-11-10 12:23:19][3424][INFO]service start running: service <C_RTime>, exitcode <0>
[2016-11-10 12:23:24][3424][INFO]service start running: service <C_Task>, exitcode <0>
[2016-11-11 12:35:01][3428][INFO]service start running: service <C_Media>, exitcode <0>
[2016-11-11 12:35:01][3428][INFO]service start running: service <C_Proxy>, exitcode <0>
[2016-11-11 12:35:01][3428][INFO]service start running: service <C_RTime>, exitcode <0>
[2016-11-11 12:35:06][3428][INFO]service start running: service <C_Task>, exitcode <0>
[2016-11-12 09:48:37][3040][INFO]service start running: service <C_Media>, exitcode <0>
[2016-11-12 09:48:37][3040][INFO]service start running: service <C_Proxy>, exitcode <0>
[2016-11-12 09:48:37][3040][INFO]service start running: service <C_RTime>, exitcode <0>
[2016-11-12 09:48:42][3040][INFO]service start running: service <C_Task>, exitcode <0>
[2016-11-14 12:03:33][2268][INFO]service start running: service <C_Media>, exitcode <0>
[2016-11-14 12:03:33][2268][INFO]service start running: service <C_Proxy>, exitcode <0>
[2016-11-14 12:03:33][2268][INFO]service start running: service <C_RTime>, exitcode <0>
[2016-11-14 12:03:38][2268][INFO]service start running: service <C_Task>, exitcode <0>
[2016-11-15 12:30:44][2692][INFO]service start running: service <C_Media>, exitcode <0>
[2016-11-15 12:30:44][2692][INFO]service start running: service <C_Proxy>, exitcode <0>
[2016-11-15 12:30:44][2692][INFO]service start running: service <C_RTime>, exitcode <0>
[2016-11-15 12:30:44][2692][INFO]service start running: service <C_Task>, exitcode <0>
[2016-11-16 11:53:42][3256][INFO]service start running: service <C_Media>, exitcode <0>
[2016-11-16 11:53:42][3256][INFO]service start running: service <C_Proxy>, exitcode <0>
[2016-11-16 11:53:42][3256][INFO]service start running: service <C_RTime>, exitcode <0>
[2016-11-16 11:53:47][3256][INFO]service start running: service <C_Task>, exitcode <0>
[2016-11-17 12:19:41][2704][INFO]service start running: service <C_Media>, exitcode <0>
[2016-11-17 12:19:41][2704][INFO]service start running: service <C_Proxy>, exitcode <0>
[2016-11-17 12:19:41][2704][INFO]service start running: service <C_RTime>, exitcode <0>
[2016-11-17 12:19:46][2704][INFO]service start running: service <C_Task>, exitcode <0>
[2016-11-21 12:06:29][3432][INFO]service start running: service <C_Media>, exitcode <0>
[2016-11-21 12:06:29][3432][INFO]service start running: service <C_Proxy>, exitcode <0>
[2016-11-21 12:06:29][3432][INFO]service start running: service <C_RTime>, exitcode <0>
[2016-11-21 12:06:34][3432][INFO]service start running: service <C_Task>, exitcode <0>
[2016-11-22 12:35:50][2548][INFO]service start running: service <C_Media>, exitcode <0>
[2016-11-22 12:35:50][2548][INFO]service start running: service <C_Proxy>, exitcode <0>
[2016-11-22 12:35:50][2548][INFO]service start running: service <C_RTime>, exitcode <0>
[2016-11-22 12:35:55][2548][INFO]service start running: service <C_Task>, exitcode <0>
[2016-11-23 12:10:34][2492][INFO]service start running: service <C_Media>, exitcode <0>
[2016-11-23 12:10:34][2492][INFO]service start running: service <C_Proxy>, exitcode <0>
[2016-11-23 12:10:34][2492][INFO]service start running: service <C_RTime>, exitcode <0>
[2016-11-23 12:10:39][2492][INFO]service start running: service <C_Task>, exitcode <0>
[2016-11-24 12:05:50][2872][INFO]service start running: service <C_Media>, exitcode <0>
[2016-11-24 12:05:50][2872][INFO]service start running: service <C_Proxy>, exitcode <0>
[2016-11-24 12:05:50][2872][INFO]service start running: service <C_RTime>, exitcode <0>
[2016-11-24 12:05:55][2872][INFO]service start running: service <C_Task>, exitcode <0>
[2016-11-25 12:22:31][2848][INFO]service start running: service <C_Media>, exitcode <0>
[2016-11-25 12:22:31][2848][INFO]service start running: service <C_Proxy>, exitcode <0>
[2016-11-25 12:22:31][2848][INFO]service start running: service <C_RTime>, exitcode <0>
[2016-11-25 12:22:36][2848][INFO]service start running: service <C_Task>, exitcode <0>
[2016-11-26 09:55:02][2724][INFO]service start running: service <C_Media>, exitcode <0>
[2016-11-26 09:55:02][2724][INFO]service start running: service <C_Proxy>, exitcode <0>
[2016-11-26 09:55:02][2724][INFO]service start running: service <C_RTime>, exitcode <0>
[2016-11-26 09:55:07][2724][INFO]service start running: service <C_Task>, exitcode <0>
[2016-11-26 12:39:25][2720][INFO]service start running: service <C_Media>, exitcode <0>
[2016-11-26 12:39:25][2720][INFO]service start running: service <C_Proxy>, exitcode <0>
[2016-11-26 12:39:25][2720][INFO]service start running: service <C_RTime>, exitcode <0>
[2016-11-26 12:39:30][2720][INFO]service start running: service <C_Task>, exitcode <0>
[2016-11-27 09:45:23][2852][INFO]service start running: service <C_Media>, exitcode <0>
[2016-11-27 09:45:23][2852][INFO]service start running: service <C_Proxy>, exitcode <0>
[2016-11-27 09:45:23][2852][INFO]service start running: service <C_RTime>, exitcode <0>
[2016-11-27 09:45:28][2852][INFO]service start running: service <C_Task>, exitcode <0>
[2016-11-28 12:06:08][2876][INFO]service start running: service <C_Media>, exitcode <0>
[2016-11-28 12:06:08][2876][INFO]service start running: service <C_Proxy>, exitcode <0>
[2016-11-28 12:06:08][2876][INFO]service start running: service <C_RTime>, exitcode <0>
[2016-11-28 12:06:13][2876][INFO]service start running: service <C_Task>, exitcode <0>
[2016-11-28 12:20:26][3280][INFO]service start running: service <C_Media>, exitcode <0>
[2016-11-28 12:20:26][3280][INFO]service start running: service <C_Proxy>, exitcode <0>
[2016-11-28 12:20:26][3280][INFO]service start running: service <C_RTime>, exitcode <0>
[2016-11-28 12:20:31][3280][INFO]service start running: service <C_Task>, exitcode <0>
[2016-11-29 16:49:53][2940][INFO]service start running: service <C_Media>, exitcode <0>
[2016-11-29 16:49:53][2940][INFO]service start running: service <C_Proxy>, exitcode <0>
[2016-11-29 16:49:53][2940][INFO]service start running: service <C_RTime>, exitcode <0>
[2016-11-29 16:49:58][2940][INFO]service start running: service <C_Task>, exitcode <0>
[2016-11-30 12:05:02][2516][INFO]service start running: service <C_Media>, exitcode <0>
[2016-11-30 12:05:02][2516][INFO]service start running: service <C_Proxy>, exitcode <0>
[2016-11-30 12:05:02][2516][INFO]service start running: service <C_RTime>, exitcode <0>
[2016-11-30 12:05:07][2516][INFO]service start running: service <C_Task>, exitcode <0>
[2016-12-01 12:28:39][2900][INFO]service start running: service <C_Media>, exitcode <0>
[2016-12-01 12:28:39][2900][INFO]service start running: service <C_Proxy>, exitcode <0>
[2016-12-01 12:28:39][2900][INFO]service start running: service <C_RTime>, exitcode <0>
[2016-12-01 12:28:44][2900][INFO]service start running: service <C_Task>, exitcode <0>
[2016-12-05 12:26:13][2112][INFO]service start running: service <C_Media>, exitcode <0>
[2016-12-05 12:26:13][2112][INFO]service start running: service <C_Proxy>, exitcode <0>
[2016-12-05 12:26:13][2112][INFO]service start running: service <C_RTime>, exitcode <0>
[2016-12-05 12:26:18][2112][INFO]service start running: service <C_Task>, exitcode <0>
[2016-12-05 21:36:25][2164][INFO]service start running: service <C_Media>, exitcode <0>
[2016-12-05 21:36:25][2164][INFO]service start running: service <C_Proxy>, exitcode <0>
[2016-12-05 21:36:25][2164][INFO]service start running: service <C_RTime>, exitcode <0>
[2016-12-05 21:36:30][2164][INFO]service start running: service <C_Task>, exitcode <0>
[2016-12-09 12:29:37][2160][INFO]service start running: service <C_Media>, exitcode <0>
[2016-12-09 12:29:37][2160][INFO]service start running: service <C_Proxy>, exitcode <0>
[2016-12-09 12:29:37][2160][INFO]service start running: service <C_RTime>, exitcode <0>
[2016-12-09 12:29:37][2160][INFO]service start running: service <C_Task>, exitcode <0>
[2016-12-10 15:52:01][2928][INFO]service start running: service <C_Media>, exitcode <0>
[2016-12-10 15:52:01][2928][INFO]service start running: service <C_Proxy>, exitcode <0>
[2016-12-10 15:52:01][2928][INFO]service start running: service <C_RTime>, exitcode <0>
[2016-12-10 15:52:06][2928][INFO]service start running: service <C_Task>, exitcode <0>
[2016-12-11 12:28:42][3276][INFO]service start running: service <C_Media>, exitcode <0>
[2016-12-11 12:28:42][3276][INFO]service start running: service <C_Proxy>, exitcode <0>
[2016-12-11 12:28:42][3276][INFO]service start running: service <C_RTime>, exitcode <0>
[2016-12-11 12:28:47][3276][INFO]service start running: service <C_Task>, exitcode <0>
[2016-12-12 12:04:09][2452][INFO]service start running: service <C_Media>, exitcode <0>
[2016-12-12 12:04:09][2452][INFO]service start running: service <C_Proxy>, exitcode <0>
[2016-12-12 12:04:09][2452][INFO]service start running: service <C_RTime>, exitcode <0>
[2016-12-12 12:04:14][2452][INFO]service start running: service <C_Task>, exitcode <0>
[2016-12-13 12:36:56][2360][INFO]service start running: service <C_Media>, exitcode <0>
[2016-12-13 12:36:56][2360][INFO]service start running: service <C_Proxy>, exitcode <0>
[2016-12-13 12:36:56][2360][INFO]service start running: service <C_RTime>, exitcode <0>
[2016-12-13 12:37:01][2360][INFO]service start running: service <C_Task>, exitcode <0>
[2016-12-14 12:25:34][2480][INFO]service start running: service <C_Media>, exitcode <0>
[2016-12-14 12:25:34][2480][INFO]service start running: service <C_Proxy>, exitcode <0>
[2016-12-14 12:25:34][2480][INFO]service start running: service <C_RTime>, exitcode <0>
[2016-12-14 12:25:39][2480][INFO]service start running: service <C_Task>, exitcode <0>
[2016-12-14 21:44:57][2468][INFO]service start running: service <C_Media>, exitcode <0>
[2016-12-14 21:44:57][2468][INFO]service start running: service <C_Proxy>, exitcode <0>
[2016-12-14 21:44:57][2468][INFO]service start running: service <C_RTime>, exitcode <0>
[2016-12-14 21:45:02][2468][INFO]service start running: service <C_Task>, exitcode <0>
[2016-12-15 09:59:39][3008][INFO]service start running: service <C_Media>, exitcode <0>
[2016-12-15 09:59:39][3008][INFO]service start running: service <C_Proxy>, exitcode <0>
[2016-12-15 09:59:39][3008][INFO]service start running: service <C_RTime>, exitcode <0>
[2016-12-15 09:59:44][3008][INFO]service start running: service <C_Task>, exitcode <0>
[2016-12-15 16:10:50][2488][INFO]service start running: service <C_Media>, exitcode <0>
[2016-12-15 16:10:50][2488][INFO]service start running: service <C_Proxy>, exitcode <0>
[2016-12-15 16:10:50][2488][INFO]service start running: service <C_RTime>, exitcode <0>
[2016-12-15 16:10:55][2488][INFO]service start running: service <C_Task>, exitcode <0>
[2016-12-19 12:05:13][2540][INFO]service start running: service <C_Media>, exitcode <0>
[2016-12-19 12:05:13][2540][INFO]service start running: service <C_Proxy>, exitcode <0>
[2016-12-19 12:05:13][2540][INFO]service start running: service <C_RTime>, exitcode <0>
[2016-12-19 12:05:18][2540][INFO]service start running: service <C_Task>, exitcode <0>
[2016-12-19 12:10:55][4592][INFO]service start running: service <C_Media>, exitcode <0>
[2016-12-19 12:10:55][4592][INFO]service start running: service <C_Proxy>, exitcode <0>
[2016-12-19 12:10:55][4592][INFO]service start running: service <C_RTime>, exitcode <0>
[2016-12-19 12:11:00][4592][INFO]service start running: service <C_Task>, exitcode <0>
[2016-12-20 12:32:31][2544][INFO]service start running: service <C_Media>, exitcode <0>
[2016-12-20 12:32:31][2544][INFO]service start running: service <C_Proxy>, exitcode <0>
[2016-12-20 12:32:31][2544][INFO]service start running: service <C_RTime>, exitcode <0>
[2016-12-20 12:32:36][2544][INFO]service start running: service <C_Task>, exitcode <0>
[2016-12-21 09:58:29][2540][INFO]service start running: service <C_Media>, exitcode <0>
[2016-12-21 09:58:29][2540][INFO]service start running: service <C_Proxy>, exitcode <0>
[2016-12-21 09:58:29][2540][INFO]service start running: service <C_RTime>, exitcode <0>
[2016-12-21 09:58:34][2540][INFO]service start running: service <C_Task>, exitcode <0>
[2016-12-21 12:37:52][2636][INFO]service start running: service <C_Media>, exitcode <0>
[2016-12-21 12:37:52][2636][INFO]service start running: service <C_Proxy>, exitcode <0>
[2016-12-21 12:37:52][2636][INFO]service start running: service <C_RTime>, exitcode <0>
[2016-12-21 12:37:57][2636][INFO]service start running: service <C_Task>, exitcode <0>
[2016-12-22 12:04:44][2512][INFO]service start running: service <C_Media>, exitcode <0>
[2016-12-22 12:04:44][2512][INFO]service start running: service <C_Proxy>, exitcode <0>
[2016-12-22 12:04:44][2512][INFO]service start running: service <C_RTime>, exitcode <0>
[2016-12-22 12:04:49][2512][INFO]service start running: service <C_Task>, exitcode <0>
[2016-12-23 12:15:44][2564][INFO]service start running: service <C_Media>, exitcode <0>
[2016-12-23 12:15:44][2564][INFO]service start running: service <C_Proxy>, exitcode <0>
[2016-12-23 12:15:44][2564][INFO]service start running: service <C_RTime>, exitcode <0>
[2016-12-23 12:15:49][2564][INFO]service start running: service <C_Task>, exitcode <0>
[2016-12-24 16:39:48][2604][INFO]service start running: service <C_Media>, exitcode <0>
[2016-12-24 16:39:48][2604][INFO]service start running: service <C_Proxy>, exitcode <0>
[2016-12-24 16:39:48][2604][INFO]service start running: service <C_RTime>, exitcode <0>
[2016-12-24 16:39:53][2604][INFO]service start running: service <C_Task>, exitcode <0>
[2016-12-25 12:24:13][2524][INFO]service start running: service <C_Media>, exitcode <0>
[2016-12-25 12:24:13][2524][INFO]service start running: service <C_Proxy>, exitcode <0>
[2016-12-25 12:24:13][2524][INFO]service start running: service <C_RTime>, exitcode <0>
[2016-12-25 12:24:18][2524][INFO]service start running: service <C_Task>, exitcode <0>
[2016-12-26 09:49:45][2556][INFO]service start running: service <C_Media>, exitcode <0>
[2016-12-26 09:49:45][2556][INFO]service start running: service <C_Proxy>, exitcode <0>
[2016-12-26 09:49:45][2556][INFO]service start running: service <C_RTime>, exitcode <0>
[2016-12-26 09:49:50][2556][INFO]service start running: service <C_Task>, exitcode <0>
[2016-12-27 16:46:06][2512][INFO]service start running: service <C_Media>, exitcode <0>
[2016-12-27 16:46:06][2512][INFO]service start running: service <C_Proxy>, exitcode <0>
[2016-12-27 16:46:06][2512][INFO]service start running: service <C_RTime>, exitcode <0>
[2016-12-27 16:46:11][2512][INFO]service start running: service <C_Task>, exitcode <0>
[2016-12-28 12:04:23][2572][INFO]service start running: service <C_Media>, exitcode <0>
[2016-12-28 12:04:23][2572][INFO]service start running: service <C_Proxy>, exitcode <0>
[2016-12-28 12:04:23][2572][INFO]service start running: service <C_RTime>, exitcode <0>
[2016-12-28 12:04:28][2572][INFO]service start running: service <C_Task>, exitcode <0>
[2016-12-29 10:49:14][2536][INFO]service start running: service <C_Media>, exitcode <0>
[2016-12-29 10:49:14][2536][INFO]service start running: service <C_Proxy>, exitcode <0>
[2016-12-29 10:49:14][2536][INFO]service start running: service <C_RTime>, exitcode <0>
[2016-12-29 10:49:19][2536][INFO]service start running: service <C_Task>, exitcode <0>
[2017-01-04 15:50:05][2704][INFO]service start running: service <C_Media>, exitcode <0>
[2017-01-04 15:50:05][2704][INFO]service start running: service <C_Proxy>, exitcode <0>
[2017-01-04 15:50:05][2704][INFO]service start running: service <C_RTime>, exitcode <0>
[2017-01-04 15:50:10][2704][INFO]service start running: service <C_Task>, exitcode <0>
[2017-01-05 12:17:52][2472][INFO]service start running: service <C_Media>, exitcode <0>
[2017-01-05 12:17:52][2472][INFO]service start running: service <C_Proxy>, exitcode <0>
[2017-01-05 12:17:52][2472][INFO]service start running: service <C_RTime>, exitcode <0>
[2017-01-05 12:17:57][2472][INFO]service start running: service <C_Task>, exitcode <0>
[2017-01-05 12:18:17][2472][INFO]service stopped: service <C_Proxy>, exitcode <1>
[2017-01-05 12:18:17][2472][INFO]rise service: service <C_Proxy>, exitcode <1>
[2017-01-05 12:18:22][2472][INFO]service start running: service <C_Proxy>, exitcode <0>
[2017-02-13 12:22:46][5912][INFO]service start running: service <C_Media>, exitcode <0>
[2017-02-13 12:22:46][5912][INFO]service start running: service <C_Proxy>, exitcode <0>
[2017-02-13 12:22:46][5912][INFO]service start running: service <C_RTime>, exitcode <0>
[2017-02-13 12:22:51][5912][INFO]service start running: service <C_Task>, exitcode <0>
[2017-02-14 12:27:44][2508][INFO]service start running: service <C_Media>, exitcode <0>
[2017-02-14 12:27:44][2508][INFO]service start running: service <C_Proxy>, exitcode <0>
[2017-02-14 12:27:44][2508][INFO]service start running: service <C_RTime>, exitcode <0>
[2017-02-14 12:27:49][2508][INFO]service start running: service <C_Task>, exitcode <0>
[2017-02-15 12:04:06][2792][INFO]service start running: service <C_Media>, exitcode <0>
[2017-02-15 12:04:06][2792][INFO]service start running: service <C_Proxy>, exitcode <0>
[2017-02-15 12:04:06][2792][INFO]service start running: service <C_RTime>, exitcode <0>
[2017-02-15 12:04:11][2792][INFO]service start running: service <C_Task>, exitcode <0>
[2017-02-16 12:23:50][2664][INFO]service start running: service <C_Media>, exitcode <0>
[2017-02-16 12:23:50][2664][INFO]service start running: service <C_Proxy>, exitcode <0>
[2017-02-16 12:23:50][2664][INFO]service start running: service <C_RTime>, exitcode <0>
[2017-02-16 12:23:55][2664][INFO]service start running: service <C_Task>, exitcode <0>
[2017-02-17 10:20:23][2704][INFO]service start running: service <C_Media>, exitcode <0>
[2017-02-17 10:20:23][2704][INFO]service start running: service <C_Proxy>, exitcode <0>
[2017-02-17 10:20:23][2704][INFO]service start running: service <C_RTime>, exitcode <0>
[2017-02-17 10:20:28][2704][INFO]service start running: service <C_Task>, exitcode <0>
[2017-02-21 17:09:27][3044][INFO]service start running: service <C_Media>, exitcode <0>
[2017-02-21 17:09:27][3044][INFO]service start running: service <C_Proxy>, exitcode <0>
[2017-02-21 17:09:27][3044][INFO]service start running: service <C_RTime>, exitcode <0>
[2017-02-21 17:09:32][3044][INFO]service start running: service <C_Task>, exitcode <0>
[2017-02-22 12:27:50][2980][INFO]service start running: service <C_Media>, exitcode <0>
[2017-02-22 12:27:50][2980][INFO]service start running: service <C_Proxy>, exitcode <0>
[2017-02-22 12:27:50][2980][INFO]service start running: service <C_RTime>, exitcode <0>
[2017-02-22 12:27:55][2980][INFO]service start running: service <C_Task>, exitcode <0>
[2017-02-23 12:23:00][2712][INFO]service start running: service <C_Media>, exitcode <0>
[2017-02-23 12:23:00][2712][INFO]service start running: service <C_Proxy>, exitcode <0>
[2017-02-23 12:23:00][2712][INFO]service start running: service <C_RTime>, exitcode <0>
[2017-02-23 12:23:05][2712][INFO]service start running: service <C_Task>, exitcode <0>
[2017-02-23 16:09:09][2680][INFO]service start running: service <C_Media>, exitcode <0>
[2017-02-23 16:09:09][2680][INFO]service start running: service <C_Proxy>, exitcode <0>
[2017-02-23 16:09:09][2680][INFO]service start running: service <C_RTime>, exitcode <0>
[2017-02-23 16:09:14][2680][INFO]service start running: service <C_Task>, exitcode <0>
[2017-02-23 17:00:57][3204][INFO]service start running: service <C_Media>, exitcode <0>
[2017-02-23 17:00:57][3204][INFO]service start running: service <C_Proxy>, exitcode <0>
[2017-02-23 17:00:57][3204][INFO]service start running: service <C_RTime>, exitcode <0>
[2017-02-23 17:01:02][3204][INFO]service start running: service <C_Task>, exitcode <0>
[2017-02-23 17:10:10][3104][INFO]service start running: service <C_Media>, exitcode <0>
[2017-02-23 17:10:10][3104][INFO]service start running: service <C_Proxy>, exitcode <0>
[2017-02-23 17:10:10][3104][INFO]service start running: service <C_RTime>, exitcode <0>
[2017-02-23 17:10:15][3104][INFO]service start running: service <C_Task>, exitcode <0>
[2017-02-24 12:28:47][2868][INFO]service start running: service <C_Media>, exitcode <0>
[2017-02-24 12:28:47][2868][INFO]service start running: service <C_Proxy>, exitcode <0>
[2017-02-24 12:28:47][2868][INFO]service start running: service <C_RTime>, exitcode <0>
[2017-02-24 12:28:52][2868][INFO]service start running: service <C_Task>, exitcode <0>
[2017-02-25 12:10:29][2828][INFO]service start running: service <C_Media>, exitcode <0>
[2017-02-25 12:10:29][2828][INFO]service start running: service <C_Proxy>, exitcode <0>
[2017-02-25 12:10:29][2828][INFO]service start running: service <C_RTime>, exitcode <0>
[2017-02-25 12:10:34][2828][INFO]service start running: service <C_Task>, exitcode <0>
[2017-02-27 12:06:14][2732][INFO]service start running: service <C_Media>, exitcode <0>
[2017-02-27 12:06:14][2732][INFO]service start running: service <C_Proxy>, exitcode <0>
[2017-02-27 12:06:14][2732][INFO]service start running: service <C_RTime>, exitcode <0>
[2017-02-27 12:06:19][2732][INFO]service start running: service <C_Task>, exitcode <0>
[2017-02-28 16:42:51][2756][INFO]service start running: service <C_Media>, exitcode <0>
[2017-02-28 16:42:51][2756][INFO]service start running: service <C_Proxy>, exitcode <0>
[2017-02-28 16:42:51][2756][INFO]service start running: service <C_RTime>, exitcode <0>
[2017-02-28 16:42:56][2756][INFO]service start running: service <C_Task>, exitcode <0>
[2017-03-01 15:47:07][2748][INFO]service start running: service <C_Media>, exitcode <0>
[2017-03-01 15:47:07][2748][INFO]service start running: service <C_Proxy>, exitcode <0>
[2017-03-01 15:47:07][2748][INFO]service start running: service <C_RTime>, exitcode <0>
[2017-03-01 15:47:12][2748][INFO]service start running: service <C_Task>, exitcode <0>
[2017-03-02 12:32:02][2880][INFO]service start running: service <C_Media>, exitcode <0>
[2017-03-02 12:32:02][2880][INFO]service start running: service <C_Proxy>, exitcode <0>
[2017-03-02 12:32:02][2880][INFO]service start running: service <C_RTime>, exitcode <0>
[2017-03-02 12:32:07][2880][INFO]service start running: service <C_Task>, exitcode <0>
[2017-03-06 12:11:05][2872][INFO]service start running: service <C_Media>, exitcode <0>
[2017-03-06 12:11:05][2872][INFO]service start running: service <C_Proxy>, exitcode <0>
[2017-03-06 12:11:05][2872][INFO]service start running: service <C_RTime>, exitcode <0>
[2017-03-06 12:11:10][2872][INFO]service start running: service <C_Task>, exitcode <0>
[2017-03-07 16:46:58][2824][INFO]service start running: service <C_Media>, exitcode <0>
[2017-03-07 16:46:58][2824][INFO]service start running: service <C_Proxy>, exitcode <0>
[2017-03-07 16:46:58][2824][INFO]service start running: service <C_RTime>, exitcode <0>
[2017-03-07 16:47:03][2824][INFO]service start running: service <C_Task>, exitcode <0>
[2017-03-08 12:15:54][2816][INFO]service start running: service <C_Media>, exitcode <0>
[2017-03-08 12:15:54][2816][INFO]service start running: service <C_Proxy>, exitcode <0>
[2017-03-08 12:15:54][2816][INFO]service start running: service <C_RTime>, exitcode <0>
[2017-03-08 12:17:17][2668][INFO]service start running: service <C_Media>, exitcode <0>
[2017-03-08 12:17:17][2668][INFO]service start running: service <C_Proxy>, exitcode <0>
[2017-03-08 12:17:17][2668][INFO]service start running: service <C_RTime>, exitcode <0>
[2017-03-08 12:17:22][2668][INFO]service start running: service <C_Task>, exitcode <0>
[2017-03-09 12:22:59][2716][INFO]service start running: service <C_Media>, exitcode <0>
[2017-03-09 12:22:59][2716][INFO]service start running: service <C_Proxy>, exitcode <0>
[2017-03-09 12:22:59][2716][INFO]service start running: service <C_RTime>, exitcode <0>
[2017-03-09 12:23:04][2716][INFO]service start running: service <C_Task>, exitcode <0>
[2017-03-13 12:06:28][2740][INFO]service start running: service <C_Media>, exitcode <0>
[2017-03-13 12:06:28][2740][INFO]service start running: service <C_Proxy>, exitcode <0>
[2017-03-13 12:06:28][2740][INFO]service start running: service <C_RTime>, exitcode <0>
[2017-03-13 12:06:33][2740][INFO]service start running: service <C_Task>, exitcode <0>
[2017-03-20 12:05:07][3224][INFO]service start running: service <C_Media>, exitcode <0>
[2017-03-20 12:05:07][3224][INFO]service start running: service <C_Proxy>, exitcode <0>
[2017-03-20 12:05:07][3224][INFO]service start running: service <C_RTime>, exitcode <0>
[2017-03-20 12:05:12][3224][INFO]service start running: service <C_Task>, exitcode <0>
[2017-03-21 10:55:12][2872][INFO]service start running: service <C_Media>, exitcode <0>
[2017-03-21 10:55:12][2872][INFO]service start running: service <C_Proxy>, exitcode <0>
[2017-03-21 10:55:12][2872][INFO]service start running: service <C_RTime>, exitcode <0>
[2017-03-21 10:55:17][2872][INFO]service start running: service <C_Task>, exitcode <0>
[2017-03-22 12:05:06][3264][INFO]service start running: service <C_Media>, exitcode <0>
[2017-03-22 12:05:06][3264][INFO]service start running: service <C_Proxy>, exitcode <0>
[2017-03-22 12:05:06][3264][INFO]service start running: service <C_RTime>, exitcode <0>
[2017-03-22 12:05:11][3264][INFO]service start running: service <C_Task>, exitcode <0>
[2017-03-23 12:05:55][2876][INFO]service start running: service <C_Media>, exitcode <0>
[2017-03-23 12:05:55][2876][INFO]service start running: service <C_Proxy>, exitcode <0>
[2017-03-23 12:05:55][2876][INFO]service start running: service <C_RTime>, exitcode <0>
[2017-03-23 12:06:00][2876][INFO]service start running: service <C_Task>, exitcode <0>
[2017-03-24 13:28:35][2844][INFO]service start running: service <C_Media>, exitcode <0>
[2017-03-24 13:28:35][2844][INFO]service start running: service <C_Proxy>, exitcode <0>
[2017-03-24 13:28:35][2844][INFO]service start running: service <C_RTime>, exitcode <0>
[2017-03-24 13:28:40][2844][INFO]service start running: service <C_Task>, exitcode <0>
[2017-03-25 12:47:43][2972][INFO]service start running: service <C_Media>, exitcode <0>
[2017-03-25 12:47:43][2972][INFO]service start running: service <C_Proxy>, exitcode <0>
[2017-03-25 12:47:43][2972][INFO]service start running: service <C_RTime>, exitcode <0>
[2017-03-25 12:47:48][2972][INFO]service start running: service <C_Task>, exitcode <0>
[2017-03-27 12:32:11][4356][INFO]service start running: service <C_Media>, exitcode <0>
[2017-03-27 12:32:11][4356][INFO]service start running: service <C_Proxy>, exitcode <0>
[2017-03-27 12:32:11][4356][INFO]service start running: service <C_RTime>, exitcode <0>
[2017-03-27 12:32:16][4356][INFO]service start running: service <C_Task>, exitcode <0>
[2017-03-28 16:50:11][3020][INFO]service start running: service <C_Media>, exitcode <0>
[2017-03-28 16:50:11][3020][INFO]service start running: service <C_Proxy>, exitcode <0>
[2017-03-28 16:50:11][3020][INFO]service start running: service <C_RTime>, exitcode <0>
[2017-03-28 16:50:16][3020][INFO]service start running: service <C_Task>, exitcode <0>
[2017-03-29 12:35:09][2928][INFO]service start running: service <C_Media>, exitcode <0>
[2017-03-29 12:35:09][2928][INFO]service start running: service <C_Proxy>, exitcode <0>
[2017-03-29 12:35:09][2928][INFO]service start running: service <C_RTime>, exitcode <0>
[2017-03-29 12:35:14][2928][INFO]service start running: service <C_Task>, exitcode <0>
[2017-03-30 12:18:49][2940][INFO]service start running: service <C_Media>, exitcode <0>
[2017-03-30 12:18:49][2940][INFO]service start running: service <C_Proxy>, exitcode <0>
[2017-03-30 12:18:49][2940][INFO]service start running: service <C_RTime>, exitcode <0>
[2017-03-30 12:18:54][2940][INFO]service start running: service <C_Task>, exitcode <0>
[2017-03-31 12:27:51][3000][INFO]service start running: service <C_Media>, exitcode <0>
[2017-03-31 12:27:51][3000][INFO]service start running: service <C_Proxy>, exitcode <0>
[2017-03-31 12:27:51][3000][INFO]service start running: service <C_RTime>, exitcode <0>
[2017-03-31 12:27:56][3000][INFO]service start running: service <C_Task>, exitcode <0>
[2017-04-05 15:46:18][2984][INFO]service start running: service <C_Media>, exitcode <0>
[2017-04-05 15:46:18][2984][INFO]service start running: service <C_Proxy>, exitcode <0>
[2017-04-05 15:46:18][2984][INFO]service start running: service <C_RTime>, exitcode <0>
[2017-04-05 15:46:23][2984][INFO]service start running: service <C_Task>, exitcode <0>
[2017-04-06 12:24:39][2852][INFO]service start running: service <C_Media>, exitcode <0>
[2017-04-06 12:24:39][2852][INFO]service start running: service <C_Proxy>, exitcode <0>
[2017-04-06 12:24:39][2852][INFO]service start running: service <C_RTime>, exitcode <0>
[2017-04-06 12:24:44][2852][INFO]service start running: service <C_Task>, exitcode <0>
[2017-04-07 13:26:33][3164][INFO]service start running: service <C_Media>, exitcode <0>
[2017-04-07 13:26:33][3164][INFO]service start running: service <C_Proxy>, exitcode <0>
[2017-04-07 13:26:33][3164][INFO]service start running: service <C_RTime>, exitcode <0>
[2017-04-07 13:26:38][3164][INFO]service start running: service <C_Task>, exitcode <0>
[2017-04-08 12:25:26][3068][INFO]service start running: service <C_Media>, exitcode <0>
[2017-04-08 12:25:26][3068][INFO]service start running: service <C_Proxy>, exitcode <0>
[2017-04-08 12:25:26][3068][INFO]service start running: service <C_RTime>, exitcode <0>
[2017-04-08 12:25:31][3068][INFO]service start running: service <C_Task>, exitcode <0>
[2017-04-09 15:55:24][2852][INFO]service start running: service <C_Media>, exitcode <0>
[2017-04-09 15:55:24][2852][INFO]service start running: service <C_Proxy>, exitcode <0>
[2017-04-09 15:55:24][2852][INFO]service start running: service <C_RTime>, exitcode <0>
[2017-04-09 15:55:29][2852][INFO]service start running: service <C_Task>, exitcode <0>
[2017-04-10 12:37:41][4772][INFO]service start running: service <C_Media>, exitcode <0>
[2017-04-10 12:37:41][4772][INFO]service start running: service <C_Proxy>, exitcode <0>
[2017-04-10 12:37:41][4772][INFO]service start running: service <C_RTime>, exitcode <0>
[2017-04-10 12:37:46][4772][INFO]service start running: service <C_Task>, exitcode <0>
[2017-04-11 12:27:01][4184][INFO]service start running: service <C_Media>, exitcode <0>
[2017-04-11 12:27:02][4184][INFO]service start running: service <C_Proxy>, exitcode <0>
[2017-04-11 12:27:02][4184][INFO]service start running: service <C_RTime>, exitcode <0>
[2017-04-11 12:27:07][4184][INFO]service start running: service <C_Task>, exitcode <0>
[2017-04-12 12:06:08][5084][INFO]service start running: service <C_Media>, exitcode <0>
[2017-04-12 12:06:08][5084][INFO]service start running: service <C_Proxy>, exitcode <0>
[2017-04-12 12:06:08][5084][INFO]service start running: service <C_RTime>, exitcode <0>
[2017-04-12 12:06:13][5084][INFO]service start running: service <C_Task>, exitcode <0>
[2017-04-13 12:18:10][3344][INFO]service start running: service <C_Media>, exitcode <0>
[2017-04-13 12:18:10][3344][INFO]service start running: service <C_Proxy>, exitcode <0>
[2017-04-13 12:18:10][3344][INFO]service start running: service <C_RTime>, exitcode <0>
[2017-04-13 12:18:15][3344][INFO]service start running: service <C_Task>, exitcode <0>
[2017-04-14 15:46:33][2612][INFO]service start running: service <C_Media>, exitcode <0>
[2017-04-14 15:46:33][2612][INFO]service start running: service <C_Proxy>, exitcode <0>
[2017-04-14 15:46:33][2612][INFO]service start running: service <C_RTime>, exitcode <0>
[2017-04-14 15:46:38][2612][INFO]service start running: service <C_Task>, exitcode <0>
[2017-04-18 12:24:44][3048][INFO]service start running: service <C_Media>, exitcode <0>
[2017-04-18 12:24:44][3048][INFO]service start running: service <C_Proxy>, exitcode <0>
[2017-04-18 12:24:44][3048][INFO]service start running: service <C_RTime>, exitcode <0>
[2017-04-18 12:24:49][3048][INFO]service start running: service <C_Task>, exitcode <0>
[2017-04-19 12:20:10][3960][INFO]service start running: service <C_Media>, exitcode <0>
[2017-04-19 12:20:10][3960][INFO]service start running: service <C_Proxy>, exitcode <0>
[2017-04-19 12:20:10][3960][INFO]service start running: service <C_RTime>, exitcode <0>
[2017-04-19 12:20:15][3960][INFO]service start running: service <C_Task>, exitcode <0>
[2017-04-22 12:22:14][2956][INFO]service start running: service <C_Media>, exitcode <0>
[2017-04-22 12:22:14][2956][INFO]service start running: service <C_Proxy>, exitcode <0>
[2017-04-22 12:22:14][2956][INFO]service start running: service <C_RTime>, exitcode <0>
[2017-04-22 12:22:19][2956][INFO]service start running: service <C_Task>, exitcode <0>
[2017-04-22 17:54:28][2756][INFO]service start running: service <C_Media>, exitcode <0>
[2017-04-22 17:54:28][2756][INFO]service start running: service <C_Proxy>, exitcode <0>
[2017-04-22 17:54:28][2756][INFO]service start running: service <C_RTime>, exitcode <0>
[2017-04-22 17:54:33][2756][INFO]service start running: service <C_Task>, exitcode <0>
[2017-04-23 13:17:25][3080][INFO]service start running: service <C_Media>, exitcode <0>
[2017-04-23 13:17:25][3080][INFO]service start running: service <C_Proxy>, exitcode <0>
[2017-04-23 13:17:25][3080][INFO]service start running: service <C_RTime>, exitcode <0>
[2017-04-23 13:17:30][3080][INFO]service start running: service <C_Task>, exitcode <0>
[2017-04-24 12:25:47][3304][INFO]service start running: service <C_Media>, exitcode <0>
[2017-04-24 12:25:47][3304][INFO]service start running: service <C_Proxy>, exitcode <0>
[2017-04-24 12:25:47][3304][INFO]service start running: service <C_RTime>, exitcode <0>
[2017-04-24 12:25:52][3304][INFO]service start running: service <C_Task>, exitcode <0>
[2017-04-25 12:28:49][2908][INFO]service start running: service <C_Media>, exitcode <0>
[2017-04-25 12:28:49][2908][INFO]service start running: service <C_Proxy>, exitcode <0>
[2017-04-25 12:28:49][2908][INFO]service start running: service <C_RTime>, exitcode <0>
[2017-04-25 12:28:54][2908][INFO]service start running: service <C_Task>, exitcode <0>
[2017-04-26 12:27:03][3300][INFO]service start running: service <C_Media>, exitcode <0>
[2017-04-26 12:27:03][3300][INFO]service start running: service <C_Proxy>, exitcode <0>
[2017-04-26 12:27:03][3300][INFO]service start running: service <C_RTime>, exitcode <0>
[2017-04-26 12:27:08][3300][INFO]service start running: service <C_Task>, exitcode <0>
